21 7 0.109196
21 0 0.156519
21 3 0.146234
21 2 0.166236
21 1 0.169758
21 10 0.096724
21 4 0.176476
21 8 0.175278
21 5 0.181825
21 6 0.207087
21 9 0.214809
21 12 0.111990
21 14 0.089601
21 11 0.139341
21 15 0.109992
21 19 0.101405
21 18 0.117811
21 13 0.156633
21 20 0.149155
21 17 0.161572
21 32 0.146787
21 16 0.175116
21 22 0.171475
21 21 0.172941
21 27 0.168679
21 31 0.171110
21 33 0.171669
21 36 0.186964
21 30 0.199874
21 24 0.220014
21 29 0.216538
21 28 0.249185
21 25 0.260157
21 62 0.250774
21 66 0.250973
21 35 0.342606
21 26 0.352681
21 53 0.309550
21 52 0.313210
21 38 0.351846
21 68 0.293384
21 41 0.336288
21 59 0.305836
21 69 0.293897
21 57 0.308957
21 61 0.304714
21 45 0.325583
21 40 0.344708
21 50 0.321881
21 48 0.323516
21 75 0.291330
21 51 0.321514
21 74 0.292608
21 71 0.295816
21 55 0.318722
21 43 0.337628
21 77 0.292195
21 82 0.286965
21 78 0.293719
21 76 0.296751
21 70 0.302606
21 73 0.300103
21 49 0.331049
21 37 0.366201
21 42 0.348890
21 44 0.338870
21 23 0.393932
21 39 0.361818
21 56 0.322884
21 67 0.311395
21 80 0.296628
21 47 0.335381
21 46 0.337021
21 63 0.315827
21 34 0.381859
21 58 0.322742
21 72 0.306689
21 81 0.298413
21 60 0.323687
21 54 0.333814
21 79 0.307956
21 65 0.324856
21 64 0.328929
22 0 0.098154
22 2 0.167807
22 1 0.171084
22 4 0.179492
22 3 0.180987
22 7 0.197042
22 5 0.221930
22 6 0.224695
22 8 0.236248
22 27 0.248612
22 23 0.252621
22 15 0.285963
22 25 0.276377
22 13 0.290426
22 12 0.322953
22 16 0.331673
22 9 0.377235
22 32 0.352831
22 10 0.382466
22 31 0.360598
22 19 0.376237
22 24 0.378061
22 17 0.387280
22 70 0.332048
22 62 0.341534
22 57 0.348976
22 44 0.377867
22 11 0.434726
22 30 0.415715
22 14 0.435182
22 42 0.404086
22 52 0.395296
22 80 0.365366
22 63 0.384789
22 76 0.369176
22 69 0.380000
22 40 0.410405
22 78 0.372432
22 22 0.433542
22 26 0.430517
22 36 0.419268
22 51 0.404503
22 82 0.369280
22 20 0.439394
22 35 0.422540
22 66 0.390529
22 55 0.402699
22 29 0.431011
22 72 0.385801
22 74 0.384315
22 43 0.416787
22 64 0.396659
22 28 0.435676
22 38 0.424412
22 47 0.414752
22 53 0.409861
22 41 0.420842
22 33 0.430302
22 60 0.404087
22 77 0.384920
22 75 0.388726
22 49 0.416760
22 71 0.394562
22 59 0.407407
22 48 0.418072
22 65 0.401179
22 50 0.416734
22 18 0.452627
22 21 0.448563
22 61 0.406571
22 79 0.386492
22 46 0.422470
22 34 0.435931
22 56 0.414474
22 67 0.403603
22 73 0.398196
22 45 0.427546
22 68 0.404823
22 58 0.415841
22 54 0.421255
22 37 0.444190
22 81 0.398571
22 39 0.449056
23 0 0.076278
23 1 0.141129
23 2 0.159092
23 4 0.177495
23 8 0.198314
23 5 0.204867
23 16 0.199607
23 9 0.208527
23 17 0.236349
23 19 0.238081
23 20 0.251241
23 14 0.278440
23 13 0.279225
23 21 0.288919
23 7 0.315965
23 12 0.314418
23 3 0.326815
23 32 0.334441
23 11 0.357042
23 22 0.347779
23 10 0.360141
23 33 0.345363
23 30 0.355186
23 42 0.344078
23 29 0.358586
23 37 0.366191
23 53 0.348812
23 59 0.352492
23 15 0.390842
23 61 0.353096
23 56 0.349821
23 31 0.388425
23 43 0.376142
23 51 0.370072
23 25 0.396885
23 35 0.391831
23 47 0.379127
23 76 0.350209
23 27 0.404064
23 45 0.387580
23 50 0.383725
23 44 0.389947
23 39 0.395906
23 18 0.418178
23 23 0.411957
23 55 0.380722
23 40 0.397375
23 77 0.356705
23 34 0.405438
23 24 0.414032
23 26 0.412538
23 6 0.434403
23 67 0.372263
23 66 0.373913
23 71 0.369538
23 74 0.367301
23 63 0.380007
23 78 0.363292
23 52 0.394511
23 48 0.400073
23 28 0.419785
23 70 0.375135
23 65 0.380537
23 72 0.373280
23 60 0.387014
23 79 0.366380
23 64 0.383835
23 54 0.395799
23 46 0.405733
23 62 0.387988
23 73 0.376165
23 38 0.414964
23 58 0.393473
23 69 0.380969
23 82 0.367646
23 75 0.374868
23 80 0.370090
23 57 0.396876
23 41 0.415677
23 68 0.385830
23 36 0.423788
23 49 0.411298
23 81 0.375416
24 0 0.053061
24 2 0.192503
24 1 0.204776
24 13 0.200235
24 8 0.218488
24 20 0.226523
24 21 0.230249
24 9 0.244290
24 4 0.277182
24 7 0.289243
24 11 0.296791
24 15 0.297294
24 5 0.319316
24 14 0.321862
24 19 0.349769
24 10 0.358884
24 17 0.358817
24 39 0.359510
24 33 0.366055
24 22 0.375429
24 3 0.392774
24 23 0.378764
24 38 0.367109
24 42 0.365076
24 12 0.404021
24 56 0.353183
24 48 0.358261
24 6 0.413813
24 25 0.387970
24 31 0.386577
24 54 0.364102
24 27 0.392111
24 75 0.341707
24 57 0.362045
24 47 0.366217
24 43 0.372446
24 76 0.344997
24 70 0.353511
24 40 0.388299
24 79 0.344042
24 45 0.382744
24 63 0.363761
24 36 0.394228
24 51 0.378600
24 55 0.373916
24 18 0.410787
24 67 0.362709
24 58 0.373897
24 59 0.374287
24 74 0.358239
24 26 0.408641
24 78 0.353400
24 24 0.411173
24 44 0.393436
24 30 0.407405
24 37 0.402876
24 64 0.373783
24 73 0.364276
24 66 0.371986
24 49 0.391914
24 29 0.411908
24 46 0.395332
24 28 0.413439
24 81 0.356664
24 77 0.361966
24 72 0.368323
24 62 0.379498
24 32 0.412969
24 61 0.381594
24 53 0.391830
24 82 0.357992
24 16 0.427992
24 65 0.378807
24 71 0.372943
24 50 0.397061
24 60 0.386368
24 52 0.397306
24 41 0.410314
24 34 0.416759
24 80 0.366339
24 35 0.417799
24 69 0.380123
24 68 0.382814
25 1 0.075506
25 0 0.077321
25 3 0.174252
25 5 0.197440
25 4 0.222513
25 21 0.211587
25 22 0.230052
25 13 0.239089
25 19 0.236463
25 14 0.254593
25 10 0.284037
25 15 0.283168
25 20 0.299745
25 23 0.305234
25 8 0.331164
25 16 0.329278
25 6 0.368829
25 33 0.351596
25 9 0.372231
25 29 0.358621
25 28 0.361913
25 7 0.382429
25 51 0.340177
25 31 0.363741
25 61 0.338117
25 40 0.365919
25 71 0.331861
25 17 0.391463
25 62 0.343860
25 2 0.407881
25 63 0.353695
25 30 0.391188
25 39 0.398620
25 46 0.394226
25 55 0.385311
25 50 0.391460
25 37 0.407971
25 26 0.417910
25 18 0.425862
25 78 0.361967
25 77 0.363589
25 58 0.385742
25 56 0.389306
25 57 0.389173
25 75 0.370559
25 11 0.437400
25 60 0.388070
25 42 0.410947
25 67 0.382459
25 48 0.404531
25 54 0.398695
25 66 0.384824
25 74 0.376154
25 27 0.427870
25 70 0.381819
25 47 0.407412
25 44 0.411593
25 32 0.424604
25 53 0.402342
25 12 0.442740
25 52 0.403977
25 24 0.433203
25 65 0.389375
25 41 0.417751
25 79 0.373762
25 35 0.424280
25 49 0.408764
25 80 0.373452
25 45 0.414300
25 81 0.372701
25 76 0.380085
25 59 0.399006
25 68 0.389232
25 36 0.426969
25 73 0.386345
25 34 0.431825
25 82 0.376662
25 38 0.428406
25 69 0.393777
25 43 0.424654
25 64 0.400361
25 72 0.393165
25 25 0.444202
26 0 0.069349
26 1 0.081902
26 13 0.156825
26 6 0.164766
26 8 0.170578
26 9 0.185839
26 2 0.215489
26 14 0.201833
26 5 0.221046
26 11 0.229385
26 4 0.241530
26 3 0.264483
26 10 0.259203
26 7 0.294471
26 15 0.310223
26 16 0.316875
26 17 0.329218
26 12 0.356697
26 20 0.352645
26 22 0.359954
26 42 0.346020
26 46 0.346488
26 56 0.334925
26 34 0.365463
26 32 0.369362
26 44 0.353369
26 24 0.384018
26 38 0.363567
26 30 0.378959
26 18 0.396892
26 49 0.354204
26 28 0.404307
26 37 0.387139
26 66 0.356962
26 26 0.417449
26 59 0.376133
26 68 0.365141
26 79 0.354175
26 51 0.390411
26 43 0.400700
26 54 0.387784
26 76 0.361856
26 77 0.361837
26 48 0.396613
26 19 0.438906
26 36 0.414478
26 21 0.436456
26 64 0.380746
26 71 0.373212
26 23 0.436504
26 62 0.384370
26 47 0.404620
26 75 0.371552
26 57 0.394721
26 58 0.393559
26 33 0.425522
26 72 0.376791
26 29 0.434503
26 67 0.383215
26 82 0.366998
26 53 0.401736
26 78 0.373414
26 61 0.393271
26 40 0.418267
26 52 0.404605
26 50 0.408031
26 63 0.391143
26 74 0.378776
26 70 0.383784
26 69 0.385158
26 55 0.403405
26 41 0.419726
26 39 0.421769
26 35 0.429456
26 80 0.375587
26 27 0.446142
26 81 0.376659
26 60 0.401231
26 25 0.449272
26 31 0.438854
26 73 0.391534
26 65 0.401411
26 45 0.429145
27 1 0.079330
27 0 0.125670
27 4 0.203012
27 3 0.217643
27 13 0.213580
27 10 0.219749
27 2 0.228805
27 5 0.249268
27 16 0.251123
27 22 0.269401
27 19 0.274334
27 20 0.276428
27 8 0.301401
27 6 0.326940
27 14 0.325942
27 52 0.312482
27 54 0.313039
27 21 0.350530
27 27 0.345442
27 55 0.323905
27 12 0.368153
27 9 0.376043
27 38 0.349374
27 47 0.342496
27 18 0.372976
27 28 0.363886
27 26 0.369078
27 29 0.393322
27 30 0.393029
27 36 0.387642
27 43 0.380640
27 37 0.389243
27 78 0.346689
27 46 0.383510
27 39 0.390781
27 42 0.389941
27 35 0.398700
27 24 0.408872
27 58 0.374316
27 56 0.377722
27 50 0.384774
27 63 0.371364
27 51 0.385286
27 62 0.374954
27 34 0.405204
27 68 0.369663
27 57 0.381356
27 53 0.388459
27 69 0.372205
27 32 0.412518
27 40 0.404356
27 44 0.400653
27 75 0.368442
27 41 0.405995
27 25 0.422255
27 64 0.382895
27 48 0.400021
27 7 0.439820
27 70 0.377815
27 45 0.404277
27 49 0.400512
27 72 0.375495
27 67 0.381751
27 76 0.371421
27 80 0.367816
27 17 0.434516
27 11 0.440650
27 23 0.429032
27 59 0.392691
27 60 0.392223
27 74 0.376614
27 73 0.378605
27 31 0.424257
27 33 0.422136
27 66 0.388577
27 61 0.395711
27 79 0.375650
27 77 0.377942
27 65 0.392356
27 81 0.374285
27 15 0.445475
27 71 0.388330
27 82 0.375296
28 1 0.178536
28 0 0.181856
28 12 0.187503
28 3 0.197658
28 14 0.192725
28 6 0.218760
28 16 0.218670
28 19 0.234746
28 15 0.256343
28 8 0.278330
28 18 0.276271
28 29 0.314007
28 4 0.336652
28 28 0.315625
28 32 0.312732
28 10 0.335750
28 22 0.326220
28 9 0.340504
28 21 0.331017
28 20 0.332445
28 30 0.324411
28 35 0.320320
28 27 0.327611
28 38 0.317977
28 31 0.328725
28 2 0.354372
28 34 0.326933
28 33 0.329164
28 11 0.349867
28 40 0.323038
28 41 0.323356
28 37 0.329417
28 26 0.341422
28 42 0.327761
28 13 0.355390
28 36 0.335060
28 17 0.354150
28 44 0.327952
28 23 0.349264
28 24 0.353091
28 5 0.370359
28 43 0.336653
28 39 0.344693
28 46 0.338306
28 25 0.361103
28 7 0.378390
28 45 0.356050
28 63 0.338853
28 52 0.353820
28 51 0.356747
28 78 0.217325
28 61 0.357087
28 66 0.353183
28 68 0.352517
28 75 0.227876
28 58 0.363834
28 62 0.360276
28 64 0.360691
28 71 0.354585
28 50 0.378555
28 47 0.382100
28 53 0.375174
28 49 0.380941
28 56 0.372671
28 59 0.369589
28 77 0.231546
28 70 0.360489
28 73 0.255290
28 69 0.364617
28 76 0.240096
28 55 0.383175
28 60 0.377414
28 54 0.384719
28 65 0.373720
28 82 0.234083
28 67 0.377224
28 57 0.389092
28 74 0.265082
28 79 0.249054
28 72 0.281308
28 48 0.406301
28 81 0.245892
28 80 0.248153
29 0 0.144670
29 1 0.153023
29 10 0.187415
29 12 0.197014
29 3 0.206118
29 19 0.232567
29 6 0.253597
29 9 0.257457
29 4 0.261545
29 7 0.267904
29 13 0.298853
29 21 0.300037
29 14 0.314960
29 18 0.319916
29 16 0.329047
29 33 0.359113
29 61 0.362606
29 8 0.413721
29 22 0.402342
29 34 0.393542
29 51 0.375028
29 26 0.404325
29 32 0.401523
29 11 0.420191
29 63 0.374021
29 30 0.408326
29 48 0.404733
29 39 0.416397
29 44 0.410191
29 71 0.383076
29 15 0.440719
29 70 0.384924
29 45 0.412302
29 24 0.432875
29 67 0.388668
29 2 0.452506
29 50 0.409051
29 49 0.410706
29 20 0.450450
29 47 0.424466
29 29 0.442956
29 38 0.435752
29 27 0.452355
29 37 0.444690
29 76 0.400837
29 31 0.450384
29 64 0.416779
29 65 0.416034
29 72 0.407414
29 53 0.428377
29 36 0.448306
29 57 0.425632
29 5 0.475264
29 78 0.408013
29 77 0.410077
29 28 0.463054
29 75 0.413172
29 23 0.467484
29 69 0.420231
29 60 0.431617
29 54 0.437478
29 59 0.433476
29 62 0.432015
29 17 0.476963
29 35 0.462027
29 25 0.471440
29 73 0.423591
29 41 0.460420
29 40 0.463501
29 56 0.446193
29 80 0.425319
29 52 0.456864
29 66 0.441949
29 46 0.464554
29 58 0.454680
29 79 0.433055
29 42 0.474415
29 43 0.479004
29 81 0.439706
29 74 0.447876
29 68 0.455824
29 82 0.442378
29 55 0.479455
30 0 0.080232
30 1 0.081959
30 14 0.183650
30 2 0.202374
30 8 0.218817
30 17 0.213940
30 19 0.213250
30 3 0.250812
30 10 0.248572
30 6 0.256248
30 11 0.286725
30 16 0.283016
30 18 0.283203
30 9 0.304113
30 20 0.311523
30 12 0.334544
30 7 0.350321
30 5 0.352290
30 28 0.364765
30 30 0.388514
30 4 0.414396
30 44 0.377048
30 50 0.370271
30 46 0.378336
30 61 0.400867
30 66 0.397480
30 70 0.393055
30 36 0.433969
30 58 0.408089
30 81 0.378737
30 53 0.414319
30 78 0.384490
30 34 0.438884
30 32 0.440637
30 76 0.389210
30 62 0.409025
30 42 0.434111
30 24 0.449862
30 56 0.416773
30 63 0.409489
30 74 0.397614
30 22 0.455896
30 72 0.401561
30 45 0.433701
30 38 0.443539
30 40 0.442189
30 48 0.430634
30 26 0.455111
30 52 0.428586
30 33 0.452230
30 51 0.430830
30 59 0.424780
30 49 0.436048
30 13 0.473620
30 23 0.464142
30 82 0.397434
30 15 0.473715
30 71 0.414296
30 79 0.402824
30 75 0.408904
30 21 0.468897
30 57 0.431618
30 27 0.464464
30 67 0.420510
30 29 0.463801
30 69 0.418676
30 35 0.459253
30 31 0.463220
30 73 0.414503
30 37 0.458125
30 54 0.437740
30 77 0.412392
30 68 0.425633
30 43 0.457469
30 39 0.461898
30 64 0.432980
30 55 0.443717
30 47 0.454195
30 65 0.434076
30 25 0.478632
30 41 0.471574
30 60 0.449996
30 80 0.429562
31 1 0.173688
31 0 0.174967
31 3 0.189706
31 19 0.205236
31 5 0.226334
31 7 0.227365
31 4 0.233804
31 8 0.234893
31 12 0.244242
31 14 0.253652
31 20 0.281095
31 13 0.296276
31 16 0.313034
31 11 0.316983
31 9 0.348364
31 6 0.356130
31 15 0.355545
31 10 0.384950
31 33 0.366762
31 29 0.374804
31 38 0.369650
31 25 0.414866
31 21 0.423902
31 78 0.376484
31 46 0.416380
31 24 0.438873
31 50 0.412768
31 26 0.438203
31 32 0.433767
31 76 0.384291
31 58 0.406187
31 70 0.394193
31 52 0.415489
31 42 0.427812
31 54 0.414109
31 22 0.449240
31 30 0.446189
31 18 0.459608
31 66 0.406407
31 61 0.413244
31 28 0.449692
31 44 0.433411
31 51 0.426933
31 47 0.432438
31 56 0.422890
31 67 0.409909
31 75 0.402433
31 62 0.417557
31 63 0.415785
31 64 0.414836
31 23 0.459712
31 37 0.447842
31 53 0.429452
31 77 0.401771
31 74 0.405419
31 34 0.452217
31 27 0.457793
31 79 0.399922
31 59 0.423889
31 73 0.407859
31 31 0.455713
31 71 0.412004
31 48 0.439214
31 81 0.399988
31 60 0.426062
31 17 0.473761
31 40 0.450135
31 69 0.415874
31 35 0.455979
31 55 0.433186
31 41 0.450162
31 49 0.440586
31 43 0.448998
31 80 0.405904
31 45 0.447872
31 2 0.491345
31 72 0.419621
31 36 0.462434
31 39 0.459151
31 65 0.429385
31 57 0.440045
31 82 0.417472
31 68 0.439406
32 0 0.131111
32 1 0.154662
32 10 0.170436
32 9 0.174157
32 8 0.196338
32 6 0.236967
32 4 0.264744
32 3 0.296703
32 7 0.267190
32 2 0.317715
32 11 0.233770
32 12 0.208256
32 14 0.205667
32 5 0.322967
32 18 0.205084
32 15 0.229693
32 20 0.200908
32 24 0.192633
32 16 0.245381
32 17 0.244810
32 23 0.216085
32 13 0.273455
32 21 0.231017
32 19 0.238220
32 28 0.182987
32 32 0.186156
32 29 0.201962
32 31 0.198972
32 25 0.240793
32 26 0.243049
32 22 0.292978
32 33 0.221894
32 30 0.236230
32 34 0.244357
32 27 0.277906
32 35 0.243531
32 36 0.247159
32 44 0.221551
32 40 0.258711
32 41 0.258002
32 39 0.266921
32 42 0.268611
32 38 0.288086
32 71 0.233911
32 70 0.244721
32 61 0.264824
32 52 0.299890
32 46 0.333243
32 59 0.273620
32 76 0.230617
32 54 0.299254
32 50 0.309181
32 78 0.227776
32 58 0.286385
32 48 0.322965
32 57 0.303941
32 56 0.307147
32 51 0.327326
32 47 0.358111
32 74 0.268578
32 45 0.366002
32 68 0.291000
32 53 0.338232
32 43 0.398694
32 62 0.310637
32 77 0.270407
32 82 0.257911
32 75 0.274477
32 64 0.308268
32 66 0.305224
32 67 0.306345
32 37 0.419972
32 69 0.301804
32 80 0.266728
32 65 0.316213
32 55 0.348223
32 79 0.289448
32 81 0.290457
32 72 0.322538
32 60 0.354411
32 73 0.324310
32 63 0.348791
32 49 0.408647
33 1 0.121219
33 0 0.174142
33 2 0.196326
33 3 0.209419
33 14 0.204393
33 15 0.224702
33 13 0.231796
33 5 0.273918
33 12 0.274028
33 16 0.277183
33 4 0.308233
33 17 0.330275
33 19 0.349067
33 71 0.340888
33 8 0.417287
33 29 0.394755
33 33 0.390934
33 44 0.379488
33 11 0.416144
33 9 0.418231
33 30 0.397391
33 22 0.423026
33 24 0.424291
33 20 0.443850
33 61 0.396929
33 45 0.441676
33 25 0.462518
33 79 0.405856
33 21 0.469143
33 76 0.410048
33 54 0.432686
33 32 0.458320
33 31 0.461459
33 78 0.412641
33 49 0.448910
33 43 0.458397
33 23 0.478975
33 37 0.465532
33 77 0.425846
33 51 0.453261
33 27 0.480100
33 7 0.502581
33 59 0.447022
33 75 0.432444
33 53 0.455684
33 36 0.475176
33 26 0.486258
33 40 0.472417
33 56 0.454756
33 66 0.445895
33 63 0.451544
33 10 0.510293
33 42 0.476197
33 64 0.451956
33 74 0.445120
33 28 0.494374
33 46 0.476516
33 62 0.460873
33 55 0.468700
33 41 0.487632
33 6 0.525698
33 18 0.516886
33 34 0.503222
33 81 0.453499
33 57 0.478565
33 70 0.467241
33 67 0.474047
33 69 0.472860
33 47 0.498948
33 72 0.473216
33 58 0.492047
33 35 0.519876
33 60 0.493613
33 80 0.475599
33 65 0.497571
33 52 0.512006
33 73 0.492579
33 38 0.529981
33 48 0.520061
33 82 0.484798
33 39 0.530770
33 68 0.500034
33 50 0.524328
34 1 0.088086
34 0 0.097330
34 2 0.208738
34 3 0.215895
34 12 0.209924
34 20 0.209701
34 13 0.222265
34 16 0.241705
34 9 0.253662
34 17 0.273714
34 18 0.275627
34 15 0.292702
34 11 0.311106
34 6 0.338899
34 14 0.382314
34 53 0.346087
34 22 0.379881
34 8 0.393130
34 28 0.374944
34 19 0.396277
34 21 0.416630
34 5 0.445412
34 23 0.431717
34 7 0.447720
34 46 0.409231
34 65 0.387073
34 10 0.447024
34 32 0.426547
34 27 0.431924
34 63 0.391379
34 61 0.394265
34 25 0.435593
34 4 0.454982
34 56 0.401946
34 33 0.431020
34 42 0.419570
34 59 0.404547
34 47 0.419696
34 73 0.389365
34 31 0.438606
34 37 0.436223
34 48 0.423346
34 26 0.453206
34 38 0.442977
34 71 0.402838
34 66 0.409550
34 62 0.414299
34 24 0.456889
34 35 0.448274
34 64 0.413539
34 79 0.396125
34 40 0.443896
34 74 0.403322
34 39 0.446889
34 81 0.397242
34 44 0.439923
34 30 0.457195
34 55 0.429355
34 52 0.433930
34 77 0.405349
34 72 0.410852
34 70 0.413469
34 29 0.461007
34 69 0.415487
34 43 0.445761
34 57 0.429928
34 78 0.407523
34 58 0.431076
34 60 0.429269
34 49 0.444036
34 68 0.422895
34 50 0.444698
34 76 0.414629
34 75 0.416969
34 67 0.428322
34 51 0.449448
34 82 0.416722
34 45 0.458897
34 80 0.421052
34 36 0.474958
34 41 0.469402
34 54 0.456220
34 34 0.482410
35 1 0.185783
35 0 0.186685
35 13 0.204090
35 10 0.214926
35 12 0.225055
35 3 0.236042
35 11 0.263292
35 9 0.277697
35 15 0.280595
35 2 0.304742
35 8 0.304655
35 7 0.354034
35 19 0.401294
35 76 0.346023
35 31 0.432299
35 29 0.483396
35 71 0.438991
35 59 0.476086
35 16 0.524427
35 18 0.522957
35 22 0.515825
35 32 0.507588
35 20 0.523082
35 42 0.498115
35 4 0.539337
35 68 0.473407
35 61 0.480600
35 77 0.464761
35 53 0.489184
35 44 0.501149
35 57 0.487019
35 65 0.480239
35 5 0.544370
35 75 0.470657
35 51 0.495957
35 69 0.478561
35 28 0.522663
35 67 0.483113
35 23 0.528946
35 48 0.504195
35 41 0.511651
35 49 0.504134
35 79 0.473633
35 78 0.475807
35 21 0.534401
35 30 0.527580
35 46 0.510038
35 66 0.489238
35 73 0.483088
35 17 0.544175
35 40 0.517562
35 70 0.486432
35 37 0.521612
35 14 0.548098
35 33 0.527143
35 27 0.532566
35 80 0.477538
35 60 0.498162
35 25 0.534881
35 50 0.508558
35 64 0.496351
35 62 0.498886
35 35 0.527544
35 36 0.527139
35 81 0.480588
35 56 0.508881
35 39 0.530592
35 55 0.514483
35 58 0.518525
35 6 0.576427
35 74 0.508086
35 54 0.531584
35 26 0.562887
35 45 0.546204
35 52 0.538618
35 38 0.557961
35 47 0.551016
35 82 0.519874
35 72 0.531486
35 63 0.542221
35 34 0.574146
35 43 0.569455
35 24 0.590647
36 1 0.154416
36 0 0.157675
36 9 0.207754
36 2 0.216545
36 11 0.223295
36 3 0.235223
36 13 0.246660
36 23 0.244698
36 22 0.257772
36 6 0.281748
36 17 0.305332
36 5 0.331151
36 10 0.352560
36 20 0.390420
36 14 0.396021
36 19 0.391966
36 32 0.380478
36 12 0.398168
36 28 0.384183
36 29 0.383542
36 8 0.406535
36 34 0.404943
36 21 0.447289
36 42 0.437879
36 31 0.450609
36 77 0.406556
36 18 0.469979
36 75 0.409103
36 55 0.432272
36 7 0.480165
36 61 0.427670
36 15 0.475397
36 45 0.448867
36 78 0.410451
36 51 0.442634
36 48 0.447020
36 41 0.455511
36 26 0.469128
36 44 0.453831
36 76 0.419013
36 16 0.482842
36 35 0.466242
36 56 0.442886
36 67 0.431164
36 59 0.440105
36 70 0.428719
36 53 0.449009
36 50 0.453248
36 66 0.434905
36 30 0.473431
36 33 0.471925
36 47 0.458027
36 40 0.466593
36 4 0.497923
36 36 0.471323
36 49 0.457631
36 24 0.481245
36 71 0.432782
36 54 0.452317
36 37 0.471656
36 46 0.462459
36 62 0.443918
36 27 0.480739
36 57 0.449494
36 38 0.472750
36 72 0.434476
36 80 0.425218
36 68 0.439674
36 25 0.484583
36 73 0.434572
36 43 0.470887
36 79 0.429319
36 64 0.447461
36 63 0.449287
36 52 0.462554
36 81 0.430016
36 65 0.448345
36 69 0.446687
36 39 0.483590
36 74 0.442969
36 60 0.463768
36 82 0.439594
36 58 0.479301
37 0 0.134360
37 13 0.172329
37 10 0.182657
37 11 0.185102
37 1 0.216682
37 12 0.210349
37 9 0.229736
37 8 0.233667
37 3 0.247525
37 4 0.262761
37 6 0.266299
37 7 0.297575
37 2 0.306796
37 14 0.317790
37 5 0.348160
37 17 0.339961
37 15 0.351480
37 16 0.355016
37 29 0.330577
37 28 0.332760
37 31 0.339741
37 30 0.341630
37 24 0.351735
37 20 0.370120
37 27 0.359341
37 33 0.376624
37 21 0.405445
37 19 0.411534
37 25 0.393464
37 26 0.394703
37 23 0.397173
37 37 0.432489
37 77 0.331061
37 61 0.417573
37 43 0.454680
37 71 0.376578
37 75 0.369971
37 35 0.473877
37 40 0.477256
37 47 0.470059
37 57 0.454867
37 62 0.438252
37 56 0.456597
37 44 0.475428
37 60 0.463544
37 51 0.480606
37 49 0.483005
37 74 0.403465
37 32 0.526100
37 55 0.488438
37 53 0.495923
37 66 0.467659
37 69 0.443178
37 73 0.436899
37 48 0.516731
37 70 0.446893
37 18 0.588266
37 59 0.502073
37 22 0.577616
37 67 0.476429
37 50 0.526845
37 65 0.495974
37 45 0.541706
37 36 0.563077
37 58 0.530016
37 34 0.572574
37 39 0.567426
37 78 0.466039
37 42 0.567113
37 52 0.552515
37 79 0.474227
37 41 0.578607
37 46 0.567476
37 76 0.481809
37 81 0.474693
37 68 0.525460
37 54 0.575626
37 63 0.554022
37 72 0.516346
37 64 0.561215
37 82 0.501817
37 38 0.620534
37 80 0.522547
38 1 0.140205
38 0 0.142825
38 3 0.229735
38 15 0.246913
38 8 0.262342
38 17 0.275944
38 13 0.283558
38 11 0.289188
38 16 0.287671
38 2 0.298927
38 4 0.309827
38 14 0.317643
38 9 0.358365
38 18 0.387156
38 29 0.374398
38 33 0.398051
38 12 0.423509
38 66 0.375550
38 28 0.461067
38 10 0.481377
38 32 0.460080
38 23 0.469391
38 19 0.476961
38 75 0.415789
38 63 0.430153
38 62 0.433017
38 61 0.437577
38 70 0.429667
38 48 0.456929
38 44 0.461279
38 26 0.483903
38 25 0.494651
38 46 0.475211
38 30 0.491580
38 64 0.457588
38 6 0.517373
38 76 0.445894
38 53 0.475867
38 60 0.477606
38 31 0.531004
38 77 0.481481
38 78 0.480988
38 79 0.480109
38 56 0.507072
38 71 0.489930
38 59 0.502925
38 45 0.519758
38 51 0.513977
38 73 0.489657
38 21 0.546245
38 5 0.559517
38 39 0.528072
38 67 0.497247
38 40 0.527730
38 24 0.550788
38 38 0.538663
38 65 0.510912
38 81 0.493823
38 20 0.561216
38 22 0.557919
38 34 0.549126
38 7 0.577958
38 52 0.535558
38 74 0.511293
38 69 0.524393
38 27 0.577667
38 50 0.555760
38 68 0.538833
38 35 0.578397
38 80 0.530950
38 37 0.577834
38 47 0.570784
38 72 0.543894
38 58 0.559810
38 54 0.566784
38 43 0.579867
38 42 0.581581
38 57 0.566046
38 36 0.592596
38 55 0.577318
38 82 0.549170
38 49 0.588217
38 41 0.614536
39 0 0.188340
39 1 0.199882
39 20 0.193321
39 9 0.234521
39 3 0.266504
39 11 0.261008
39 13 0.259789
39 14 0.266243
39 31 0.253512
39 29 0.258701
39 17 0.272691
39 33 0.257425
39 21 0.284482
39 30 0.277373
39 10 0.296626
39 8 0.298208
39 28 0.282982
39 12 0.299868
39 5 0.319254
39 19 0.310079
39 32 0.299402
39 23 0.313452
39 27 0.322542
39 24 0.332906
39 25 0.332486
39 26 0.332213
39 18 0.344010
39 6 0.355397
39 37 0.329315
39 36 0.331133
39 2 0.362515
39 4 0.366075
39 7 0.364609
39 39 0.339954
39 16 0.365773
39 22 0.366104
39 34 0.362850
39 35 0.367645
39 15 0.407932
39 41 0.403893
39 75 0.257326
39 52 0.317086
39 38 0.439718
39 40 0.437910
39 44 0.433817
39 66 0.294828
39 53 0.312988
39 78 0.284356
39 76 0.287360
39 46 0.436390
39 63 0.304221
39 51 0.328850
39 45 0.439120
39 81 0.287623
39 55 0.319061
39 54 0.321942
39 59 0.317436
39 42 0.452957
39 58 0.320259
39 56 0.322826
39 74 0.302053
39 77 0.300330
39 48 0.448710
39 61 0.323489
39 62 0.325108
39 71 0.317335
39 43 0.466148
39 67 0.325603
39 64 0.333043
39 70 0.330926
39 49 0.471198
39 72 0.333782
39 68 0.345054
39 60 0.353935
39 69 0.351975
39 73 0.347005
39 82 0.339537
39 47 0.494130
39 57 0.372155
39 80 0.346290
39 50 0.398423
39 79 0.355047
39 65 0.381513
40 0 0.110828
40 1 0.115888
40 10 0.228903
40 3 0.243118
40 2 0.252365
40 23 0.240372
40 6 0.273961
40 11 0.275111
40 22 0.266567
40 9 0.289905
40 8 0.304305
40 5 0.321528
40 19 0.326224
40 21 0.340912
40 33 0.381688
40 12 0.404120
40 17 0.408509
40 29 0.421144
40 14 0.435253
40 38 0.415983
40 78 0.418597
40 47 0.453006
40 30 0.469469
40 40 0.460370
40 16 0.483042
40 79 0.436397
40 15 0.504146
40 25 0.494763
40 7 0.510328
40 67 0.454454
40 35 0.487854
40 62 0.460912
40 53 0.472059
40 26 0.499185
40 63 0.462850
40 44 0.483984
40 75 0.451452
40 34 0.494627
40 31 0.498173
40 71 0.457915
40 48 0.482694
40 24 0.505871
40 27 0.504063
40 32 0.500853
40 60 0.473524
40 42 0.492926
40 80 0.452638
40 59 0.476801
40 4 0.529370
40 13 0.522545
40 54 0.483099
40 55 0.483015
40 18 0.519365
40 61 0.477822
40 28 0.511370
40 52 0.488809
40 66 0.474794
40 51 0.491967
40 76 0.465593
40 57 0.486322
40 43 0.503020
40 56 0.489668
40 46 0.504214
40 70 0.479496
40 69 0.481751
40 45 0.512779
40 72 0.491672
40 74 0.491389
40 77 0.487679
40 65 0.502337
40 41 0.528435
40 37 0.533174
40 50 0.521712
40 68 0.503678
40 82 0.491549
40 20 0.557209
40 58 0.523623
40 36 0.548260
40 49 0.535581
40 81 0.502763
40 73 0.513588
40 39 0.553471
40 64 0.529955
41 0 0.237053
41 10 0.187561
41 1 0.250483
41 8 0.203159
41 3 0.239221
41 9 0.224641
41 11 0.226348
41 2 0.310698
41 7 0.290912
41 5 0.296579
41 14 0.253780
41 6 0.308717
41 16 0.263413
41 4 0.327016
41 12 0.282047
41 13 0.274698
41 19 0.270615
41 15 0.316486
41 17 0.294600
41 18 0.289157
41 33 0.183687
41 21 0.303455
41 23 0.310553
41 29 0.279574
41 25 0.299145
41 31 0.258153
41 32 0.253155
41 27 0.299433
41 20 0.356131
41 28 0.319704
41 26 0.333362
41 24 0.347082
41 22 0.375311
41 30 0.323206
41 36 0.305031
41 44 0.225798
41 38 0.316313
41 39 0.322484
41 43 0.257634
41 34 0.341612
41 37 0.351042
41 35 0.353136
41 49 0.273157
41 63 0.217121
41 78 0.195239
41 40 0.388821
41 59 0.257802
41 77 0.226788
41 76 0.228896
41 70 0.239867
41 71 0.239267
41 47 0.357619
41 56 0.292515
41 67 0.256905
41 53 0.337426
41 74 0.251883
41 45 0.376244
41 62 0.279472
41 54 0.326896
41 48 0.373908
41 42 0.390095
41 66 0.292710
41 61 0.298825
41 55 0.338071
41 75 0.286334
41 52 0.382568
41 50 0.390741
41 46 0.422109
41 64 0.319349
41 51 0.396919
41 41 0.427993
41 79 0.302779
41 80 0.304680
41 60 0.361211
41 81 0.317163
41 82 0.331163
41 65 0.366071
41 73 0.353045
41 69 0.364315
41 58 0.406415
41 57 0.410667
41 72 0.366755
41 68 0.378254
42 0 0.209633
42 1 0.211917
42 8 0.217657
42 2 0.233043
42 3 0.262025
42 14 0.277840
42 13 0.285713
42 6 0.301709
42 18 0.299407
42 17 0.309392
42 11 0.335537
42 20 0.349693
42 4 0.372383
42 9 0.381832
42 34 0.382699
42 30 0.412653
42 16 0.428297
42 21 0.435082
42 27 0.443400
42 19 0.453347
42 12 0.471524
42 32 0.453327
42 59 0.443274
42 38 0.469355
42 24 0.484494
42 46 0.469056
42 78 0.434885
42 56 0.461211
42 76 0.443373
42 62 0.457652
42 68 0.454190
42 54 0.471776
42 15 0.514432
42 58 0.477411
42 22 0.518059
42 10 0.530493
42 33 0.513359
42 29 0.517245
42 28 0.532498
42 70 0.486447
42 42 0.517334
42 82 0.475336
42 64 0.503723
42 48 0.520843
42 26 0.550352
42 53 0.521350
42 77 0.495404
42 35 0.542984
42 50 0.526681
42 81 0.494579
42 5 0.579451
42 66 0.518216
42 49 0.537428
42 75 0.513952
42 31 0.564936
42 44 0.552686
42 43 0.553991
42 7 0.597010
42 52 0.553887
42 36 0.573298
42 79 0.527380
42 80 0.527296
42 60 0.549445
42 72 0.538750
42 23 0.593282
42 71 0.542212
42 40 0.577497
42 41 0.576742
42 65 0.553192
42 37 0.585774
42 25 0.599646
42 61 0.563997
42 67 0.558759
42 74 0.551959
42 39 0.591000
42 55 0.573773
42 57 0.576376
42 47 0.590821
42 63 0.578673
42 51 0.592571
42 73 0.578710
42 69 0.592600
42 45 0.625869
43 1 0.230656
43 0 0.249078
43 3 0.257486
43 18 0.271543
43 5 0.283718
43 4 0.289122
43 9 0.305597
43 17 0.319307
43 20 0.351312
43 21 0.453800
43 6 0.515113
43 7 0.516837
43 8 0.517981
43 29 0.499820
43 13 0.520470
43 11 0.522247
43 19 0.517728
43 63 0.490117
43 28 0.508549
43 15 0.526178
43 33 0.514539
43 59 0.485739
43 16 0.537442
43 2 0.547398
43 30 0.519054
43 38 0.516441
43 39 0.516374
43 71 0.483626
43 61 0.494502
43 53 0.503079
43 23 0.535962
43 14 0.525140
43 77 0.479977
43 31 0.531342
43 75 0.485819
43 78 0.482819
43 45 0.517860
43 43 0.520811
43 36 0.528799
43 34 0.537402
43 51 0.519024
43 25 0.548761
43 37 0.535890
43 56 0.520980
43 47 0.529769
43 32 0.551427
43 40 0.545532
43 67 0.519284
43 62 0.534401
43 54 0.543915
43 57 0.547141
43 79 0.526812
43 44 0.566848
43 76 0.533767
43 12 0.604204
43 55 0.556224
43 70 0.542797
43 73 0.539899
43 10 0.612199
43 22 0.603730
43 66 0.557195
43 49 0.581873
43 60 0.574056
43 41 0.614772
43 27 0.630587
43 26 0.632829
43 48 0.610676
43 35 0.628332
43 65 0.597997
43 68 0.602862
43 82 0.589449
43 50 0.624927
43 64 0.620896
43 42 0.644035
43 69 0.618937
43 80 0.608804
43 81 0.609717
43 52 0.643851
43 72 0.629632
43 74 0.628233
43 24 0.687662
43 46 0.666006
43 58 0.662492
44 0 0.156658
44 12 0.216451
44 1 0.231439
44 13 0.278995
44 14 0.286572
44 9 0.295427
44 2 0.313270
44 15 0.343242
44 4 0.614983
44 75 0.536101
44 8 0.612286
44 6 0.614135
44 5 0.615342
44 21 0.602159
44 78 0.542886
44 39 0.590483
44 16 0.617721
44 22 0.611175
44 24 0.609429
44 3 0.631684
44 31 0.604802
44 70 0.558707
44 57 0.577300
44 71 0.560274
44 34 0.609048
44 28 0.681351
44 26 0.683087
44 32 0.677754
44 36 0.673531
44 20 0.694610
44 29 0.694037
44 35 0.687908
44 76 0.640004
44 37 0.686888
44 18 0.709806
44 54 0.668106
44 17 0.711615
44 51 0.673793
44 62 0.660844
44 82 0.636344
44 68 0.651528
44 64 0.657422
44 48 0.678875
44 41 0.687675
44 10 0.721002
44 80 0.641470
44 56 0.671267
44 66 0.656850
44 63 0.664242
44 30 0.713232
44 55 0.684486
44 11 0.735084
44 44 0.703854
44 77 0.663408
44 59 0.687913
44 72 0.670397
44 53 0.695569
44 58 0.689934
44 61 0.687738
44 43 0.721205
44 33 0.732884
44 38 0.727950
44 19 0.755384
44 42 0.747591
44 73 0.714070
44 69 0.727727
44 60 0.742938
44 74 0.724698
44 52 0.756371
44 67 0.741036
44 46 0.772294
44 25 0.800055
44 65 0.764432
44 79 0.748436
44 40 0.798034
44 7 0.833457
44 45 0.802917
44 47 0.806665
44 27 0.836643
44 50 0.812941
44 81 0.792952
44 23 0.859507
44 49 0.854785
45 11 0.289304
45 9 0.327983
45 7 0.365449
45 5 0.376063
45 14 0.359471
45 15 0.361668
45 1 0.398413
45 13 0.380333
45 8 0.405692
45 3 0.429681
45 12 0.404661
45 0 0.439123
45 10 0.428834
45 16 0.400544
45 20 0.386687
45 4 0.476219
45 2 0.485353
45 6 0.481071
45 21 0.451635
45 29 0.219735
45 28 0.230950
45 18 0.506312
45 23 0.457135
45 32 0.241055
45 31 0.246170
45 17 0.539511
45 19 0.538469
45 22 0.511432
45 27 0.459547
45 26 0.484289
45 25 0.514141
45 30 0.379616
45 44 0.246631
45 33 0.350075
45 34 0.420085
45 38 0.419210
45 35 0.422493
45 56 0.359230
45 46 0.394220
45 36 0.425507
45 59 0.359695
45 24 0.721823
45 41 0.428993
45 40 0.437546
45 53 0.391005
45 61 0.363249
45 48 0.413316
45 39 0.465785
45 42 0.442496
45 47 0.442557
45 37 0.482880
45 78 0.346201
45 70 0.368297
45 66 0.385860
45 77 0.363005
45 63 0.413562
45 75 0.380348
45 62 0.420955
45 50 0.478498
45 71 0.410582
45 76 0.399738
45 43 0.502628
45 49 0.501597
45 60 0.467796
45 57 0.488261
45 79 0.416840
45 74 0.454737
45 52 0.530342
45 67 0.481701
45 54 0.523954
45 45 0.561869
45 65 0.505032
45 73 0.478665
45 72 0.482995
45 69 0.493305
45 64 0.523917
45 55 0.552937
45 82 0.479223
45 81 0.482178
45 80 0.490478
45 51 0.596818
45 58 0.574922
45 68 0.541111
46 0 0.220229
46 1 0.220729
46 14 0.210632
46 12 0.214897
46 13 0.220759
46 11 0.244457
46 9 0.252942
46 3 0.314677
46 10 0.377706
46 2 0.385953
46 31 0.346071
46 4 0.387095
46 33 0.364179
46 32 0.386778
46 8 0.421955
46 30 0.393313
46 28 0.420036
46 44 0.426769
46 38 0.435907
46 7 0.491723
46 40 0.454079
46 41 0.463268
46 6 0.513929
46 42 0.477601
46 27 0.515473
46 16 0.533917
46 53 0.490381
46 62 0.488816
46 26 0.542954
46 17 0.562350
46 78 0.364317
46 25 0.574403
46 5 0.603610
46 43 0.551768
46 15 0.595025
46 36 0.563072
46 34 0.577696
46 48 0.570988
46 56 0.559208
46 20 0.609923
46 76 0.398860
46 24 0.611718
46 66 0.552043
46 51 0.575670
46 18 0.627863
46 70 0.444254
46 71 0.454488
46 52 0.613688
46 19 0.673518
46 49 0.634222
46 65 0.611019
46 23 0.677550
46 50 0.642526
46 61 0.625954
46 75 0.473096
46 29 0.671737
46 37 0.671696
46 68 0.632833
46 59 0.644999
46 77 0.491637
46 21 0.702313
46 46 0.675270
46 60 0.657653
46 58 0.664294
46 73 0.511327
46 63 0.658851
46 47 0.686545
46 79 0.512270
46 81 0.510990
46 64 0.669872
46 22 0.735051
46 80 0.527492
46 45 0.722140
46 35 0.735825
46 54 0.719570
46 39 0.752154
46 69 0.605372
46 55 0.736082
46 57 0.753411
46 72 0.600989
46 74 0.598262
46 67 0.751512
46 82 0.607256
47 9 0.249188
47 0 0.276799
47 10 0.292593
47 8 0.313106
47 11 0.304146
47 1 0.338564
47 3 0.375906
47 4 0.375037
47 5 0.381195
47 14 0.316720
47 13 0.390864
47 12 0.409355
47 2 0.452816
47 6 0.452603
47 7 0.477237
47 16 0.428939
47 25 0.297959
47 23 0.308753
47 27 0.298300
47 22 0.317835
47 28 0.294295
47 17 0.461284
47 29 0.298858
47 18 0.464053
47 15 0.479795
47 24 0.326701
47 31 0.295909
47 20 0.386323
47 30 0.316489
47 19 0.395281
47 26 0.355184
47 21 0.408765
47 32 0.333181
47 33 0.365420
47 44 0.322394
47 39 0.474566
47 35 0.493370
47 78 0.253474
47 48 0.449077
47 37 0.509922
47 38 0.528038
47 45 0.492225
47 70 0.299626
47 71 0.301012
47 36 0.544709
47 40 0.521937
47 53 0.465290
47 46 0.503985
47 34 0.568974
47 42 0.535837
47 41 0.538522
47 49 0.486241
47 54 0.499145
47 62 0.449165
47 66 0.376127
47 77 0.337284
47 75 0.342028
47 43 0.570553
47 56 0.502367
47 76 0.355360
47 47 0.554981
47 63 0.470864
47 61 0.489395
47 81 0.373342
47 50 0.564370
47 51 0.587958
47 59 0.553430
47 60 0.555238
47 65 0.500805
47 80 0.433867
47 52 0.615726
47 57 0.595057
47 58 0.593496
47 69 0.478998
47 55 0.618272
47 64 0.546878
47 74 0.477286
47 68 0.494674
47 73 0.502028
47 67 0.543384
47 82 0.504098
47 72 0.537970
47 79 0.526014
48 9 0.254059
48 1 0.272967
48 5 0.272958
48 7 0.272121
48 0 0.287296
48 8 0.292661
48 18 0.401008
48 12 0.423320
48 2 0.483739
48 30 0.482460
48 77 0.436448
48 15 0.503090
48 70 0.447496
48 10 0.510053
48 78 0.442094
48 71 0.450572
48 17 0.507729
48 28 0.495032
48 21 0.505915
48 11 0.514467
48 6 0.519068
48 75 0.451941
48 76 0.478010
48 36 0.526076
48 66 0.497418
48 31 0.549535
48 63 0.545180
48 14 0.598322
48 29 0.606042
48 67 0.569049
48 65 0.574343
48 58 0.583913
48 62 0.581940
48 4 0.639644
48 72 0.574028
48 64 0.586359
48 40 0.612028
48 60 0.607665
48 53 0.624415
48 23 0.654302
48 22 0.665323
48 20 0.671288
48 51 0.638424
48 61 0.629475
48 48 0.651397
48 44 0.656726
48 50 0.651299
48 45 0.656872
48 68 0.637341
48 42 0.665093
48 32 0.674562
48 34 0.675748
48 43 0.669155
48 56 0.655982
48 33 0.680204
48 37 0.677478
48 41 0.673647
48 74 0.642161
48 80 0.637712
48 59 0.663958
48 16 0.709255
48 13 0.723157
48 24 0.719120
48 3 0.753370
48 26 0.738831
48 25 0.746471
48 69 0.715315
48 54 0.732254
48 35 0.767722
48 82 0.729094
48 47 0.773280
48 19 0.806128
48 27 0.795154
48 39 0.795675
48 73 0.763408
48 79 0.761746
48 52 0.791538
48 55 0.793519
48 46 0.803158
48 49 0.805705
48 38 0.820917
48 81 0.779081
48 57 0.805046
49 0 0.204030
49 14 0.222614
49 13 0.234459
49 12 0.265756
49 10 0.300079
49 11 0.304564
49 2 0.316562
49 9 0.320898
49 6 0.434869
49 8 0.467174
49 30 0.444813
49 29 0.462950
49 28 0.464021
49 32 0.487478
49 7 0.516539
49 18 0.508502
49 78 0.462001
49 4 0.565895
49 21 0.556391
49 16 0.560321
49 44 0.554838
49 17 0.587168
49 5 0.608389
49 40 0.616542
49 77 0.578834
49 27 0.652454
49 19 0.663806
49 24 0.656314
49 70 0.608919
49 62 0.617324
49 33 0.648083
49 42 0.639914
49 38 0.647197
49 56 0.629791
49 22 0.666725
49 35 0.660785
49 58 0.636977
49 61 0.634182
49 76 0.617517
49 66 0.632967
49 25 0.680134
49 26 0.685351
49 65 0.648688
49 34 0.682695
49 31 0.688806
49 63 0.655495
49 68 0.657054
49 53 0.685608
49 71 0.668598
49 15 0.729695
49 23 0.718850
49 72 0.674607
49 74 0.671885
49 59 0.689957
49 79 0.670163
49 80 0.674707
49 60 0.699266
49 47 0.714165
49 20 0.752344
49 75 0.700180
49 36 0.746102
49 1 0.786730
49 3 0.794606
49 50 0.750442
49 49 0.760471
49 45 0.774088
49 54 0.764241
49 82 0.735240
49 55 0.773908
49 81 0.753826
49 67 0.773690
49 43 0.806568
49 52 0.797116
49 46 0.808961
49 51 0.813178
49 48 0.821658
49 73 0.799234
49 64 0.811370
49 41 0.855357
49 37 0.859035
49 39 0.863366
49 57 0.849986
49 69 0.846479
50 9 0.264257
50 5 0.284622
50 3 0.293000
50 8 0.297954
50 4 0.321663
50 0 0.332268
50 14 0.320667
50 12 0.330776
50 10 0.334018
50 11 0.335647
50 13 0.370840
50 7 0.382759
50 2 0.420044
50 59 0.429629
50 51 0.452791
50 44 0.468678
50 1 0.525462
50 79 0.495638
50 55 0.524197
50 18 0.575708
50 33 0.563026
50 45 0.554751
50 49 0.549858
50 41 0.562370
50 23 0.584436
50 65 0.544025
50 16 0.599210
50 76 0.531719
50 67 0.547504
50 63 0.555108
50 31 0.591447
50 34 0.590793
50 39 0.586526
50 61 0.568769
50 47 0.586302
50 6 0.634806
50 74 0.563665
50 20 0.626110
50 25 0.621400
50 71 0.571126
50 32 0.620540
50 77 0.583319
50 53 0.611685
50 26 0.644238
50 28 0.642629
50 70 0.603756
50 40 0.640652
50 75 0.602181
50 29 0.656676
50 15 0.707093
50 66 0.651723
50 30 0.701838
50 56 0.673508
50 78 0.648391
50 64 0.666366
50 62 0.680239
50 50 0.704344
50 80 0.669641
50 81 0.675601
50 19 0.748467
50 21 0.747381
50 48 0.719656
50 27 0.753389
50 24 0.761609
50 22 0.770329
50 17 0.785169
50 69 0.734480
50 46 0.762275
50 57 0.749888
50 37 0.775052
50 72 0.745953
50 73 0.746135
50 36 0.795363
50 43 0.789737
50 82 0.745928
50 52 0.784729
50 68 0.768623
50 54 0.787288
50 35 0.817119
50 42 0.816141
50 58 0.799381
50 38 0.835277
50 60 0.818904
51 8 0.267204
51 9 0.266887
51 1 0.294703
51 10 0.288801
51 5 0.301765
51 13 0.310641
51 14 0.323103
51 11 0.325689
51 0 0.334383
51 3 0.341284
51 12 0.335349
51 30 0.469196
51 28 0.483373
51 62 0.465117
51 6 0.605156
51 15 0.598833
51 2 0.608936
51 4 0.607967
51 66 0.545474
51 75 0.533464
51 37 0.579177
51 18 0.599082
51 7 0.608005
51 31 0.589881
51 70 0.556226
51 24 0.609469
51 23 0.611569
51 60 0.570483
51 38 0.596128
51 39 0.666523
51 22 0.684958
51 45 0.660909
51 52 0.655974
51 48 0.663217
51 17 0.695748
51 27 0.685953
51 56 0.655350
51 76 0.633948
51 49 0.670032
51 32 0.692798
51 78 0.640089
51 44 0.691018
51 77 0.655326
51 29 0.711779
51 61 0.676505
51 72 0.661319
51 16 0.725556
51 20 0.723307
51 33 0.718738
51 71 0.678929
51 53 0.702605
51 42 0.716855
51 59 0.702863
51 54 0.725822
51 51 0.745707
51 35 0.774475
51 41 0.772927
51 80 0.727459
51 43 0.772808
51 50 0.769035
51 74 0.749515
51 46 0.798920
51 25 0.821709
51 34 0.816158
51 67 0.783787
51 26 0.842138
51 36 0.832101
51 40 0.832939
51 69 0.798471
51 82 0.789555
51 73 0.799062
51 63 0.816422
51 64 0.816560
51 55 0.835820
51 81 0.804737
51 21 0.874109
51 19 0.875640
51 68 0.820554
51 65 0.826928
51 47 0.848609
51 57 0.863909
51 58 0.863561
51 79 0.850035
52 3 0.225878
52 0 0.227953
52 4 0.257352
52 1 0.259805
52 5 0.263389
52 6 0.264633
52 8 0.265658
52 9 0.272104
52 10 0.275742
52 11 0.287098
52 2 0.306541
52 14 0.299807
52 7 0.312354
52 13 0.308108
52 12 0.314439
52 28 0.487074
52 78 0.427238
52 62 0.444851
52 32 0.502706
52 29 0.508687
52 65 0.462750
52 61 0.468095
52 30 0.509437
52 57 0.495256
52 67 0.486058
52 16 0.559206
52 38 0.541296
52 45 0.549908
52 20 0.586964
52 15 0.592063
52 70 0.525112
52 79 0.517189
52 71 0.525541
52 58 0.539604
52 41 0.571386
52 55 0.553647
52 59 0.551235
52 26 0.596513
52 39 0.584321
52 76 0.548984
52 50 0.588416
52 63 0.577214
52 53 0.602512
52 31 0.633572
52 75 0.580344
52 33 0.629036
52 77 0.579997
52 52 0.612238
52 24 0.651399
52 56 0.617501
52 66 0.611333
52 17 0.679907
52 22 0.679584
52 49 0.646818
52 18 0.694981
52 34 0.676802
52 37 0.680591
52 40 0.683277
52 44 0.675155
52 60 0.665064
52 51 0.678265
52 42 0.691950
52 46 0.688974
52 25 0.724698
52 73 0.670759
52 47 0.705392
52 68 0.683281
52 64 0.692103
52 35 0.736247
52 27 0.752916
52 81 0.697963
52 19 0.776152
52 21 0.777615
52 69 0.718165
52 54 0.738556
52 72 0.719076
52 48 0.746178
52 82 0.711738
52 36 0.766555
52 23 0.806126
52 43 0.781971
52 80 0.747574
52 74 0.836030
53 8 0.285331
53 10 0.306555
53 9 0.309482
53 14 0.308279
53 13 0.317152
53 1 0.335613
53 12 0.351246
53 0 0.369424
53 3 0.374331
53 11 0.377005
53 5 0.385511
53 4 0.399739
53 2 0.436085
53 6 0.511883
53 28 0.518263
53 7 0.557223
53 29 0.519458
53 18 0.542902
53 78 0.411047
53 71 0.464973
53 21 0.602886
53 15 0.616647
53 16 0.615025
53 19 0.623832
53 33 0.598986
53 24 0.615577
53 62 0.554348
53 31 0.630186
53 25 0.637935
53 32 0.639460
53 22 0.710078
53 56 0.650634
53 20 0.718420
53 26 0.702961
53 27 0.713292
53 77 0.586930
53 30 0.715420
53 61 0.673841
53 23 0.755548
53 59 0.702690
53 76 0.633816
53 80 0.626895
53 44 0.739813
53 51 0.746783
53 46 0.760341
53 64 0.722563
53 54 0.743702
53 34 0.784823
53 50 0.784769
53 66 0.765663
53 38 0.822257
53 70 0.729522
53 74 0.720288
53 75 0.723142
53 68 0.748789
53 79 0.720269
53 60 0.814665
53 17 0.895723
53 39 0.861789
53 53 0.851538
53 47 0.873753
53 36 0.890267
53 45 0.878947
53 58 0.861218
53 48 0.884232
53 35 0.904376
53 81 0.782623
53 55 0.879423
53 37 0.919529
53 42 0.921292
53 63 0.879785
53 69 0.843613
53 40 0.945555
53 52 0.925600
53 65 0.908530
53 82 0.838127
53 57 0.931850
53 73 0.863849
53 41 0.976020
53 72 0.881252
53 43 0.989887
53 49 0.985520
53 67 0.957392
54 2 0.241121
54 8 0.239876
54 10 0.252363
54 9 0.271663
54 3 0.338471
54 0 0.381555
54 13 0.252168
54 5 0.395914
54 11 0.342242
54 6 0.414154
54 4 0.437266
54 14 0.294331
54 1 0.475629
54 12 0.332830
54 7 0.551574
54 28 0.280074
54 29 0.292878
54 17 0.379016
54 15 0.405291
54 30 0.321803
54 16 0.424519
54 20 0.383923
54 31 0.335039
54 22 0.388579
54 18 0.421145
54 32 0.347249
54 19 0.405103
54 33 0.357447
54 23 0.431182
54 25 0.430313
54 21 0.470136
54 24 0.475045
54 44 0.368126
54 26 0.485155
54 39 0.445097
54 37 0.486167
54 34 0.508361
54 42 0.489599
54 27 0.580656
54 40 0.497124
54 53 0.430252
54 75 0.250379
54 36 0.550961
54 35 0.556194
54 78 0.249649
54 71 0.326002
54 61 0.418603
54 56 0.480190
54 59 0.468722
54 46 0.558389
54 47 0.581100
54 38 0.608949
54 50 0.550137
54 48 0.561656
54 77 0.346496
54 54 0.538357
54 41 0.622582
54 43 0.622843
54 76 0.383032
54 70 0.448055
54 66 0.503488
54 62 0.539811
54 49 0.648183
54 64 0.533351
54 45 0.702234
54 57 0.622968
54 55 0.637836
54 67 0.558777
54 68 0.551119
54 69 0.535611
54 51 0.667964
54 72 0.501722
54 82 0.452965
54 63 0.587094
54 74 0.493178
54 80 0.478797
54 58 0.661328
54 65 0.599612
54 73 0.506155
54 81 0.487585
54 52 0.722464
54 60 0.693465
54 79 0.536132
55 13 0.149957
55 14 0.163657
55 8 0.278577
55 9 0.275337
55 2 0.310109
55 0 0.337279
55 10 0.305449
55 1 0.343069
55 4 0.376458
55 11 0.385743
55 12 0.307345
55 6 0.446120
55 3 0.461749
55 7 0.511241
55 5 0.536928
55 28 0.260510
55 16 0.406416
55 29 0.278110
55 15 0.439469
55 30 0.289389
55 17 0.422560
55 32 0.302219
55 18 0.405663
55 31 0.330877
55 22 0.386821
55 20 0.402552
55 33 0.367678
55 25 0.409991
55 19 0.453791
55 26 0.422051
55 23 0.449711
55 21 0.497973
55 35 0.452452
55 24 0.517623
55 27 0.513764
55 38 0.480977
55 44 0.462799
55 34 0.514899
55 53 0.467846
55 43 0.548923
55 61 0.527592
55 39 0.632062
55 36 0.642282
55 47 0.603704
55 70 0.501090
55 51 0.569904
55 62 0.526738
55 56 0.539403
55 41 0.628215
55 78 0.396402
55 42 0.628216
55 75 0.413540
55 37 0.645686
55 45 0.622017
55 50 0.597052
55 46 0.640794
55 76 0.435486
55 71 0.504220
55 59 0.574791
55 66 0.557773
55 77 0.454222
55 60 0.588590
55 74 0.490954
55 40 0.702382
55 55 0.635768
55 48 0.707989
55 68 0.636501
55 72 0.590232
55 54 0.689721
55 69 0.643699
55 49 0.719517
55 58 0.678116
55 79 0.530792
55 67 0.667723
55 52 0.721041
55 73 0.597748
55 81 0.560253
55 57 0.721513
55 63 0.717252
55 64 0.716167
55 65 0.710015
55 80 0.582662
55 82 0.589402
56 9 0.225218
56 11 0.259879
56 0 0.302105
56 10 0.276621
56 8 0.327288
56 1 0.358394
56 13 0.342295
56 3 0.381711
56 5 0.385206
56 4 0.387597
56 7 0.388746
56 12 0.380308
56 2 0.415143
56 20 0.348060
56 15 0.413087
56 29 0.345772
56 6 0.463746
56 17 0.423895
56 30 0.378314
56 14 0.456070
56 24 0.421123
56 32 0.390812
56 31 0.403395
56 28 0.433645
56 33 0.417299
56 25 0.454676
56 21 0.489283
56 23 0.488293
56 19 0.497127
56 16 0.533000
56 18 0.530360
56 26 0.507063
56 27 0.500988
56 22 0.541509
56 34 0.543687
56 63 0.317799
56 44 0.470978
56 37 0.639536
56 40 0.627216
56 75 0.353077
56 58 0.441073
56 53 0.474013
56 77 0.351356
56 56 0.443473
56 39 0.664346
56 43 0.614387
56 41 0.659430
56 38 0.674633
56 76 0.360071
56 36 0.682861
56 70 0.387444
56 66 0.422131
56 54 0.489211
56 50 0.534027
56 35 0.726890
56 42 0.668034
56 68 0.460321
56 71 0.452708
56 55 0.530974
56 49 0.606241
56 59 0.541096
56 45 0.676638
56 78 0.453317
56 61 0.529845
56 46 0.673996
56 48 0.674080
56 64 0.535611
56 62 0.548497
56 81 0.460791
56 65 0.558546
56 69 0.544760
56 73 0.515937
56 47 0.712049
56 67 0.562301
56 51 0.640738
56 79 0.517290
56 72 0.557524
56 80 0.530633
56 74 0.556764
56 82 0.530642
56 60 0.669289
56 57 0.676374
56 52 0.724988
57 3 0.293191
57 8 0.295540
57 9 0.321445
57 11 0.332594
57 10 0.373188
57 0 0.421436
57 5 0.418784
57 12 0.424554
57 13 0.470149
57 14 0.479854
57 2 0.489750
57 6 0.557233
57 4 0.558979
57 28 0.536520
57 76 0.516263
57 16 0.589925
57 7 0.610058
57 63 0.545565
57 44 0.628724
57 30 0.649266
57 59 0.612230
57 1 0.681940
57 60 0.616340
57 43 0.675978
57 61 0.672138
57 54 0.685145
57 53 0.687223
57 37 0.736002
57 48 0.721706
57 42 0.732099
57 41 0.738365
57 71 0.700972
57 15 0.782645
57 27 0.769572
57 33 0.765695
57 46 0.768604
57 20 0.805628
57 77 0.740564
57 79 0.742029
57 66 0.769237
57 70 0.775377
57 80 0.765476
57 68 0.780872
57 29 0.843922
57 78 0.793332
57 50 0.828729
57 25 0.868667
57 32 0.873863
57 75 0.835311
57 56 0.866985
57 62 0.860940
57 65 0.860931
57 31 0.906599
57 21 0.927917
57 52 0.906381
57 73 0.889586
57 24 0.954133
57 18 0.965359
57 72 0.902735
57 38 0.947053
57 36 0.953596
57 82 0.902511
57 64 0.931740
57 26 0.983602
57 58 0.948192
57 34 0.982502
57 69 0.937727
57 22 1.006520
57 81 0.941394
57 57 0.977652
57 40 1.006808
57 19 1.031525
57 74 0.969711
57 47 1.003662
57 51 0.999416
57 39 1.022538
57 55 1.019675
57 67 1.009332
57 35 1.063726
57 45 1.054139
57 23 1.090738
57 17 1.103177
57 49 1.102643
58 10 0.219159
58 9 0.230317
58 14 0.240516
58 11 0.265000
58 12 0.265939
58 8 0.303848
58 13 0.286302
58 2 0.363039
58 3 0.373521
58 5 0.406509
58 0 0.431301
58 4 0.437499
58 16 0.433425
58 6 0.513703
58 1 0.537573
58 7 0.509577
58 28 0.213334
58 15 0.531500
58 18 0.495064
58 30 0.260632
58 32 0.264156
58 31 0.320863
58 33 0.336547
58 29 0.342972
58 26 0.456990
58 20 0.589617
58 19 0.652816
58 22 0.544724
58 24 0.534552
58 17 0.734498
58 44 0.424630
58 25 0.593522
58 23 0.605214
58 34 0.553383
58 21 0.666652
58 62 0.408374
58 27 0.636951
58 40 0.550367
58 35 0.588122
58 36 0.598185
58 56 0.528048
58 51 0.571246
58 78 0.421152
58 75 0.450941
58 38 0.621764
58 39 0.632758
58 59 0.552586
58 43 0.640436
58 63 0.546834
58 53 0.608042
58 77 0.499951
58 61 0.577805
58 52 0.634462
58 42 0.670527
58 71 0.546073
58 76 0.524209
58 46 0.668434
58 45 0.679970
58 48 0.669086
58 70 0.588177
58 37 0.743155
58 66 0.624620
58 41 0.734940
58 60 0.670737
58 50 0.740249
58 69 0.660274
58 54 0.728703
58 82 0.595647
58 57 0.723963
58 65 0.707076
58 73 0.681569
58 80 0.644860
58 55 0.784068
58 58 0.770448
58 81 0.670357
58 68 0.751523
58 47 0.847328
58 67 0.769497
58 49 0.863544
58 72 0.761236
58 64 0.800129
58 74 0.756276
58 79 0.747185
59 8 0.211084
59 9 0.217844
59 1 0.306866
59 10 0.258729
59 13 0.263139
59 12 0.265809
59 11 0.272126
59 14 0.307317
59 2 0.375968
59 4 0.370435
59 0 0.384616
59 5 0.362525
59 3 0.421619
59 17 0.398424
59 6 0.441644
59 18 0.415229
59 16 0.439972
59 30 0.227679
59 7 0.525643
59 15 0.512325
59 29 0.270869
59 19 0.616132
59 20 0.615194
59 31 0.382641
59 23 0.493485
59 33 0.379659
59 28 0.405384
59 51 0.473201
59 77 0.433484
59 26 0.556781
59 61 0.454287
59 34 0.537373
59 25 0.619763
59 59 0.459582
59 32 0.542751
59 21 0.762703
59 22 0.697194
59 27 0.560882
59 53 0.470667
59 43 0.547559
59 78 0.477881
59 71 0.503032
59 41 0.564212
59 75 0.501839
59 63 0.531211
59 24 0.703194
59 39 0.596314
59 65 0.544117
59 36 0.618827
59 44 0.616542
59 45 0.618418
59 56 0.593836
59 57 0.593199
59 42 0.631685
59 70 0.600094
59 38 0.666914
59 35 0.682126
59 58 0.626670
59 37 0.693261
59 76 0.616487
59 62 0.635243
59 69 0.646119
59 66 0.657067
59 68 0.674151
59 40 0.749201
59 73 0.693967
59 72 0.701092
59 55 0.734723
59 46 0.767552
59 47 0.775139
59 80 0.719185
59 64 0.747199
59 50 0.776257
59 60 0.756856
59 79 0.734355
59 74 0.748289
59 54 0.780114
59 82 0.741070
59 67 0.766542
59 49 0.811021
59 52 0.814062
59 81 0.783983
59 48 0.860740
60 8 0.264738
60 11 0.273939
60 10 0.284267
60 9 0.291003
60 13 0.327845
60 12 0.363640
60 14 0.361062
60 3 0.419664
60 5 0.423222
60 0 0.454108
60 2 0.484311
60 4 0.523417
60 30 0.447153
60 28 0.467264
60 32 0.450738
60 6 0.544064
60 1 0.605074
60 7 0.611413
60 17 0.601551
60 15 0.614610
60 18 0.606724
60 19 0.609511
60 29 0.581723
60 31 0.562857
60 33 0.600208
60 20 0.677420
60 23 0.668475
60 35 0.660248
60 26 0.726980
60 44 0.522037
60 24 0.746306
60 27 0.749878
60 22 0.765921
60 16 0.813102
60 36 0.741707
60 25 0.814275
60 21 0.826817
60 39 0.752492
60 53 0.518524
60 34 0.809072
60 48 0.640603
60 40 0.813562
60 45 0.684832
60 38 0.857392
60 59 0.563580
60 51 0.662249
60 56 0.585650
60 37 0.913888
60 76 0.401245
60 61 0.575817
60 62 0.595508
60 77 0.437155
60 66 0.528123
60 70 0.503314
60 78 0.455450
60 41 0.966549
60 43 0.836108
60 50 0.781202
60 42 0.911800
60 71 0.508681
60 75 0.482703
60 52 0.776764
60 47 0.835521
60 46 0.854003
60 54 0.791416
60 63 0.645262
60 64 0.608908
60 49 0.841486
60 55 0.811616
60 80 0.560060
60 60 0.773002
60 74 0.585451
60 79 0.579141
60 58 0.793936
60 69 0.663496
60 68 0.681770
60 57 0.827600
60 65 0.703432
60 81 0.620692
60 72 0.654706
60 82 0.638350
60 73 0.655747
60 67 0.743164
61 9 0.304952
61 10 0.317395
61 8 0.364611
61 7 0.655807
61 59 0.603301
61 11 0.653600
61 56 0.608219
61 70 0.592804
61 32 0.634856
61 14 0.654193
61 5 0.662510
61 28 0.644017
61 62 0.607801
61 77 0.591468
61 4 0.667797
61 0 0.671933
61 33 0.640674
61 13 0.665729
61 2 0.689916
61 26 0.688163
61 19 0.696981
61 16 0.699794
61 39 0.676283
61 51 0.681397
61 6 0.731662
61 61 0.677602
61 81 0.659070
61 12 0.736244
61 43 0.704879
61 75 0.674012
61 1 0.751750
61 68 0.681959
61 60 0.718274
61 3 0.779011
61 44 0.738588
61 34 0.756132
61 53 0.794238
61 38 0.813501
61 29 0.823436
61 47 0.806285
61 78 0.773913
61 66 0.786571
61 15 0.857288
61 37 0.834580
61 31 0.842012
61 79 0.790463
61 27 0.847555
61 30 0.845796
61 63 0.818829
61 71 0.812702
61 80 0.804203
61 76 0.825405
61 36 0.873346
61 40 0.882907
61 65 0.861031
61 17 0.923342
61 82 0.852684
61 73 0.941456
61 45 0.983950
61 67 0.965127
61 25 1.023999
61 20 1.048255
61 35 1.036342
61 57 1.012112
61 18 1.059649
61 22 1.065422
61 23 1.063584
61 24 1.065865
61 48 1.045898
61 58 1.041908
61 41 1.065450
61 55 1.054491
61 46 1.070570
61 72 1.044661
61 50 1.072485
61 64 1.063153
61 21 1.114521
61 54 1.078992
61 74 1.056967
61 69 1.092197
61 49 1.118189
61 52 1.123171
61 42 1.141668
62 1 0.205594
62 3 0.278198
62 9 0.250996
62 8 0.268254
62 5 0.302332
62 11 0.275715
62 10 0.306740
62 2 0.375016
62 0 0.379897
62 4 0.375476
62 12 0.289834
62 7 0.400561
62 13 0.295592
62 14 0.291211
62 6 0.488560
62 31 0.270471
62 15 0.418995
62 29 0.280605
62 33 0.276229
62 20 0.400525
62 21 0.394574
62 19 0.421127
62 16 0.431956
62 32 0.311619
62 28 0.355673
62 18 0.464156
62 30 0.380483
62 17 0.560092
62 36 0.418299
62 25 0.511338
62 26 0.507464
62 27 0.515909
62 23 0.538498
62 22 0.585822
62 44 0.409563
62 24 0.598667
62 34 0.563928
62 45 0.507864
62 35 0.579153
62 56 0.452779
62 40 0.639596
62 43 0.632437
62 77 0.383942
62 39 0.665134
62 37 0.668989
62 52 0.609417
62 42 0.668949
62 53 0.602462
62 41 0.671046
62 38 0.703123
62 48 0.654607
62 75 0.451504
62 49 0.659192
62 61 0.512748
62 76 0.461225
62 51 0.660645
62 46 0.679345
62 59 0.528113
62 50 0.683358
62 47 0.694371
62 80 0.474858
62 70 0.501931
62 58 0.558658
62 71 0.508645
62 78 0.495254
62 66 0.520470
62 62 0.538582
62 63 0.544196
62 60 0.578639
62 68 0.560474
62 54 0.696177
62 67 0.565649
62 73 0.563968
62 69 0.579782
62 65 0.589142
62 57 0.651644
62 82 0.564402
62 74 0.605674
62 64 0.663488
62 55 0.789161
62 79 0.655059
62 72 0.685153
62 81 0.665862
63 10 0.312406
63 2 0.364124
63 14 0.309601
63 8 0.381826
63 1 0.422884
63 7 0.414052
63 9 0.409248
63 3 0.420797
63 0 0.448920
63 13 0.415977
63 4 0.457872
63 11 0.490156
63 16 0.448659
63 12 0.495101
63 15 0.458545
63 17 0.488449
63 18 0.508673
63 5 0.590275
63 33 0.248144
63 31 0.285097
63 6 0.708227
63 32 0.299343
63 20 0.585076
63 28 0.374512
63 19 0.627805
63 29 0.366528
63 22 0.593375
63 24 0.545486
63 30 0.386775
63 21 0.664572
63 26 0.467574
63 35 0.446664
63 44 0.406132
63 38 0.487666
63 78 0.341607
63 59 0.439636
63 66 0.454713
63 27 0.627594
63 25 0.673841
63 34 0.631531
63 56 0.542858
63 37 0.628631
63 77 0.470102
63 62 0.535458
63 36 0.651416
63 70 0.516972
63 76 0.491624
63 75 0.500393
63 39 0.647660
63 60 0.595824
63 51 0.615686
63 40 0.673271
63 45 0.655145
63 53 0.619806
63 46 0.659615
63 71 0.575535
63 52 0.641397
63 41 0.707270
63 43 0.704350
63 63 0.645747
63 23 0.936276
63 61 0.663960
63 47 0.709376
63 50 0.703464
63 58 0.685989
63 64 0.684163
63 80 0.617885
63 79 0.620779
63 67 0.683491
63 68 0.676704
63 65 0.701199
63 74 0.671339
63 57 0.724293
63 73 0.699997
63 69 0.716543
63 42 0.819931
63 82 0.676201
63 55 0.789884
63 48 0.819905
63 81 0.712833
63 72 0.774512
63 54 0.851748
63 49 0.899340
64 9 0.258133
64 11 0.290502
64 8 0.297943
64 12 0.331190
64 10 0.337531
64 13 0.336751
64 1 0.360839
64 3 0.392482
64 14 0.373446
64 5 0.400966
64 0 0.444489
64 4 0.489733
64 28 0.525172
64 30 0.533149
64 29 0.534431
64 31 0.617828
64 25 0.627067
64 32 0.644938
64 15 0.671703
64 17 0.671953
64 23 0.670916
64 33 0.663696
64 7 0.710290
64 70 0.593739
64 6 0.745616
64 2 0.755066
64 20 0.727437
64 24 0.722676
64 77 0.619548
64 27 0.746225
64 18 0.765991
64 75 0.651527
64 16 0.792930
64 66 0.713630
64 21 0.827440
64 61 0.760140
64 34 0.834846
64 26 0.852696
64 22 0.886379
64 52 0.871457
64 62 0.843816
64 59 0.882750
64 78 0.834244
64 44 0.917019
64 35 0.931058
64 68 0.849354
64 80 0.837879
64 76 0.845545
64 56 0.917723
64 71 0.868469
64 54 0.943954
64 51 0.956610
64 53 0.965662
64 81 0.896253
64 19 1.047469
64 67 0.945351
64 49 1.006266
64 74 0.936912
64 40 1.033590
64 69 0.956708
64 45 1.028135
64 65 0.973352
64 63 0.995200
64 41 1.050075
64 60 1.015777
64 50 1.047122
64 38 1.066351
64 43 1.061199
64 82 0.987161
64 79 1.016647
64 37 1.121316
64 46 1.123029
64 36 1.141564
64 73 1.058043
64 58 1.112826
64 57 1.122471
64 42 1.151150
64 39 1.169111
64 55 1.145240
64 72 1.092004
64 47 1.174376
64 48 1.181670
64 64 1.160655
65 3 0.262405
65 5 0.279395
65 8 0.308444
65 13 0.351432
65 11 0.362645
65 0 0.385397
65 10 0.389709
65 9 0.400107
65 1 0.407108
65 14 0.396736
65 12 0.412117
65 30 0.414631
65 33 0.429511
65 22 0.458253
65 31 0.453986
65 7 0.488691
65 2 0.506783
65 6 0.506987
65 35 0.486836
65 29 0.506563
65 26 0.518524
65 16 0.528872
65 32 0.512137
65 44 0.500126
65 43 0.504725
65 28 0.540910
65 52 0.514767
65 34 0.574228
65 50 0.579173
65 27 0.604764
65 42 0.588363
65 38 0.592989
65 45 0.655247
65 36 0.665940
65 53 0.646688
65 20 0.683337
65 23 0.681370
65 40 0.662495
65 15 0.690052
65 4 0.700648
65 66 0.653114
65 48 0.679472
65 18 0.712850
65 63 0.663043
65 71 0.551082
65 46 0.689312
65 78 0.528200
65 75 0.539568
65 37 0.725934
65 25 0.740493
65 59 0.726753
65 57 0.740922
65 56 0.743078
65 70 0.628224
65 39 0.768827
65 47 0.762386
65 54 0.753827
65 61 0.746456
65 62 0.755113
65 41 0.784823
65 24 0.829699
65 77 0.640709
65 76 0.645368
65 49 0.807712
65 21 0.838780
65 80 0.646076
65 17 0.868206
65 81 0.665105
65 58 0.824825
65 69 0.835214
65 55 0.852641
65 60 0.848892
65 19 0.908592
65 64 0.861739
65 73 0.727783
65 79 0.722202
65 51 0.889276
65 67 0.869888
65 74 0.741727
65 68 0.884272
65 72 0.799090
65 82 0.778816
65 65 0.940803
66 8 0.193271
66 9 0.222349
66 10 0.258412
66 1 0.290471
66 0 0.296675
66 11 0.294971
66 4 0.326671
66 14 0.313596
66 12 0.340436
66 13 0.340819
66 7 0.392245
66 6 0.414132
66 3 0.419524
66 5 0.420598
66 2 0.441244
66 20 0.460327
66 30 0.448095
66 15 0.506148
66 29 0.476345
66 16 0.514610
66 18 0.517245
66 28 0.497645
66 19 0.520240
66 31 0.499092
66 21 0.545883
66 33 0.510065
66 32 0.559920
66 17 0.669571
66 25 0.680443
66 24 0.711826
66 35 0.676202
66 27 0.751712
66 44 0.637658
66 34 0.717299
66 78 0.466727
66 77 0.470489
66 22 0.793179
66 43 0.673032
66 66 0.590087
66 59 0.629459
66 26 0.837599
66 23 0.861240
66 75 0.568406
66 61 0.642207
66 71 0.604116
66 41 0.798570
66 38 0.819037
66 53 0.715668
66 56 0.690941
66 51 0.737148
66 69 0.636835
66 62 0.676200
66 36 0.848623
66 37 0.849260
66 45 0.782127
66 40 0.863517
66 76 0.625456
66 39 0.889571
66 47 0.837392
66 70 0.725359
66 58 0.792944
66 49 0.850084
66 42 0.901457
66 54 0.832381
66 63 0.775180
66 65 0.766874
66 79 0.681264
66 52 0.876624
66 48 0.888574
66 80 0.695486
66 57 0.838789
66 82 0.697323
66 72 0.763758
66 68 0.808293
66 55 0.867147
66 60 0.840286
66 67 0.820997
66 46 0.933311
66 73 0.803342
66 64 0.867781
66 50 0.974938
66 81 0.795424
66 74 0.855251
67 9 0.215022
67 11 0.273438
67 10 0.283523
67 12 0.345254
67 14 0.367069
67 1 0.431701
67 8 0.398563
67 5 0.429975
67 3 0.500238
67 13 0.451571
67 2 0.507646
67 0 0.513620
67 4 0.516964
67 7 0.526875
67 29 0.520982
67 32 0.498294
67 28 0.568500
67 6 0.645574
67 30 0.546970
67 31 0.564984
67 18 0.664396
67 16 0.706529
67 20 0.718885
67 33 0.693167
67 25 0.789983
67 22 0.813482
67 24 0.814862
67 19 0.836161
67 27 0.814240
67 38 0.684249
67 40 0.661823
67 21 0.858523
67 34 0.781571
67 26 0.854363
67 36 0.742315
67 17 0.912441
67 62 0.488791
67 51 0.576298
67 15 0.958464
67 59 0.510014
67 53 0.630262
67 49 0.638411
67 35 0.872916
67 44 0.757306
67 43 0.761707
67 37 0.868355
67 78 0.408793
67 76 0.435991
67 41 0.831464
67 46 0.713025
67 39 0.904426
67 56 0.647081
67 75 0.471126
67 61 0.635535
67 77 0.469976
67 47 0.738993
67 70 0.511157
67 66 0.539175
67 71 0.519107
67 42 0.886952
67 57 0.724383
67 63 0.741406
67 23 1.189020
67 48 0.846602
67 58 0.772279
67 45 0.862934
67 50 0.873554
67 69 0.699467
67 54 0.895482
67 67 0.721500
67 64 0.831814
67 73 0.694842
67 80 0.658984
67 81 0.672788
67 79 0.681854
67 52 0.948989
67 55 0.887550
67 60 0.873529
67 68 0.765445
67 72 0.730428
67 82 0.779295
67 65 0.935129
67 74 0.819087
68 8 0.168279
68 2 0.384099
68 10 0.249863
68 9 0.293664
68 13 0.265322
68 0 0.461923
68 11 0.308031
68 6 0.368612
68 1 0.475913
68 12 0.341918
68 4 0.498207
68 3 0.514230
68 5 0.493924
68 14 0.371933
68 22 0.311068
68 7 0.623151
68 28 0.284398
68 32 0.299472
68 15 0.483187
68 26 0.354501
68 31 0.341101
68 23 0.378281
68 21 0.499447
68 20 0.501874
68 44 0.322057
68 24 0.459542
68 17 0.549723
68 34 0.412059
68 16 0.594008
68 25 0.462435
68 30 0.440123
68 29 0.442602
68 19 0.580221
68 18 0.586560
68 33 0.534564
68 35 0.515672
68 36 0.508941
68 53 0.283000
68 38 0.513240
68 56 0.289944
68 27 0.604602
68 61 0.185458
68 42 0.536933
68 46 0.526996
68 54 0.373861
68 37 0.607107
68 39 0.621744
68 41 0.623360
68 50 0.432873
68 55 0.415045
68 59 0.298042
68 51 0.458820
68 45 0.616683
68 62 0.328624
68 52 0.474890
68 77 0.276011
68 40 0.682356
68 71 0.316959
68 78 0.307635
68 70 0.341762
68 48 0.551863
68 66 0.372299
68 75 0.339009
68 49 0.554682
68 58 0.409499
68 47 0.616069
68 76 0.369230
68 65 0.420324
68 72 0.441724
68 60 0.486226
68 43 0.802042
68 81 0.437634
68 80 0.443897
68 68 0.484061
68 79 0.457120
68 57 0.639827
68 63 0.524422
68 67 0.521233
68 64 0.543395
68 73 0.527383
68 82 0.518556
68 69 0.560228
68 74 0.620389
69 10 0.266835
69 8 0.319839
69 13 0.312512
69 9 0.328313
69 14 0.331123
69 12 0.351197
69 4 0.365754
69 7 0.380631
69 11 0.385766
69 17 0.403871
69 0 0.471538
69 5 0.629490
69 1 0.633927
69 79 0.557607
69 31 0.618879
69 33 0.700390
69 19 0.726247
69 71 0.649793
69 18 0.728485
69 65 0.666705
69 16 0.747361
69 49 0.706161
69 2 0.787015
69 20 0.760673
69 6 0.791645
69 82 0.683007
69 56 0.729300
69 3 0.816104
69 29 0.770067
69 75 0.710427
69 50 0.744792
69 78 0.715355
69 62 0.785167
69 39 0.809944
69 30 0.845707
69 72 0.802225
69 53 0.824280
69 47 0.831319
69 81 0.808740
69 55 0.837487
69 15 0.911605
69 41 0.857727
69 34 0.884489
69 54 0.867092
69 32 0.907052
69 37 0.892856
69 64 0.890226
69 59 0.897230
69 52 0.905491
69 43 0.915217
69 51 0.907728
69 61 0.902476
69 76 0.892119
69 60 0.911639
69 27 0.970123
69 23 0.987908
69 63 0.926452
69 28 0.975381
69 44 0.962105
69 66 0.949087
69 80 0.935857
69 46 0.974212
69 77 0.944708
69 25 1.018067
69 48 0.977062
69 73 0.951148
69 70 0.957931
69 58 0.972261
69 42 0.995622
69 74 0.961613
69 68 0.969632
69 35 1.020153
69 40 1.015682
69 57 1.003048
69 67 1.011248
69 36 1.070763
69 38 1.089237
69 22 1.134720
69 45 1.092693
69 21 1.143722
69 24 1.143723
69 69 1.092561
69 26 1.156343
70 8 0.359080
70 11 0.413061
70 10 0.434699
70 5 0.440959
70 2 0.462831
70 9 0.511204
70 33 0.508329
70 76 0.468401
70 14 0.578869
70 1 0.604088
70 19 0.660615
70 31 0.688110
70 29 0.721634
70 18 0.756997
70 26 0.752473
70 3 0.868360
70 22 0.852584
70 13 0.862566
70 28 0.848522
70 43 0.843383
70 51 0.834741
70 71 0.813656
70 42 0.846268
70 15 0.876059
70 12 0.879470
70 53 0.846523
70 81 0.843688
70 62 0.870207
70 56 0.876951
70 30 0.907424
70 74 0.854899
70 4 0.932772
70 7 0.931098
70 0 0.936546
70 20 0.920954
70 54 0.889025
70 23 0.926090
70 44 0.933151
70 60 0.916930
70 66 0.950804
70 64 0.960513
70 38 0.990600
70 77 0.946356
70 55 0.983855
70 65 0.984448
70 78 0.967193
70 32 1.022975
70 47 1.006810
70 79 0.967885
70 21 1.036957
70 61 0.992541
70 69 0.985269
70 75 0.979818
70 57 1.013220
70 6 1.072424
70 17 1.068626
70 70 1.037973
70 80 1.031976
70 59 1.064506
70 24 1.124461
70 50 1.095287
70 46 1.104115
70 36 1.120148
70 37 1.119933
70 63 1.115342
70 45 1.135919
70 49 1.136115
70 16 1.176480
70 68 1.127501
70 40 1.162800
70 72 1.138379
70 67 1.144117
70 58 1.163058
70 25 1.228865
70 52 1.210404
70 82 1.182944
70 27 1.251831
70 41 1.236695
70 34 1.248400
70 48 1.238567
70 39 1.273313
70 35 1.278015
70 73 1.247488
71 8 0.368360
71 10 0.409880
71 12 0.415170
71 11 0.419085
71 32 0.419214
71 14 0.446267
71 28 0.450863
71 9 0.478781
71 29 0.536505
71 5 0.564548
71 2 0.567664
71 3 0.567285
71 31 0.541308
71 44 0.537238
71 13 0.581185
71 30 0.594393
71 4 0.667599
71 6 0.670277
71 47 0.630545
71 0 0.686417
71 38 0.659996
71 39 0.679622
71 1 0.748633
71 75 0.595650
71 23 0.776896
71 46 0.754014
71 25 0.781706
71 19 0.799544
71 20 0.811540
71 22 0.850416
71 33 0.839680
71 62 0.809257
71 36 0.839836
71 18 0.859989
71 76 0.684662
71 70 0.817223
71 56 0.863612
71 17 0.907884
71 34 0.907298
71 50 0.889007
71 66 0.871082
71 77 0.748340
71 53 0.903819
71 52 0.907699
71 63 0.932977
71 42 0.964238
71 37 0.986845
71 61 0.968326
71 58 1.004100
71 78 0.858190
71 59 1.007020
71 48 1.026218
71 60 1.013102
71 45 1.033479
71 54 1.029684
71 26 1.065925
71 24 1.074952
71 16 1.087174
71 71 0.925607
71 40 1.077884
71 80 0.907798
71 67 1.070287
71 21 1.122473
71 7 1.140791
71 27 1.123694
71 15 1.141326
71 35 1.146854
71 69 1.163656
71 43 1.197993
71 55 1.187367
71 79 1.043929
71 57 1.195061
71 51 1.205398
71 82 1.048178
71 68 1.192204
71 73 1.084446
71 65 1.204139
71 41 1.241322
71 64 1.218961
71 49 1.236306
71 74 1.118188
71 72 1.182007
71 81 1.205883
72 0 0.333725
72 5 0.333597
72 8 0.353375
72 2 0.375042
72 3 0.379574
72 14 0.396446
72 10 0.426507
72 12 0.425672
72 9 0.430029
72 66 0.772855
72 16 0.834506
72 36 0.813125
72 6 0.842911
72 1 0.847256
72 30 0.822415
72 78 0.767874
72 76 0.772559
72 11 0.846093
72 40 0.817189
72 28 0.832504
72 20 0.862789
72 23 0.881434
72 47 0.853918
72 60 0.838985
72 42 0.859497
72 80 0.821640
72 70 0.837038
72 74 0.843280
72 62 0.856217
72 15 0.909018
72 4 0.918139
72 56 0.863944
72 55 0.865718
72 17 0.910344
72 77 0.845702
72 72 0.852427
72 45 0.880976
72 27 0.902784
72 58 0.867024
72 33 0.897647
72 46 0.881591
72 48 0.879643
72 41 0.893552
72 7 0.939855
72 68 0.886051
72 59 0.927470
72 64 0.933586
72 67 0.932309
72 81 0.915318
72 19 0.987032
72 39 0.965356
72 61 0.940485
72 38 0.967441
72 22 0.987519
72 31 0.986617
72 24 0.994491
72 13 1.004740
72 43 0.990658
72 50 0.990287
72 71 0.970626
72 54 0.994004
72 44 1.005451
72 75 0.980535
72 63 0.998127
72 32 1.035568
72 53 1.019891
72 57 1.029933
72 26 1.068743
72 29 1.064844
72 35 1.087754
72 82 1.054517
72 25 1.144539
72 18 1.157449
72 69 1.114690
72 37 1.150213
72 52 1.137743
72 79 1.108386
72 34 1.175222
72 65 1.141026
72 73 1.142710
72 49 1.168920
72 51 1.171581
72 21 1.255885
73 9 0.332657
73 8 0.358947
73 10 0.400548
73 13 0.438172
73 53 0.514599
73 62 0.510737
73 70 0.503308
73 14 0.579021
73 5 0.632184
73 78 0.586387
73 76 0.591382
73 11 0.690853
73 31 0.681372
73 56 0.662621
73 32 0.698205
73 29 0.739581
73 7 0.765916
73 16 0.768228
73 59 0.734840
73 2 0.805148
73 35 0.779259
73 1 0.818901
73 21 0.840024
73 3 0.927508
73 73 0.863184
73 75 0.869743
73 45 0.911007
73 77 0.881784
73 4 0.984469
73 42 0.944606
73 6 1.006810
73 12 1.002765
73 26 0.987880
73 81 0.930246
73 65 0.989506
73 39 1.032336
73 30 1.043276
73 66 1.011048
73 18 1.067006
73 0 1.084308
73 27 1.073413
73 61 1.035777
73 58 1.053749
73 19 1.098591
73 25 1.092663
73 74 1.037790
73 44 1.072446
73 36 1.086462
73 71 1.047442
73 33 1.105759
73 17 1.124022
73 64 1.074996
73 28 1.116575
73 46 1.102333
73 79 1.080886
73 80 1.087734
73 50 1.130495
73 15 1.203687
73 55 1.171000
73 38 1.232121
73 34 1.268731
73 43 1.264592
73 54 1.252215
73 49 1.284969
73 57 1.280584
73 67 1.273718
73 40 1.305129
73 60 1.288767
73 48 1.305855
73 72 1.284959
73 47 1.324641
73 37 1.338589
73 68 1.318295
73 63 1.323655
73 51 1.337585
73 69 1.332911
73 52 1.358736
73 24 1.421720
73 20 1.426659
73 41 1.409989
73 22 1.443690
73 23 1.456771
73 82 1.409641
74 11 0.231119
74 9 0.294946
74 8 0.322388
74 14 0.307624
74 12 0.350673
74 13 0.379300
74 10 0.428916
74 2 0.464760
74 18 0.414818
74 7 0.514075
74 4 0.548378
74 16 0.480158
74 0 0.593239
74 6 0.600715
74 3 0.639503
74 5 0.665132
74 1 0.683231
74 19 0.586408
74 20 0.639940
74 15 0.671640
74 22 0.634294
74 29 0.405367
74 28 0.471031
74 33 0.390543
74 26 0.527950
74 21 0.687508
74 32 0.405168
74 31 0.420384
74 30 0.461700
74 17 0.754150
74 27 0.646124
74 25 0.824923
74 56 0.503554
74 24 0.876870
74 23 0.909385
74 37 0.612410
74 38 0.611993
74 52 0.527478
74 42 0.584658
74 34 0.641648
74 46 0.585161
74 76 0.418063
74 43 0.617880
74 39 0.704217
74 54 0.629776
74 51 0.642796
74 44 0.662440
74 59 0.608387
74 61 0.609828
74 53 0.648555
74 75 0.507986
74 77 0.505938
74 47 0.666254
74 71 0.532953
74 40 0.757066
74 36 0.769216
74 62 0.591642
74 66 0.567663
74 35 0.780033
74 50 0.696109
74 78 0.555001
74 70 0.613731
74 69 0.634580
74 41 0.864200
74 49 0.805408
74 60 0.774597
74 64 0.746108
74 79 0.703281
74 45 0.887602
74 67 0.765866
74 72 0.748879
74 82 0.714840
74 48 0.903733
74 81 0.733400
74 68 0.791945
74 57 0.899529
74 73 0.787338
74 65 0.841674
74 58 0.906930
74 55 0.931715
74 74 0.801776
74 80 0.809821
74 63 0.892859
75 9 0.258344
75 8 0.328481
75 12 0.296746
75 10 0.327670
75 13 0.337571
75 11 0.422304
75 14 0.406602
75 5 0.589516
75 3 0.597007
75 1 0.622079
75 0 0.665445
75 2 0.660130
75 29 0.263285
75 31 0.277298
75 30 0.356726
75 28 0.377317
75 6 0.765257
75 7 0.802243
75 32 0.361883
75 17 0.645726
75 15 0.782579
75 4 0.993284
75 21 0.670664
75 16 0.853385
75 44 0.371313
75 18 0.781323
75 33 0.581374
75 23 0.738586
75 19 0.781458
75 24 0.776367
75 20 0.818811
75 56 0.512691
75 25 0.885038
75 22 0.924581
75 37 0.756695
75 61 0.561930
75 53 0.622444
75 26 0.958269
75 35 0.818946
75 62 0.612658
75 41 0.741390
75 34 0.854471
75 39 0.771112
75 40 0.770953
75 36 0.895475
75 27 1.044049
75 48 0.762303
75 70 0.663633
75 78 0.599986
75 76 0.664326
75 38 0.884115
75 45 0.835308
75 51 0.816855
75 49 0.836753
75 66 0.735941
75 42 0.876688
75 59 0.786841
75 77 0.664737
75 43 0.861973
75 75 0.734587
75 71 0.761656
75 46 0.905500
75 50 0.885680
75 47 0.930034
75 57 0.919080
75 55 0.935976
75 73 0.838179
75 52 0.957092
75 72 0.890434
75 68 0.905955
75 54 1.023258
75 58 1.005527
75 67 0.955434
75 74 0.943562
75 64 1.005101
75 65 1.028322
75 60 1.072017
75 80 0.959019
75 63 1.070782
75 81 0.973939
75 82 0.967264
75 79 0.993128
75 69 1.091595
76 11 0.404444
76 10 0.420041
76 8 0.435499
76 9 0.435214
76 12 0.490817
76 14 0.621887
76 13 0.625218
76 5 0.637639
76 1 0.640693
76 3 0.705702
76 2 0.707093
76 4 0.736570
76 7 0.739719
76 71 0.689328
76 30 0.744768
76 0 0.798845
76 31 0.760979
76 78 0.720702
76 15 0.822379
76 75 0.791916
76 76 0.800230
76 29 0.902094
76 32 0.933375
76 18 0.962574
76 6 0.991987
76 61 0.948702
76 16 1.052938
76 65 1.021499
76 19 1.093336
76 17 1.135573
76 28 1.138156
76 74 1.106702
76 70 1.149880
76 66 1.173406
76 56 1.184132
76 59 1.181512
76 26 1.242263
76 34 1.235885
76 41 1.227496
76 64 1.223125
76 79 1.206600
76 58 1.265665
76 35 1.294372
76 46 1.290447
76 20 1.327809
76 53 1.299228
76 62 1.289070
76 22 1.374296
76 43 1.357784
76 44 1.364620
76 37 1.374637
76 77 1.350559
76 60 1.409501
76 33 1.471072
76 42 1.460966
76 38 1.505670
76 54 1.486788
76 45 1.546239
76 63 1.537398
76 23 1.581628
76 69 1.536733
76 52 1.568854
76 40 1.588463
76 49 1.596896
76 82 1.559771
76 80 1.566536
76 57 1.598885
76 48 1.626847
76 21 1.689839
76 24 1.688969
76 68 1.650280
76 25 1.701874
76 50 1.678080
76 67 1.664584
76 47 1.700391
76 81 1.666065
76 72 1.682187
76 36 1.732089
76 55 1.720388
76 73 1.708547
76 39 1.765530
76 51 1.768382
76 27 1.837084
77 11 0.275909
77 8 0.312453
77 14 0.300862
77 9 0.359760
77 10 0.374321
77 13 0.394246
77 12 0.398695
77 3 0.570164
77 5 0.631514
77 1 0.672164
77 7 0.756792
77 0 0.790532
77 2 0.817449
77 28 0.465215
77 15 0.808516
77 32 0.486559
77 30 0.502639
77 16 0.822768
77 4 0.943558
77 17 0.792498
77 31 0.560708
77 33 0.552212
77 19 0.702085
77 29 0.643482
77 21 0.733680
77 6 1.194224
77 27 0.847990
77 25 0.855268
77 23 0.857966
77 37 0.783007
77 36 0.790374
77 42 0.781284
77 62 0.640810
77 61 0.655887
77 18 0.993906
77 24 0.889389
77 22 0.905063
77 38 0.834140
77 76 0.514786
77 44 0.855703
77 35 0.878470
77 53 0.786597
77 59 0.755634
77 47 0.895327
77 70 0.761044
77 45 0.948068
77 41 0.982666
77 75 0.759430
77 56 0.873815
77 20 1.124981
77 66 0.861542
77 26 1.108426
77 46 1.026425
77 77 0.701324
77 52 0.965590
77 71 0.885219
77 78 0.721152
77 49 1.063091
77 40 1.086489
77 34 1.133903
77 74 0.900596
77 73 0.914156
77 39 1.161251
77 51 1.118218
77 48 1.173733
77 50 1.156086
77 68 1.053122
77 63 1.069051
77 54 1.110802
77 81 0.841413
77 72 1.031897
77 55 1.120836
77 58 1.146028
77 69 1.136561
77 80 0.943280
77 79 0.968078
77 64 1.180988
77 43 1.339415
77 67 1.180638
77 57 1.225625
77 65 1.214519
77 60 1.259079
77 82 1.037232
78 10 0.376289
78 9 0.398518
78 8 0.439792
78 3 0.466969
78 1 0.523246
78 13 0.535096
78 12 0.543325
78 0 0.552256
78 11 0.572882
78 14 0.618762
78 6 0.647311
78 5 0.696264
78 22 0.708920
78 32 0.706036
78 2 0.750757
78 4 0.789929
78 24 0.854142
78 18 0.884814
78 16 0.887281
78 34 0.875026
78 19 0.911620
78 28 0.906235
78 25 0.917313
78 17 0.937656
78 77 0.874168
78 53 0.900278
78 7 0.948436
78 70 0.885960
78 33 0.956472
78 31 0.961305
78 27 0.987429
78 61 0.982822
78 20 1.027197
78 44 1.000717
78 30 1.033670
78 29 1.035307
78 66 0.996657
78 26 1.048775
78 48 1.061638
78 76 1.031611
78 79 1.028848
78 60 1.057963
78 72 1.096994
78 52 1.140628
78 71 1.122481
78 56 1.160699
78 62 1.243935
78 15 1.307636
78 65 1.267252
78 59 1.282344
78 78 1.262334
78 75 1.280329
78 39 1.326596
78 81 1.290405
78 50 1.324301
78 40 1.341410
78 36 1.346657
78 73 1.316928
78 46 1.359007
78 80 1.337495
78 58 1.361468
78 69 1.358298
78 47 1.392943
78 67 1.380599
78 82 1.402727
78 64 1.431205
78 68 1.460827
78 23 1.508068
78 54 1.474597
78 38 1.520332
78 21 1.545016
78 42 1.532536
78 37 1.544260
78 55 1.525339
78 35 1.552688
78 45 1.553357
78 43 1.562829
78 49 1.619200
78 51 1.622891
78 57 1.618718
78 74 1.600398
78 41 1.642680
78 63 1.632184
79 11 0.381145
79 9 0.393095
79 8 0.401351
79 12 0.449845
79 10 0.493635
79 14 0.514991
79 13 0.607185
79 6 0.718964
79 1 0.757411
79 7 0.748526
79 0 0.768715
79 23 0.656176
79 4 0.773970
79 3 0.857021
79 30 0.420717
79 28 0.517401
79 15 0.882000
79 21 0.819475
79 20 0.866505
79 29 0.492358
79 27 0.717549
79 32 0.503071
79 17 0.951197
79 31 0.526586
79 22 0.880543
79 24 0.869448
79 2 1.007132
79 33 0.479428
79 18 0.986231
79 5 1.044843
79 16 1.034983
79 25 0.964297
79 26 0.979765
79 36 0.736406
79 44 0.533101
79 53 0.382127
79 62 0.331888
79 35 0.754221
79 45 0.589894
79 34 0.814729
79 19 1.340741
79 38 0.815389
79 76 0.449808
79 42 0.732430
79 40 0.798295
79 56 0.523714
79 52 0.570013
79 47 0.712486
79 37 0.886846
79 71 0.510577
79 59 0.562724
79 43 0.795722
79 39 0.890726
79 70 0.533633
79 46 0.800221
79 61 0.602715
79 66 0.594640
79 78 0.555907
79 77 0.569969
79 75 0.603780
79 49 0.736876
79 80 0.624284
79 58 0.699670
79 51 0.754685
79 55 0.713210
79 50 0.768907
79 41 0.978260
79 48 0.952839
79 63 0.767267
79 68 0.746551
79 79 0.766375
79 82 0.764191
79 60 0.851329
79 74 0.812218
79 64 0.879180
79 73 0.846740
79 67 0.874689
79 81 0.836705
79 69 0.874151
79 54 0.965870
79 72 0.889150
79 65 0.925754
79 57 0.942709
80 8 0.386554
80 10 0.465063
80 9 0.511345
80 11 0.510741
80 12 0.510561
80 14 0.589118
80 13 0.638898
80 4 0.741880
80 1 0.837713
80 44 0.823939
80 5 0.864249
80 2 0.881986
80 16 0.872879
80 7 0.899750
80 76 0.847653
80 33 0.958645
80 56 0.984452
80 6 1.076316
80 3 1.081927
80 62 1.031538
80 21 1.143943
80 40 1.138527
80 32 1.179993
80 63 1.176753
80 18 1.250252
80 70 1.193623
80 61 1.203037
80 31 1.240264
80 57 1.243551
80 23 1.283055
80 26 1.284033
80 0 1.343421
80 77 1.302988
80 75 1.305824
80 28 1.410317
80 78 1.390107
80 38 1.437424
80 54 1.419324
80 45 1.466955
80 15 1.500695
80 53 1.490020
80 65 1.480963
80 66 1.481036
80 80 1.464503
80 69 1.510640
80 29 1.557179
80 24 1.563005
80 60 1.536401
80 68 1.540197
80 71 1.536479
80 37 1.577205
80 39 1.613669
80 47 1.605467
80 30 1.636375
80 27 1.641240
80 17 1.669135
80 59 1.636902
80 48 1.668971
80 51 1.696475
80 35 1.715938
80 74 1.693549
80 73 1.722480
80 20 1.791501
80 22 1.827427
80 79 1.762171
80 46 1.800524
80 36 1.826192
80 19 1.860183
80 43 1.847363
80 72 1.821371
80 50 1.846962
80 52 1.853686
80 58 1.854763
80 55 1.860750
80 34 1.884701
80 82 1.829710
80 25 1.904022
80 67 1.856689
80 49 1.884370
80 41 1.958499
80 64 1.987088
80 42 2.020267
80 81 2.007030
81 8 0.303986
81 10 0.314115
81 12 0.350048
81 11 0.372843
81 3 0.438640
81 14 0.394344
81 13 0.396191
81 9 0.437664
81 1 0.537393
81 5 0.613694
81 0 0.628489
81 4 0.784133
81 28 0.422472
81 7 0.781796
81 31 0.360179
81 32 0.375113
81 29 0.436829
81 2 0.846489
81 20 0.780514
81 6 0.913947
81 30 0.495370
81 18 0.798341
81 17 0.850522
81 15 0.908489
81 19 0.882128
81 23 0.790117
81 33 0.625478
81 22 0.876575
81 53 0.473651
81 44 0.607712
81 24 0.803389
81 16 1.027389
81 61 0.390377
81 66 0.387755
81 25 0.878255
81 56 0.559384
81 38 0.807514
81 21 1.121392
81 35 0.866175
81 70 0.474541
81 42 0.893103
81 47 0.875919
81 40 0.925052
81 43 0.924661
81 27 1.089010
81 71 0.543831
81 37 1.008385
81 45 0.964767
81 36 1.040793
81 77 0.553323
81 62 0.720278
81 75 0.575119
81 34 1.091804
81 63 0.750815
81 76 0.604335
81 52 0.979464
81 54 0.957330
81 50 0.993735
81 39 1.089458
81 59 0.810554
81 51 1.023380
81 78 0.652678
81 48 1.060021
81 26 1.277100
81 41 1.148208
81 64 0.867555
81 46 1.159840
81 65 0.889720
81 49 1.134845
81 81 0.765133
81 68 0.874195
81 58 1.010034
81 73 0.875557
81 69 0.906300
81 55 1.198786
81 57 1.046394
81 82 0.822587
81 74 0.943626
81 60 1.084449
81 72 0.955176
81 67 0.984652
81 79 0.949749
81 80 0.948189
82 9 0.394409
82 13 0.400025
82 3 0.574878
82 8 0.604001
82 12 0.616420
82 11 0.639984
82 1 0.668005
82 53 0.707527
82 28 0.809284
82 14 0.831813
82 21 0.822800
82 78 0.779006
82 4 0.877554
82 29 0.852591
82 10 0.872571
82 2 0.883482
82 0 0.896622
82 15 0.935480
82 66 0.929066
82 70 0.925346
82 61 0.935573
82 7 1.006343
82 75 0.934382
82 17 1.003602
82 31 0.986466
82 19 1.001692
82 67 0.948450
82 32 1.044655
82 77 1.008305
82 52 1.068412
82 16 1.181204
82 71 1.114578
82 24 1.194863
82 55 1.189140
82 56 1.216586
82 40 1.242547
82 6 1.301834
82 27 1.291935
82 47 1.268628
82 30 1.292345
82 62 1.275735
82 5 1.353652
82 44 1.321756
82 38 1.341058
82 36 1.344622
82 68 1.328375
82 59 1.353688
82 33 1.394653
82 57 1.394237
82 23 1.443243
82 76 1.389966
82 34 1.446839
82 39 1.465676
82 50 1.476858
82 45 1.493015
82 20 1.536311
82 60 1.500167
82 43 1.521794
82 79 1.478874
82 51 1.554009
82 74 1.534352
82 69 1.547568
82 35 1.600664
82 73 1.562233
82 18 1.634069
82 37 1.619014
82 41 1.614616
82 54 1.617011
82 25 1.658197
82 46 1.662905
82 49 1.666178
82 64 1.658672
82 58 1.671636
82 22 1.719165
82 65 1.677111
82 26 1.729300
82 42 1.717057
82 63 1.710029
82 80 1.714832
82 48 1.806447
82 81 1.773254
82 72 1.785621
82 82 1.790536
83 9 0.308976
83 8 0.398156
83 12 0.403606
83 5 0.451163
83 10 0.450810
83 14 0.442480
83 3 0.530158
83 13 0.526091
83 30 0.531073
83 29 0.543543
83 11 0.584627
83 31 0.563219
83 0 0.651393
83 28 0.602842
83 7 0.672377
83 4 0.728043
83 2 0.753286
83 1 0.755887
83 16 0.736298
83 19 0.783037
83 6 0.839670
83 32 0.762259
83 15 0.850600
83 20 0.844583
83 33 0.827618
83 51 0.709298
83 44 0.798618
83 18 0.912266
83 21 0.952070
83 53 0.774325
83 17 0.967981
83 23 0.964887
83 22 1.038791
83 40 1.059839
83 36 1.084776
83 43 1.065188
83 26 1.140423
83 50 0.972359
83 49 0.973611
83 63 0.742057
83 27 1.141944
83 41 1.099286
83 56 0.937608
83 25 1.198863
83 61 0.814258
83 24 1.218398
83 62 0.834309
83 42 1.181695
83 48 1.085448
83 38 1.216163
83 57 1.004140
83 35 1.260522
83 45 1.158672
83 75 0.663603
83 76 0.671150
83 47 1.144710
83 39 1.267584
83 66 0.899333
83 55 1.088708
83 34 1.317820
83 78 0.723360
83 59 0.993471
83 77 0.741780
83 52 1.201648
83 71 0.873523
83 54 1.216866
83 70 0.933524
83 67 1.026723
83 46 1.300335
83 58 1.226887
83 60 1.109306
83 64 1.082936
83 65 1.094663
83 37 1.490680
83 69 1.045211
83 79 0.938018
83 72 1.061970
83 68 1.172555
83 73 1.068423
83 74 0.985954
83 82 0.945158
83 80 1.034741
83 81 1.023143
84 9 0.375502
84 10 0.529892
84 8 0.534304
84 13 0.530855
84 12 0.537723
84 11 0.542697
84 14 0.552869
84 2 0.832736
84 5 0.829361
84 4 0.832000
84 3 0.892847
84 1 0.894574
84 7 0.918681
84 78 0.825639
84 75 0.837217
84 63 0.956011
84 17 1.045049
84 62 0.958239
84 0 1.069033
84 77 0.942619
84 32 1.006608
84 6 1.064412
84 61 0.961748
84 15 1.074372
84 76 0.981514
84 39 1.048515
84 27 1.095059
84 64 1.086331
84 22 1.162269
84 30 1.145036
84 41 1.113311
84 16 1.207678
84 70 1.170398
84 23 1.261676
84 29 1.267906
84 19 1.288823
84 28 1.280137
84 71 1.233758
84 31 1.307791
84 36 1.291378
84 20 1.333090
84 45 1.303246
84 66 1.287528
84 59 1.359354
84 44 1.388303
84 50 1.402146
84 56 1.402972
84 60 1.425746
84 53 1.433087
84 42 1.446572
84 33 1.470454
84 18 1.503822
84 47 1.442107
84 24 1.494478
84 57 1.437473
84 74 1.424468
84 67 1.439572
84 72 1.438615
84 37 1.498627
84 81 1.467188
84 51 1.540523
84 25 1.596723
84 35 1.595765
84 48 1.578573
84 38 1.603560
84 49 1.594118
84 21 1.659915
84 82 1.563654
84 54 1.611251
84 52 1.618323
84 55 1.630232
84 79 1.611468
84 69 1.638500
84 46 1.671483
84 58 1.664834
84 65 1.662048
84 80 1.640375
84 68 1.665940
84 34 1.723065
84 26 1.743066
84 73 1.672902
84 43 1.708371
84 40 1.764096
85 8 0.365765
85 10 0.451357
85 9 0.471735
85 13 0.501558
85 11 0.503354
85 3 0.551535
85 78 0.500678
85 14 0.667304
85 5 0.694135
85 59 0.693455
85 62 0.739365
85 32 0.819123
85 2 0.854236
85 28 0.850372
85 61 0.853124
85 12 0.938919
85 74 1.036697
85 76 1.051631
85 67 1.072724
85 7 1.153362
85 1 1.167210
85 20 1.169339
85 23 1.190527
85 19 1.204899
85 45 1.201653
85 36 1.212815
85 38 1.248209
85 39 1.247614
85 31 1.257307
85 50 1.237586
85 64 1.231313
85 40 1.276625
85 71 1.262895
85 29 1.309195
85 75 1.292417
85 53 1.317201
85 27 1.354188
85 82 1.300190
85 24 1.376198
85 80 1.331913
85 26 1.392389
85 51 1.379137
85 37 1.397002
85 66 1.383960
85 25 1.440899
85 43 1.422976
85 69 1.401281
85 44 1.434949
85 6 1.514457
85 70 1.464375
85 0 1.535184
85 77 1.456102
85 72 1.464997
85 30 1.511401
85 54 1.486574
85 33 1.511894
85 49 1.503020
85 21 1.554609
85 79 1.490463
85 55 1.526245
85 57 1.524857
85 42 1.543757
85 56 1.533225
85 73 1.517064
85 52 1.570676
85 4 1.648159
85 17 1.639135
85 22 1.665157
85 63 1.634135
85 65 1.638314
85 35 1.711043
85 34 1.717792
85 48 1.711148
85 15 1.752374
85 41 1.761612
85 46 1.757823
85 47 1.815816
85 81 1.785990
85 18 1.881268
85 68 1.835381
85 60 1.865373
85 58 1.874741
85 16 1.971907
86 10 0.455602
86 8 0.463682
86 9 0.497180
86 12 0.509443
86 11 0.539979
86 0 0.755656
86 3 0.798849
86 37 0.776144
86 61 0.773855
86 13 0.832332
86 63 0.772938
86 14 0.857554
86 6 0.864492
86 44 0.846698
86 30 0.863195
86 78 0.675309
86 5 0.890011
86 4 0.898469
86 29 0.885155
86 56 0.854640
86 32 0.895757
86 62 0.951631
86 33 1.020896
86 38 1.038780
86 31 1.057325
86 18 1.110163
86 66 1.060163
86 1 1.142366
86 71 1.070215
86 77 0.950668
86 2 1.157048
86 19 1.185777
86 76 1.040218
86 53 1.191039
86 75 1.169878
86 28 1.242645
86 70 1.247181
86 40 1.326856
86 7 1.362947
86 58 1.304728
86 17 1.401626
86 24 1.394644
86 80 1.209925
86 47 1.384444
86 27 1.426850
86 68 1.397327
86 59 1.420484
86 16 1.627478
86 82 1.469978
86 26 1.682606
86 81 1.505634
86 69 1.657004
86 50 1.686635
86 22 1.723961
86 36 1.729789
86 43 1.746433
86 21 1.783381
86 48 1.776494
86 46 1.791473
86 45 1.804528
86 25 1.838624
86 20 1.847033
86 49 1.830452
86 57 1.819561
86 39 1.844914
86 35 1.870196
86 64 1.836319
86 15 1.909521
86 42 1.904156
86 79 1.759036
86 74 1.909846
86 54 1.963668
86 72 1.943394
86 23 2.021728
86 34 2.018561
86 41 2.024941
86 67 1.993355
86 73 1.990537
86 65 2.003829
86 51 2.035577
86 55 2.031048
86 60 2.033106
86 52 2.048497
87 9 0.384145
87 11 0.431073
87 12 0.451253
87 8 0.469866
87 14 0.465765
87 13 0.492297
87 10 0.538571
87 1 0.721280
87 28 0.688997
87 3 0.746292
87 6 0.753165
87 5 0.838581
87 19 0.814268
87 0 0.877400
87 29 0.833888
87 7 0.895370
87 2 0.919471
87 4 0.938628
87 22 0.923746
87 17 0.951030
87 33 0.953542
87 44 0.927396
87 15 0.999316
87 31 0.961401
87 25 1.018759
87 18 1.038543
87 62 0.939460
87 32 1.015596
87 16 1.064466
87 77 0.952898
87 70 0.976535
87 59 1.025879
87 71 1.010922
87 23 1.148764
87 20 1.156036
87 34 1.159720
87 30 1.169482
87 54 1.165351
87 78 1.106817
87 63 1.165120
87 61 1.170328
87 75 1.128211
87 24 1.282704
87 37 1.274519
87 42 1.276393
87 46 1.274573
87 66 1.234540
87 53 1.293356
87 21 1.392709
87 76 1.284487
87 80 1.295919
87 56 1.364224
87 73 1.329942
87 35 1.444554
87 45 1.428413
87 27 1.476757
87 52 1.416969
87 26 1.496918
87 65 1.402016
87 47 1.465387
87 48 1.474123
87 40 1.509281
87 36 1.529024
87 72 1.433120
87 49 1.501340
87 57 1.478560
87 67 1.461347
87 43 1.531017
87 38 1.563285
87 74 1.481602
87 69 1.503320
87 41 1.592676
87 50 1.593291
87 68 1.546963
87 39 1.653728
87 79 1.542319
87 82 1.539284
87 55 1.655505
87 81 1.609603
87 60 1.717448
87 51 1.744648
87 58 1.737986
87 64 1.768020
88 8 0.365047
88 10 0.400371
88 12 0.442229
88 14 0.446581
88 9 0.468268
88 13 0.656081
88 11 0.659995
88 2 0.770832
88 4 0.793770
88 1 0.801751
88 3 0.801239
88 5 0.884901
88 7 0.891863
88 6 0.940275
88 29 1.002651
88 30 1.005875
88 0 1.086542
88 17 1.098051
88 62 1.009571
88 44 1.048269
88 19 1.097405
88 18 1.105128
88 76 1.005417
88 78 1.044898
88 23 1.185551
88 70 1.109364
88 64 1.180326
88 20 1.272155
88 56 1.202976
88 66 1.251019
88 25 1.335475
88 22 1.382166
88 51 1.328426
88 59 1.320066
88 71 1.341430
88 28 1.423520
88 15 1.452970
88 16 1.455535
88 63 1.371771
88 32 1.448784
88 60 1.402089
88 31 1.467515
88 53 1.441726
88 77 1.410155
88 72 1.446072
88 40 1.513064
88 35 1.519613
88 61 1.490927
88 24 1.577572
88 75 1.494274
88 33 1.572904
88 36 1.576306
88 41 1.584284
88 21 1.633408
88 50 1.611349
88 81 1.597809
88 26 1.708367
88 69 1.644356
88 73 1.666022
88 27 1.789059
88 34 1.776365
88 43 1.766715
88 42 1.776032
88 38 1.805361
88 68 1.749341
88 74 1.743260
88 55 1.771595
88 54 1.784083
88 49 1.823614
88 79 1.811805
88 46 1.884788
88 45 1.889001
88 82 1.829852
88 57 1.870632
88 47 1.924135
88 67 1.896562
88 37 1.984775
88 65 1.945735
88 48 1.979376
88 52 1.968916
88 58 1.968947
88 80 1.953931
88 39 2.060503
89 9 0.342154
89 8 0.357744
89 11 0.365672
89 12 0.463063
89 10 0.467005
89 13 0.612403
89 3 0.661713
89 14 0.706771
89 5 0.750727
89 1 0.794013
89 31 0.428507
89 30 0.469330
89 32 0.476599
89 28 0.513380
89 4 0.897210
89 29 0.541500
89 20 0.878022
89 16 0.906025
89 15 0.921008
89 33 0.570049
89 7 0.953069
89 0 1.004664
89 18 0.994414
89 22 0.969411
89 21 1.046511
89 44 0.478281
89 6 1.141125
89 17 1.129188
89 2 1.268547
89 19 1.302121
89 56 0.538724
89 35 0.908909
89 53 0.651402
89 24 1.275332
89 26 1.151694
89 34 1.046170
89 62 0.620301
89 23 1.403506
89 27 1.173307
89 25 1.268094
89 75 0.638815
89 36 1.084889
89 66 0.711231
89 59 0.767239
89 77 0.696075
89 71 0.720909
89 40 0.997677
89 76 0.709889
89 61 0.766025
89 38 1.218817
89 70 0.880815
89 57 0.957927
89 55 1.005086
89 78 0.917203
89 50 1.109952
89 42 1.236951
89 54 1.061144
89 39 1.322410
89 49 1.155780
89 41 1.281867
89 45 1.194158
89 37 1.444695
89 43 1.284024
89 52 1.179604
89 48 1.240129
89 74 1.101056
89 69 1.164616
89 68 1.171668
89 58 1.229064
89 51 1.298325
89 47 1.345821
89 81 1.183232
89 64 1.241275
89 73 1.220216
89 63 1.246447
89 79 1.205848
89 46 1.424585
89 65 1.271570
89 67 1.284683
89 80 1.254643
89 60 1.336389
89 82 1.266847
89 72 1.457217
90 10 0.376564
90 11 0.433346
90 9 0.453450
90 12 0.467910
90 8 0.487565
90 14 0.478470
90 16 0.724868
90 53 0.702499
90 66 0.699490
90 0 0.775039
90 32 0.759627
90 3 0.824004
90 1 0.841661
90 2 0.876958
90 30 0.873162
90 71 0.919192
90 13 0.983840
90 6 0.993115
90 82 0.919752
90 5 1.032300
90 4 1.052979
90 59 0.991878
90 17 1.047629
90 19 1.077836
90 70 1.026843
90 44 1.076610
90 62 1.058700
90 37 1.088048
90 28 1.098449
90 55 1.095629
90 31 1.129086
90 18 1.142470
90 61 1.111131
90 78 1.092557
90 34 1.167831
90 75 1.140342
90 60 1.157495
90 56 1.211195
90 77 1.240507
90 81 1.237509
90 51 1.319771
90 76 1.322286
90 49 1.369848
90 20 1.401986
90 33 1.434211
90 52 1.424027
90 73 1.427470
90 39 1.473120
90 64 1.447331
90 38 1.487220
90 36 1.497459
90 25 1.528204
90 7 1.568297
90 57 1.519265
90 72 1.503388
90 29 1.552832
90 26 1.561842
90 27 1.568936
90 79 1.529651
90 22 1.592736
90 58 1.570198
90 74 1.564660
90 15 1.634174
90 47 1.608555
90 43 1.629803
90 24 1.671201
90 80 1.619252
90 46 1.662080
90 69 1.639516
90 45 1.670803
90 68 1.668816
90 50 1.693399
90 21 1.736720
90 40 1.719239
90 48 1.722200
90 67 1.720779
90 41 1.756233
90 35 1.768110
90 65 1.741232
90 42 1.782181
90 63 1.764588
90 54 1.863831
90 23 1.966330
91 8 0.394036
91 9 0.522774
91 13 0.526634
91 14 0.534780
91 11 0.570904
91 12 0.570758
91 10 0.580507
91 5 0.642923
91 1 0.693395
91 4 0.764311
91 0 0.786229
91 2 0.817647
91 15 0.831831
91 3 0.903381
91 28 0.892428
91 16 0.929856
91 30 0.982002
91 6 1.021296
91 71 1.006099
91 78 1.011679
91 32 1.085547
91 38 1.099978
91 33 1.111958
91 53 1.093625
91 75 1.072638
91 17 1.170220
91 70 1.131597
91 66 1.161942
91 20 1.235532
91 7 1.271392
91 74 1.199651
91 51 1.271898
91 61 1.290447
91 72 1.292764
91 24 1.357968
91 29 1.358984
91 62 1.330666
91 63 1.360876
91 23 1.438533
91 81 1.372698
91 41 1.419700
91 58 1.421379
91 76 1.409116
91 27 1.485594
91 56 1.454602
91 37 1.476042
91 59 1.462204
91 44 1.502328
91 36 1.514860
91 31 1.567104
91 55 1.541760
91 52 1.547844
91 77 1.537903
91 82 1.533152
91 21 1.604143
91 69 1.605932
91 46 1.643248
91 79 1.610248
91 18 1.687329
91 67 1.648600
91 60 1.659966
91 19 1.705932
91 22 1.715840
91 50 1.696510
91 35 1.718084
91 43 1.722694
91 47 1.719377
91 80 1.707107
91 40 1.780002
91 65 1.757127
91 39 1.787408
91 68 1.774896
91 73 1.774808
91 45 1.839270
91 57 1.831380
91 49 1.852187
91 34 1.878024
91 42 1.875984
91 25 1.910500
91 64 1.876103
91 26 1.925830
91 54 1.905711
91 48 1.948512
92 9 0.405645
92 13 0.534771
92 14 0.544317
92 12 0.547178
92 10 0.550785
92 8 0.593684
92 78 0.599195
92 2 0.752317
92 3 0.818803
92 63 0.779758
92 0 0.891222
92 32 0.887458
92 11 0.934801
92 5 0.939726
92 59 0.889860
92 16 0.976168
92 76 0.915889
92 4 1.059879
92 7 1.059756
92 6 1.072695
92 77 1.017055
92 1 1.101565
92 28 1.113117
92 44 1.251955
92 69 1.431991
92 67 1.435880
92 41 1.466461
92 64 1.439850
92 73 1.430693
92 18 1.493479
92 82 1.418702
92 53 1.454358
92 31 1.482297
92 61 1.447502
92 21 1.494815
92 26 1.489855
92 81 1.423080
92 62 1.476690
92 17 1.529711
92 30 1.582201
92 40 1.617965
92 27 1.663338
92 65 1.629721
92 70 1.626251
92 20 1.693274
92 15 1.699250
92 29 1.732932
92 75 1.679966
92 80 1.686758
92 71 1.721041
92 46 1.750678
92 56 1.739219
92 66 1.728548
92 33 1.779362
92 57 1.756920
92 50 1.787365
92 42 1.798183
92 68 1.778049
92 79 1.763284
92 19 1.862533
92 38 1.900586
92 37 1.909603
92 60 1.932607
92 74 1.999939
92 49 2.044603
92 36 2.069379
92 54 2.048130
92 55 2.053993
92 25 2.116974
92 52 2.110754
92 45 2.132940
92 43 2.156646
92 22 2.182189
92 35 2.173749
92 24 2.196401
92 51 2.165628
92 72 2.150190
92 23 2.223227
92 48 2.211250
92 34 2.235933
92 58 2.209049
92 47 2.259651
92 39 2.302197
93 10 0.541545
93 8 0.568327
93 9 0.584032
93 21 0.622848
93 11 0.632196
93 13 0.670530
93 78 0.590119
93 61 0.624211
93 31 0.672201
93 14 0.776764
93 62 0.835676
93 59 0.873509
93 7 0.934745
93 1 0.980864
93 0 0.991448
93 3 1.009736
93 77 0.942230
93 75 1.072047
93 53 1.135352
93 58 1.132492
93 15 1.209869
93 56 1.190593
93 12 1.267192
93 17 1.264191
93 54 1.273096
93 5 1.369970
93 55 1.346074
93 50 1.370874
93 69 1.358553
93 23 1.419293
93 28 1.412251
93 36 1.416119
93 57 1.389926
93 73 1.377861
93 44 1.482602
93 19 1.515264
93 26 1.540695
93 70 1.485728
93 4 1.563509
93 29 1.570797
93 52 1.576031
93 80 1.539516
93 71 1.574852
93 64 1.583604
93 47 1.605500
93 30 1.654930
93 76 1.597755
93 65 1.612186
93 38 1.648311
93 66 1.626700
93 33 1.692669
93 32 1.705118
93 16 1.830446
93 68 1.815254
93 49 1.868342
93 20 1.957662
93 41 1.940046
93 51 1.953772
93 60 1.951030
93 81 1.931641
93 45 2.073130
93 43 2.077268
93 2 2.122730
93 22 2.106797
93 82 2.073510
93 18 2.182459
93 63 2.157447
93 67 2.160549
93 35 2.209031
93 40 2.204303
93 24 2.232756
93 27 2.246573
93 79 2.201938
93 39 2.265083
93 6 2.312214
93 74 2.232324
93 72 2.245900
93 34 2.294944
93 37 2.318714
93 25 2.341940
93 48 2.313173
93 42 2.321574
93 46 2.359787
94 13 0.517608
94 10 0.541030
94 8 0.543007
94 9 0.644005
94 14 0.790475
94 71 0.751435
94 3 0.829786
94 0 0.862447
94 12 0.854119
94 28 0.836387
94 20 0.848692
94 11 0.888818
94 7 0.892190
94 1 0.914970
94 62 0.889538
94 33 0.925846
94 34 1.041468
94 70 0.999623
94 4 1.075078
94 45 1.126810
94 63 1.162518
94 59 1.210632
94 19 1.276289
94 58 1.246937
94 61 1.246707
94 23 1.334815
94 78 1.274693
94 2 1.415252
94 6 1.415813
94 35 1.432815
94 32 1.437825
94 44 1.452708
94 54 1.440863
94 30 1.471232
94 68 1.425709
94 75 1.458631
94 65 1.474835
94 16 1.565533
94 27 1.552020
94 29 1.561592
94 31 1.583298
94 52 1.571892
94 24 1.747305
94 66 1.696834
94 15 1.760066
94 77 1.731588
94 72 1.748091
94 74 1.742389
94 50 1.781913
94 5 1.850739
94 82 1.766516
94 76 1.832935
94 42 1.891003
94 53 1.912686
94 47 1.922401
94 56 1.936315
94 25 1.993892
94 67 1.979576
94 49 2.060979
94 22 2.096997
94 64 2.054787
94 36 2.087984
94 18 2.114261
94 60 2.062066
94 81 2.042105
94 26 2.114006
94 79 2.047724
94 21 2.132095
94 69 2.082690
94 57 2.121291
94 17 2.172277
94 73 2.104097
94 40 2.176675
94 80 2.128405
94 46 2.193792
94 38 2.201375
94 41 2.209447
94 48 2.248163
94 43 2.278857
94 51 2.278825
94 55 2.350750
94 37 2.391946
94 39 2.488448
95 10 0.463282
95 9 0.489184
95 13 0.525878
95 11 0.597055
95 5 0.663789
95 77 0.647230
95 1 0.784176
95 12 0.825321
95 8 0.908858
95 14 0.905134
95 28 0.894050
95 2 0.915208
95 75 0.861381
95 4 0.952403
95 56 0.904884
95 29 0.963766
95 76 0.929964
95 59 1.072458
95 3 1.152331
95 53 1.121373
95 78 1.100893
95 44 1.158011
95 61 1.147141
95 33 1.221448
95 40 1.246599
95 30 1.259503
95 15 1.274597
95 32 1.292198
95 7 1.342595
95 55 1.365389
95 62 1.397270
95 71 1.388163
95 25 1.439251
95 66 1.398018
95 64 1.429033
95 6 1.497583
95 69 1.450492
95 38 1.483788
95 26 1.532781
95 18 1.560842
95 60 1.569181
95 70 1.568149
95 68 1.603435
95 0 1.692654
95 46 1.651720
95 39 1.660006
95 31 1.670100
95 22 1.800185
95 54 1.767386
95 51 1.771120
95 49 1.774016
95 24 1.801175
95 47 1.776702
95 74 1.748900
95 35 1.790892
95 81 1.741899
95 80 1.743584
95 20 1.807991
95 23 1.805949
95 21 1.825906
95 45 1.802749
95 72 1.774689
95 17 1.832030
95 79 1.778313
95 19 1.863247
95 37 1.846036
95 43 1.855376
95 36 1.871203
95 65 1.859186
95 16 1.909334
95 52 1.896170
95 67 1.886352
95 63 1.915089
95 50 1.951048
95 34 1.980197
95 48 1.983085
95 73 1.969458
95 57 1.993249
95 27 2.037456
95 82 1.983975
95 58 2.034376
95 42 2.072508
95 41 2.098841
96 8 0.461032
96 10 0.491661
96 12 0.546947
96 14 0.560165
96 13 0.576926
96 0 0.680518
96 9 0.674193
96 11 0.736021
96 6 0.763841
96 32 0.772205
96 7 0.818050
96 3 0.821389
96 2 0.844018
96 77 0.772583
96 71 0.795224
96 5 0.899620
96 61 0.833579
96 16 0.979932
96 1 1.028278
96 53 0.957119
96 70 0.941113
96 63 0.952320
96 18 1.028452
96 30 1.030267
96 62 1.006659
96 64 1.069115
96 4 1.167731
96 15 1.168114
96 31 1.150484
96 20 1.180389
96 50 1.136860
96 48 1.226933
96 17 1.288914
96 19 1.301376
96 54 1.247204
96 28 1.291854
96 56 1.254084
96 75 1.242861
96 33 1.345691
96 66 1.307636
96 76 1.334534
96 44 1.397615
96 78 1.356209
96 47 1.421835
96 42 1.427586
96 24 1.479509
96 57 1.440862
96 36 1.473709
96 22 1.498968
96 29 1.518794
96 68 1.476516
96 59 1.487204
96 43 1.506314
96 52 1.553551
96 60 1.559719
96 40 1.607272
96 38 1.647386
96 74 1.611288
96 35 1.679138
96 58 1.656246
96 55 1.666030
96 73 1.653987
96 72 1.674499
96 45 1.710705
96 34 1.732955
96 69 1.692558
96 23 1.765760
96 46 1.735854
96 51 1.732291
96 81 1.705815
96 80 1.713513
96 26 1.791187
96 82 1.740951
96 39 1.798488
96 65 1.774716
96 37 1.817208
96 25 1.849067
96 79 1.798547
96 41 1.868751
96 67 1.860815
96 49 1.900070
96 27 1.962816
96 21 1.977285
97 9 0.298625
97 13 0.528707
97 8 0.578625
97 1 0.627755
97 0 0.684326
97 3 0.710727
97 10 0.761532
97 78 0.704042
97 19 0.811608
97 12 0.827608
97 5 0.861472
97 61 0.803215
97 14 0.863897
97 4 0.900588
97 70 0.867084
97 66 0.903750
97 81 0.886658
97 2 0.990602
97 7 1.002442
97 29 1.023822
97 11 1.047549
97 33 1.029046
97 16 1.087242
97 53 1.073021
97 68 1.062410
97 17 1.205220
97 52 1.181450
97 30 1.207438
97 71 1.216058
97 35 1.273489
97 62 1.242706
97 23 1.294061
97 27 1.290010
97 76 1.234227
97 74 1.237412
97 32 1.286790
97 21 1.312759
97 31 1.303843
97 48 1.284478
97 56 1.346318
97 6 1.397697
97 57 1.385339
97 20 1.444189
97 22 1.442982
97 75 1.383460
97 58 1.416545
97 28 1.451095
97 24 1.463385
97 77 1.428089
97 44 1.483308
97 25 1.509659
97 26 1.547648
97 59 1.509845
97 54 1.549507
97 80 1.531785
97 73 1.572223
97 45 1.682637
97 39 1.701535
97 34 1.780973
97 36 1.790705
97 55 1.782017
97 40 1.799360
97 72 1.792190
97 82 1.790193
97 46 1.861883
97 43 1.875291
97 69 1.844849
97 47 1.870018
97 37 1.882227
97 42 1.878872
97 65 1.859383
97 15 1.915316
97 67 1.888915
97 51 1.921977
97 79 1.907400
97 64 1.934174
97 18 1.996978
97 60 1.950606
97 50 1.973149
97 38 1.999882
97 63 1.979191
97 41 2.012547
97 49 2.018643
98 8 0.556105
98 9 0.607994
98 10 0.608055
98 11 0.648584
98 13 0.705475
98 14 0.705680
98 12 0.773684
98 0 0.783293
98 1 0.821097
98 29 0.899518
98 44 0.938761
98 6 0.979406
98 5 0.983395
98 76 0.969653
98 78 1.082885
98 17 1.160243
98 31 1.178548
98 4 1.205392
98 2 1.207428
98 3 1.216531
98 28 1.282371
98 16 1.297023
98 7 1.304076
98 77 1.223284
98 33 1.278696
98 50 1.325289
98 42 1.335868
98 27 1.355985
98 62 1.435651
98 34 1.469645
98 15 1.607976
98 18 1.606996
98 68 1.554935
98 55 1.709017
98 63 1.767831
98 61 1.770521
98 59 1.772481
98 75 1.824128
98 36 1.915213
98 71 1.874737
98 53 1.897889
98 66 1.953098
98 39 1.987299
98 64 1.993390
98 30 2.175929
98 74 2.121705
98 56 2.145926
98 70 2.130383
98 69 2.144071
98 73 2.137599
98 54 2.162384
98 21 2.205171
98 23 2.203188
98 67 2.148512
98 32 2.191526
98 65 2.151726
98 57 2.161934
98 58 2.160654
98 40 2.183990
98 35 2.204319
98 49 2.264751
98 46 2.269882
98 24 2.308345
98 60 2.294066
98 45 2.324120
98 19 2.377513
98 47 2.353412
98 22 2.405702
98 51 2.379616
98 80 2.372527
98 52 2.419419
98 81 2.381794
98 25 2.494757
98 79 2.514686
98 43 2.589494
98 20 2.640407
98 82 2.571815
98 41 2.634721
98 38 2.649075
98 72 2.608179
98 26 2.685881
98 48 2.659463
98 37 2.711103
99 12 0.541491
99 10 0.584376
99 14 0.637137
99 8 0.728995
99 13 0.726610
99 11 0.864182
99 78 0.824965
99 9 0.932820
99 32 0.954810
99 62 1.008543
99 3 1.132318
99 1 1.134412
99 16 1.132143
99 71 1.088276
99 4 1.166155
99 61 1.281398
99 15 1.339808
99 7 1.346719
99 66 1.279068
99 5 1.476504
99 30 1.473394
99 17 1.526754
99 70 1.464058
99 56 1.495440
99 18 1.545950
99 48 1.508819
99 63 1.564239
99 42 1.591551
99 58 1.669294
99 80 1.638628
99 77 1.656946
99 6 1.798350
99 24 1.787602
99 22 1.867136
99 33 1.853846
99 76 1.794291
99 35 1.852616
99 31 1.858420
99 53 1.900160
99 51 1.904213
99 68 1.882564
99 44 1.940806
99 43 1.991769
99 2 2.036908
99 60 1.972863
99 28 2.018208
99 69 1.965191
99 75 1.978980
99 29 2.088333
99 73 2.055154
99 55 2.080634
99 38 2.129887
99 50 2.115011
99 59 2.105295
99 0 2.211796
99 49 2.181495
99 39 2.211943
99 64 2.197318
99 54 2.209867
99 82 2.172138
99 36 2.251318
99 79 2.192003
99 41 2.244560
99 74 2.218196
99 20 2.292548
99 47 2.392605
99 37 2.407509
99 57 2.380411
99 46 2.396317
99 19 2.432104
99 67 2.371247
99 72 2.381904
99 27 2.476813
99 21 2.496945
99 45 2.539953
99 23 2.571514
99 81 2.493765
99 52 2.572415
99 25 2.609841
99 40 2.600956
99 26 2.633326
99 65 2.607322
99 34 2.682238
100 8 0.331100
100 11 0.334949
100 9 0.411152
100 3 0.540011
100 13 0.455424
100 1 0.653715
100 0 0.663381
100 12 0.559401
100 10 0.569756
100 2 0.677335
100 14 0.555315
100 5 0.656778
100 31 0.247989
100 29 0.296178
100 28 0.313171
100 32 0.266804
100 30 0.410479
100 7 0.957434
100 4 1.029096
100 33 0.420950
100 6 1.026782
100 21 0.771705
100 44 0.518052
100 25 0.730763
100 16 1.079160
100 18 1.061894
100 19 1.018191
100 15 1.268795
100 17 1.226848
100 23 0.997176
100 42 0.780462
100 53 0.723291
100 22 1.024111
100 27 0.927812
100 26 0.945358
100 40 0.860445
100 63 0.692275
100 20 1.171987
100 71 0.711911
100 24 1.110741
100 39 0.954842
100 77 0.749903
100 56 0.940261
100 48 1.006625
100 47 1.012672
100 76 0.836208
100 59 0.982113
100 66 0.901739
100 38 1.081027
100 61 0.949600
100 45 1.070779
100 34 1.103593
100 75 0.900003
100 52 1.062516
100 35 1.141036
100 36 1.167417
100 50 1.116980
100 62 1.030119
100 41 1.190224
100 78 0.972111
100 43 1.209504
100 70 1.042865
100 69 1.088859
100 54 1.251273
100 55 1.258834
100 80 1.075516
100 68 1.160439
100 49 1.326907
100 37 1.374085
100 73 1.197039
100 74 1.204707
100 51 1.402110
100 46 1.430071
100 82 1.180555
100 79 1.243704
100 72 1.304044
100 64 1.358661
100 81 1.296756
100 57 1.499728
100 58 1.496894
100 65 1.420857
100 60 1.530181
100 67 1.495549
101 8 0.443360
101 10 0.501698
101 9 0.538413
101 13 0.536225
101 14 0.603364
101 12 0.605172
101 0 0.677667
101 11 0.681978
101 1 0.722470
101 5 0.721171
101 3 0.722857
101 28 0.706905
101 6 0.830161
101 4 0.970241
101 2 0.972000
101 20 0.958993
101 30 0.949946
101 53 0.919235
101 45 1.014900
101 71 1.010981
101 39 1.133396
101 63 1.102616
101 74 1.092235
101 54 1.115603
101 16 1.162216
101 56 1.140889
101 17 1.250305
101 49 1.213973
101 50 1.223638
101 81 1.212501
101 35 1.365274
101 68 1.326032
101 43 1.359065
101 32 1.371598
101 78 1.362050
101 46 1.432635
101 33 1.448660
101 61 1.458304
101 21 1.508897
101 76 1.444026
101 66 1.454879
101 47 1.480263
101 80 1.442035
101 51 1.531673
101 72 1.509776
101 18 1.575215
101 70 1.514002
101 64 1.522867
101 15 1.644860
101 31 1.629325
101 62 1.589121
101 22 1.655804
101 58 1.618151
101 36 1.648683
101 57 1.636160
101 29 1.688366
101 40 1.690491
101 41 1.689642
101 19 1.728902
101 77 1.660348
101 59 1.680843
101 26 1.723483
101 44 1.717605
101 7 1.755807
101 23 1.783318
101 75 1.751486
101 67 1.809112
101 82 1.793685
101 24 1.862607
101 73 1.804815
101 37 1.859413
101 79 1.830773
101 55 1.858541
101 69 1.855091
101 42 1.910940
101 52 1.986220
101 38 2.006454
101 65 1.972684
101 25 2.022520
101 27 2.021623
101 60 1.979970
101 48 1.997625
101 34 2.015351
102 9 0.452632
102 8 0.459888
102 11 0.487255
102 14 0.486903
102 10 0.490451
102 13 0.724095
102 2 0.741100
102 62 0.708310
102 4 0.796714
102 33 0.781213
102 6 0.834284
102 5 0.835424
102 77 0.776690
102 3 0.864045
102 1 0.920663
102 79 0.978439
102 15 1.048826
102 32 1.032339
102 56 1.005665
102 0 1.075875
102 7 1.116008
102 24 1.110368
102 70 1.068165
102 18 1.126809
102 61 1.082187
102 71 1.097167
102 30 1.157350
102 19 1.170426
102 23 1.180793
102 12 1.191518
102 44 1.158361
102 28 1.208995
102 48 1.225912
102 78 1.212483
102 29 1.281309
102 66 1.240304
102 16 1.316571
102 59 1.292837
102 76 1.296891
102 75 1.299997
102 68 1.319267
102 25 1.391478
102 31 1.389853
102 69 1.353315
102 50 1.431306
102 82 1.396879
102 60 1.421797
102 74 1.417671
102 64 1.447484
102 73 1.479008
102 72 1.506924
102 40 1.572564
102 53 1.558359
102 57 1.563802
102 54 1.582812
102 49 1.598713
102 36 1.613389
102 46 1.602643
102 41 1.609863
102 63 1.603060
102 51 1.656566
102 55 1.653844
102 67 1.654181
102 17 1.723151
102 45 1.691907
102 22 1.724885
102 43 1.714131
102 34 1.730963
102 81 1.691435
102 65 1.714210
102 42 1.754272
102 37 1.772732
102 58 1.758076
102 47 1.770177
102 27 1.797995
102 39 1.799285
102 20 1.826969
102 26 1.829487
102 35 1.819058
102 38 1.822085
102 80 1.788523
102 52 1.819975
102 21 1.908969
103 8 0.387682
103 10 0.453622
103 11 0.453356
103 9 0.455363
103 12 0.659204
103 13 0.658960
103 63 0.593832
103 14 0.661106
103 0 0.777391
103 6 0.836458
103 30 0.813586
103 32 0.885530
103 16 0.905943
103 3 0.915994
103 78 0.815357
103 19 0.905215
103 77 0.817228
103 44 0.872854
103 4 0.918035
103 20 0.907214
103 5 0.994541
103 18 0.996271
103 53 0.947617
103 28 0.985828
103 62 0.966681
103 2 1.041102
103 21 1.051823
103 76 0.969129
103 45 1.041014
103 59 1.061810
103 31 1.104109
103 57 1.068217
103 67 1.154378
103 68 1.215869
103 36 1.264433
103 75 1.237550
103 69 1.276140
103 70 1.289911
103 35 1.344819
103 61 1.308911
103 22 1.371266
103 27 1.365953
103 1 1.404144
103 73 1.310844
103 29 1.420931
103 7 1.455845
103 33 1.476590
103 66 1.466439
103 81 1.452797
103 40 1.519021
103 15 1.567279
103 79 1.475056
103 71 1.486968
103 24 1.577679
103 80 1.524524
103 37 1.606300
103 56 1.580244
103 55 1.613771
103 23 1.672989
103 58 1.643366
103 65 1.699138
103 54 1.715606
103 74 1.683599
103 49 1.723611
103 50 1.765348
103 17 1.811809
103 48 1.770112
103 43 1.780101
103 72 1.743508
103 26 1.873565
103 60 1.824802
103 41 1.854266
103 64 1.831430
103 34 1.895456
103 51 1.871210
103 82 1.823843
103 52 1.873274
103 46 1.892019
103 38 2.000031
103 39 1.999690
103 42 1.996342
103 25 2.020863
103 47 2.067248
104 9 0.316410
104 10 0.431068
104 8 0.438816
104 11 0.426417
104 13 0.444203
104 14 0.460181
104 4 0.715100
104 1 0.731950
104 3 0.728683
104 2 0.751851
104 12 0.703451
104 5 0.766362
104 7 0.752756
104 31 0.688117
104 29 0.749082
104 28 0.782237
104 6 0.900760
104 44 0.451146
104 32 0.806615
104 0 0.953410
104 15 0.919435
104 17 0.929357
104 33 0.842068
104 30 0.892023
104 18 1.011584
104 16 1.026645
104 21 1.034682
104 23 1.025185
104 53 0.585419
104 61 0.431296
104 19 1.147739
104 25 1.143456
104 38 1.051507
104 59 0.554703
104 39 1.064298
104 62 0.604810
104 36 1.182486
104 27 1.296393
104 45 0.903157
104 66 0.553439
104 22 1.340163
104 20 1.383180
104 46 0.952161
104 49 0.964116
104 24 1.420670
104 71 0.608556
104 41 1.082284
104 50 1.035630
104 56 0.909809
104 77 0.575753
104 57 0.840183
104 75 0.589579
104 55 0.951552
104 26 1.499452
104 47 1.069924
104 78 0.613159
104 40 1.250715
104 48 1.094217
104 60 0.871592
104 76 0.640715
104 51 1.122349
104 43 1.190107
104 70 0.793593
104 34 1.507216
104 35 1.510612
104 37 1.527067
104 54 1.156516
104 65 0.920915
104 42 1.333091
104 79 0.825867
104 73 0.858570
104 81 0.808509
104 52 1.304197
104 64 1.039588
104 63 1.048566
104 69 1.034880
104 72 0.949793
104 68 1.068127
104 82 0.937562
104 67 1.124869
104 74 1.016333
104 80 0.955182
104 58 1.349264
105 12 0.452794
105 9 0.487123
105 10 0.505789
105 8 0.507860
105 11 0.541488
105 14 0.567219
105 0 0.763601
105 44 0.744268
105 32 0.756723
105 2 0.857947
105 6 0.883358
105 76 0.817386
105 5 0.924491
105 4 0.948607
105 1 0.962493
105 7 0.972614
105 3 0.978357
105 33 0.964873
105 30 1.022469
105 13 1.052507
105 62 1.086405
105 17 1.255884
105 66 1.214732
105 56 1.230302
105 29 1.302184
105 77 1.266370
105 67 1.327481
105 22 1.375416
105 40 1.459552
105 53 1.451742
105 72 1.433590
105 15 1.496557
105 38 1.545047
105 69 1.513620
105 75 1.518210
105 18 1.580779
105 78 1.517717
105 16 1.626663
105 70 1.568826
105 27 1.640581
105 31 1.651840
105 59 1.625420
105 19 1.669179
105 28 1.674495
105 60 1.669809
105 61 1.674618
105 73 1.679664
105 41 1.716172
105 23 1.759787
105 54 1.735709
105 71 1.747767
105 37 1.785238
105 24 1.840637
105 47 1.850777
105 35 1.895463
105 36 1.915882
105 55 1.901844
105 45 1.942927
105 57 1.929749
105 52 1.935157
105 21 1.980046
105 68 1.951274
105 79 1.961248
105 43 2.006672
105 42 2.057667
105 20 2.080778
105 50 2.054589
105 25 2.095654
105 34 2.100633
105 64 2.076803
105 63 2.078296
105 51 2.111556
105 81 2.085134
105 80 2.096320
105 74 2.139256
105 48 2.174419
105 49 2.177507
105 26 2.210821
105 65 2.176584
105 39 2.224124
105 46 2.253218
105 82 2.239555
105 58 2.330962
106 9 0.523499
106 8 0.639934
106 10 0.761496
106 56 0.712376
106 13 0.760540
106 14 0.760621
106 0 0.771707
106 12 0.763751
106 78 0.711443
106 1 0.803909
106 11 0.813282
106 3 0.820155
106 44 0.820397
106 4 0.860754
106 2 0.894520
106 5 0.930031
106 71 0.950760
106 7 1.019690
106 6 1.073174
106 62 1.084018
106 76 1.091184
106 29 1.145995
106 75 1.108719
106 28 1.163563
106 61 1.176438
106 31 1.222891
106 30 1.315936
106 16 1.352317
106 25 1.356872
106 32 1.376687
106 63 1.341193
106 68 1.388057
106 15 1.489327
106 79 1.454659
106 17 1.641359
106 59 1.595292
106 74 1.627071
106 40 1.667585
106 53 1.651694
106 66 1.638148
106 70 1.638935
106 42 1.745988
106 33 1.758952
106 19 1.774957
106 35 1.758603
106 21 1.775148
106 34 1.765842
106 60 1.748537
106 72 1.764919
106 36 1.822870
106 73 1.802244
106 77 1.840398
106 52 1.870043
106 69 1.872755
106 43 1.903491
106 37 1.983406
106 20 2.004727
106 80 1.960893
106 45 2.003467
106 47 2.014213
106 27 2.038364
106 67 2.003317
106 65 2.006998
106 18 2.071255
106 49 2.037140
106 22 2.089938
106 57 2.060620
106 64 2.182225
106 26 2.227197
106 54 2.195132
106 24 2.231342
106 81 2.164762
106 46 2.206727
106 38 2.227614
106 55 2.209591
106 50 2.225083
106 41 2.238126
106 82 2.201244
106 58 2.242438
106 39 2.304014
106 23 2.324279
106 48 2.313317
106 51 2.348935
107 9 0.558408
107 11 0.626232
107 10 0.754686
107 0 0.762705
107 56 0.704054
107 12 0.755395
107 3 0.762297
107 14 0.755027
107 13 0.756191
107 8 0.760365
107 31 0.831402
107 66 0.787112
107 70 0.839351
107 28 0.977091
107 5 1.015356
107 30 0.991245
107 4 1.017944
107 29 1.034981
107 62 0.992915
107 78 1.042890
107 44 1.124774
107 18 1.157372
107 15 1.182958
107 7 1.192556
107 76 1.117531
107 71 1.127767
107 2 1.278825
107 32 1.289543
107 75 1.251699
107 16 1.355385
107 6 1.376311
107 1 1.409114
107 79 1.316746
107 25 1.454429
107 43 1.432383
107 23 1.460303
107 20 1.488587
107 73 1.462598
107 67 1.474523
107 17 1.618301
107 59 1.566270
107 53 1.576617
107 77 1.542031
107 61 1.565836
107 35 1.648590
107 65 1.645282
107 68 1.644879
107 36 1.704951
107 33 1.770696
107 60 1.737384
107 69 1.806136
107 63 1.834099
107 26 1.911337
107 40 1.932478
107 22 1.968772
107 57 1.924555
107 27 1.991865
107 82 1.919565
107 45 2.076211
107 52 2.066977
107 72 2.037856
107 48 2.074128
107 47 2.075997
107 64 2.052082
107 42 2.081955
107 38 2.088420
107 19 2.111872
107 41 2.106686
107 50 2.116585
107 21 2.152115
107 54 2.131034
107 80 2.130096
107 49 2.176965
107 39 2.198150
107 46 2.202904
107 74 2.162060
107 51 2.206327
107 34 2.280598
107 37 2.302809
107 58 2.275654
107 24 2.329293
107 81 2.303931
107 55 2.342376
108 10 0.736094
108 12 0.735793
108 13 0.735669
108 9 0.738868
108 11 0.738123
108 8 0.740772
108 14 0.737174
108 4 1.034678
108 3 1.042153
108 29 1.071463
108 78 1.123230
108 2 1.232955
108 5 1.243379
108 1 1.246706
108 44 1.237533
108 7 1.312241
108 15 1.308430
108 18 1.324676
108 31 1.350131
108 62 1.419663
108 46 1.506950
108 30 1.557589
108 54 1.551389
108 59 1.550303
108 72 1.548748
108 71 1.571634
108 58 1.651466
108 32 1.688399
108 33 1.719629
108 36 1.716704
108 17 1.737893
108 75 1.675361
108 6 1.753031
108 67 1.707887
108 0 1.807249
108 70 1.817276
108 66 1.824143
108 45 1.848937
108 25 1.870640
108 74 1.811907
108 77 1.844692
108 68 1.870034
108 73 1.867579
108 53 1.909101
108 28 1.971213
108 56 1.941779
108 76 1.944184
108 61 1.998629
108 35 2.027935
108 57 2.030466
108 48 2.048601
108 69 2.033321
108 79 2.106470
108 37 2.180318
108 16 2.226271
108 47 2.224608
108 40 2.251604
108 50 2.256006
108 60 2.281940
108 80 2.271152
108 43 2.353698
108 22 2.384819
108 65 2.396708
108 34 2.442331
108 63 2.416002
108 55 2.433119
108 82 2.409516
108 23 2.488852
108 64 2.488941
108 41 2.535254
108 26 2.576035
108 24 2.605420
108 42 2.591504
108 20 2.645053
108 49 2.620453
108 27 2.645851
108 81 2.611110
108 19 2.708881
108 52 2.674255
108 39 2.706676
108 51 2.699290
108 38 2.816543
108 21 2.846670
109 8 0.494978
109 13 0.529457
109 12 0.700706
109 14 0.699330
109 9 0.706683
109 11 0.705312
109 10 0.708324
109 1 0.821396
109 62 0.806400
109 3 0.956831
109 71 0.879748
109 4 0.964034
109 5 0.964306
109 0 0.993529
109 16 0.980346
109 6 1.000693
109 7 1.052616
109 2 1.133039
109 15 1.128893
109 31 1.136597
109 75 1.119695
109 70 1.142536
109 44 1.185616
109 61 1.166574
109 29 1.246627
109 59 1.236305
109 74 1.288524
109 17 1.383593
109 79 1.305306
109 28 1.385300
109 77 1.382664
109 76 1.432661
109 33 1.504460
109 30 1.553932
109 67 1.521491
109 22 1.602502
109 57 1.560100
109 53 1.565904
109 37 1.628545
109 23 1.645914
109 40 1.626269
109 43 1.674565
109 66 1.650392
109 78 1.632421
109 35 1.699606
109 50 1.681600
109 21 1.718694
109 55 1.676610
109 32 1.738848
109 72 1.720964
109 56 1.750229
109 27 1.795204
109 73 1.760992
109 81 1.770451
109 69 1.800254
109 39 1.891631
109 46 1.890434
109 48 1.904324
109 36 1.925043
109 25 1.940108
109 65 1.900450
109 38 1.941406
109 45 1.933434
109 34 1.958892
109 54 1.934767
109 19 1.986294
109 64 1.941264
109 24 1.997347
109 68 1.981265
109 49 2.008571
109 18 2.048416
109 51 2.007921
109 60 2.016380
109 41 2.045437
109 42 2.083932
109 82 2.035908
109 47 2.132437
109 63 2.113825
109 52 2.131158
109 80 2.104560
109 26 2.183714
109 20 2.220995
109 58 2.190654
110 12 0.510697
110 9 0.534797
110 11 0.559173
110 14 0.564775
110 8 0.610450
110 10 0.610385
110 13 0.677299
110 56 0.802676
110 0 0.984649
110 4 1.038178
110 1 1.040786
110 76 0.954785
110 3 1.040329
110 7 1.130910
110 71 1.056001
110 17 1.125074
110 30 1.111261
110 78 1.116427
110 33 1.176588
110 28 1.251859
110 6 1.272967
110 53 1.260544
110 29 1.289200
110 32 1.287304
110 44 1.274659
110 73 1.537818
110 5 1.618312
110 59 1.560130
110 2 1.623137
110 61 1.643934
110 25 1.687714
110 70 1.635075
110 18 1.775350
110 77 1.700425
110 54 1.780589
110 48 1.823559
110 27 1.967887
110 16 1.981988
110 31 1.996843
110 42 2.045794
110 21 2.072236
110 81 1.996023
110 62 2.030220
110 60 2.125531
110 75 2.103482
110 55 2.135765
110 68 2.120989
110 66 2.124683
110 64 2.164465
110 26 2.213394
110 50 2.218814
110 43 2.233448
110 22 2.266415
110 15 2.301109
110 52 2.262034
110 80 2.281023
110 57 2.451642
110 67 2.440255
110 79 2.465303
110 39 2.519071
110 65 2.499760
110 36 2.543925
110 72 2.505425
110 41 2.565503
110 63 2.539998
110 82 2.520272
110 49 2.587149
110 38 2.617138
110 74 2.578870
110 20 2.650189
110 19 2.659539
110 47 2.645195
110 40 2.653864
110 51 2.640689
110 45 2.658138
110 35 2.693063
110 34 2.710658
110 46 2.698299
110 58 2.685034
110 37 2.711213
110 69 2.681750
110 24 2.823815
110 23 2.897459
111 9 0.481498
111 5 0.502877
111 8 0.502781
111 14 0.678966
111 11 0.682676
111 12 0.682457
111 13 0.682050
111 3 0.690467
111 2 0.783392
111 10 0.832925
111 15 0.886713
111 0 0.906753
111 7 0.914741
111 4 0.926795
111 56 0.873257
111 6 0.980227
111 33 0.964712
111 75 0.929821
111 53 0.985420
111 1 1.062343
111 77 1.001612
111 62 1.035231
111 30 1.158111
111 61 1.123312
111 32 1.164264
111 28 1.204843
111 66 1.181968
111 31 1.237050
111 19 1.279914
111 47 1.248984
111 71 1.268631
111 72 1.357450
111 18 1.429313
111 64 1.380734
111 41 1.414921
111 58 1.395689
111 17 1.444979
111 43 1.416432
111 78 1.428091
111 40 1.518803
111 23 1.542166
111 67 1.524884
111 52 1.570013
111 44 1.587319
111 59 1.574459
111 29 1.620675
111 51 1.594820
111 65 1.609307
111 22 1.658963
111 49 1.637089
111 57 1.631138
111 24 1.671516
111 54 1.644998
111 55 1.647668
111 69 1.634217
111 73 1.635990
111 27 1.702999
111 21 1.718005
111 60 1.674336
111 26 1.714539
111 48 1.688872
111 76 1.664174
111 70 1.677647
111 16 1.754709
111 74 1.703984
111 79 1.705623
111 34 1.776860
111 42 1.783836
111 38 1.840956
111 35 1.855338
111 81 1.805962
111 45 1.856899
111 25 1.881556
111 39 1.880271
111 63 1.868824
111 46 1.895165
111 37 1.914776
111 20 1.948802
111 50 1.945703
111 82 1.927934
111 80 1.937188
111 36 2.004828
111 68 2.009549
112 13 0.567927
112 10 0.620856
112 8 0.673949
112 11 0.774459
112 14 0.773718
112 9 0.789911
112 12 0.788356
112 33 1.049911
112 3 1.079262
112 29 1.078479
112 1 1.104073
112 6 1.101686
112 5 1.102752
112 2 1.149385
112 16 1.178374
112 78 1.091960
112 15 1.244106
112 17 1.428982
112 4 1.445795
112 18 1.437140
112 7 1.445537
112 61 1.408639
112 0 1.482143
112 19 1.561241
112 30 1.549465
112 32 1.547274
112 66 1.596334
112 72 1.587634
112 38 1.638565
112 62 1.706033
112 25 1.761380
112 76 1.689004
112 77 1.688552
112 39 1.787974
112 44 1.785000
112 71 1.760545
112 54 1.788116
112 68 1.873774
112 28 1.933645
112 56 1.895929
112 31 1.957772
112 47 1.933907
112 79 1.923920
112 36 2.006715
112 75 1.950227
112 35 2.039780
112 67 1.994063
112 34 2.093363
112 81 2.025949
112 59 2.138778
112 70 2.122267
112 53 2.150020
112 58 2.145056
112 41 2.324409
112 20 2.354006
112 55 2.307538
112 80 2.269690
112 69 2.300430
112 22 2.372239
112 73 2.320463
112 52 2.352313
112 57 2.389905
112 48 2.414938
112 42 2.437032
112 50 2.451888
112 40 2.466125
112 43 2.490881
112 21 2.521115
112 65 2.459198
112 60 2.491994
112 27 2.569016
112 82 2.502804
112 24 2.587401
112 23 2.602403
112 26 2.599934
112 46 2.571585
112 45 2.612887
112 51 2.618191
112 37 2.668839
112 64 2.642797
112 49 2.680161
112 74 2.643396
112 63 2.730818
113 11 0.437974
113 8 0.448518
113 10 0.494417
113 9 0.552061
113 13 0.579212
113 12 0.617284
113 14 0.843088
113 0 0.871903
113 1 0.871633
113 3 0.888375
113 4 0.918697
113 2 0.956967
113 5 0.982888
113 7 1.013110
113 71 0.922791
113 6 1.047721
113 29 1.013966
113 30 1.085172
113 53 1.093609
113 56 1.102025
113 18 1.283376
113 76 1.185395
113 32 1.273146
113 75 1.221065
113 28 1.312349
113 62 1.260610
113 15 1.358882
113 44 1.320380
113 17 1.388563
113 21 1.383973
113 59 1.336327
113 16 1.401729
113 77 1.385202
113 68 1.428331
113 78 1.393687
113 61 1.481777
113 51 1.533223
113 22 1.575822
113 70 1.497749
113 31 1.584837
113 20 1.599920
113 34 1.597126
113 41 1.660069
113 79 1.642664
113 33 1.759445
113 66 1.705726
113 19 1.790985
113 27 1.786759
113 36 1.781988
113 48 1.766767
113 60 1.782309
113 45 1.818390
113 82 1.749184
113 26 1.864728
113 69 1.857979
113 80 1.858224
113 49 2.011378
113 24 2.059752
113 42 2.047388
113 67 2.047896
113 25 2.140689
113 65 2.084905
113 63 2.097616
113 50 2.120915
113 64 2.116813
113 35 2.173198
113 58 2.145119
113 73 2.115073
113 72 2.123846
113 23 2.224352
113 43 2.201788
113 40 2.212982
113 37 2.222718
113 54 2.197955
113 55 2.200205
113 52 2.247148
113 57 2.239167
113 39 2.276176
113 81 2.214048
113 47 2.298462
113 38 2.313465
113 46 2.341509
113 74 2.334872
114 9 0.555781
114 8 0.557308
114 11 0.583599
114 13 0.617980
114 10 0.643300
114 1 0.779788
114 0 0.781159
114 12 0.821381
114 53 0.826711
114 14 0.871270
114 71 0.825022
114 3 0.906887
114 77 0.839413
114 33 0.938859
114 2 1.017747
114 5 1.015017
114 16 1.198951
114 76 1.124569
114 62 1.178923
114 7 1.324377
114 59 1.351131
114 22 1.398166
114 63 1.381343
114 29 1.428762
114 4 1.543270
114 18 1.535576
114 44 1.509600
114 78 1.462157
114 25 1.530574
114 66 1.498781
114 40 1.578597
114 6 1.689648
114 24 1.693369
114 51 1.664693
114 28 1.715918
114 61 1.710411
114 75 1.684488
114 70 1.761424
114 19 1.840194
114 31 1.839342
114 30 1.840844
114 15 1.858944
114 43 1.892227
114 73 1.881893
114 32 1.976945
114 57 1.950021
114 56 1.987531
114 39 2.007739
114 68 1.979721
114 49 2.102785
114 37 2.127590
114 55 2.121720
114 34 2.156829
114 27 2.235897
114 21 2.267462
114 79 2.212893
114 46 2.265675
114 36 2.276719
114 26 2.323480
114 69 2.305498
114 80 2.286583
114 54 2.343841
114 35 2.372677
114 38 2.377285
114 23 2.418828
114 58 2.403427
114 47 2.472419
114 82 2.425210
114 48 2.482517
114 60 2.475209
114 45 2.499752
114 64 2.533011
114 42 2.558727
114 65 2.539352
114 67 2.539305
114 20 2.609385
114 17 2.664715
114 50 2.640134
114 81 2.637865
114 41 2.706556
114 72 2.665951
114 74 2.670144
114 52 2.718233
115 10 0.413822
115 9 0.427205
115 8 0.448379
115 14 0.488546
115 12 0.809974
115 11 0.812049
115 13 0.811037
115 53 0.762962
115 78 0.730087
115 30 0.794298
115 33 0.791552
115 2 0.823923
115 0 0.825813
115 4 0.823395
115 56 0.763453
115 36 0.844922
115 51 0.828416
115 66 0.850409
115 7 0.946072
115 18 0.938868
115 1 0.999566
115 31 0.971446
115 76 0.945422
115 47 1.006276
115 23 1.073747
115 21 1.094821
115 29 1.087969
115 28 1.102101
115 6 1.123537
115 64 1.085151
115 3 1.159401
115 16 1.152159
115 42 1.136329
115 5 1.221543
115 17 1.221491
115 75 1.145820
115 71 1.152419
115 59 1.194499
115 27 1.247322
115 55 1.229642
115 32 1.282671
115 45 1.296234
115 39 1.307218
115 34 1.315371
115 40 1.321100
115 77 1.273361
115 44 1.334197
115 38 1.386810
115 61 1.358322
115 74 1.350507
115 62 1.390536
115 70 1.383992
115 19 1.472490
115 15 1.533060
115 82 1.469228
115 81 1.493056
115 22 1.594648
115 57 1.561943
115 43 1.579524
115 79 1.542992
115 72 1.552782
115 48 1.592908
115 50 1.601934
115 52 1.600445
115 54 1.607841
115 24 1.649042
115 20 1.655749
115 68 1.622342
115 80 1.607349
115 49 1.658091
115 73 1.635082
115 26 1.705117
115 60 1.668319
115 41 1.693643
115 65 1.665573
115 67 1.676574
115 69 1.683931
115 25 1.743408
115 35 1.738346
115 37 1.745306
115 58 1.748799
115 46 1.774715
115 63 1.781966
116 14 0.550586
116 8 0.555401
116 11 0.626318
116 9 0.629006
116 13 0.696345
116 10 0.745941
116 12 0.812111
116 2 0.887942
116 29 0.882551
116 3 0.908451
116 1 0.910769
116 6 0.948541
116 4 1.135051
116 15 1.127458
116 28 1.113508
116 0 1.139845
116 71 1.062707
116 66 1.157835
116 31 1.203010
116 30 1.204704
116 5 1.229783
116 16 1.247505
116 55 1.201092
116 78 1.171425
116 17 1.307115
116 62 1.310558
116 61 1.316008
116 53 1.351540
116 7 1.407363
116 48 1.365840
116 33 1.445162
116 59 1.434573
116 45 1.484316
116 77 1.695221
116 52 1.785544
116 40 1.801872
116 58 1.778571
116 65 1.771417
116 75 1.807042
116 57 1.832843
116 21 1.895246
116 72 1.833593
116 32 1.885133
116 69 1.854775
116 41 1.890810
116 42 1.896602
116 25 1.960562
116 54 1.927527
116 82 1.891072
116 60 1.920099
116 73 1.912186
116 37 1.957722
116 46 1.976517
116 44 2.008896
116 18 2.039065
116 56 1.993266
116 38 2.047026
116 67 2.011897
116 64 2.030811
116 76 2.014122
116 81 2.026580
116 63 2.051667
116 70 2.057204
116 47 2.087794
116 51 2.106552
116 36 2.175096
116 79 2.145467
116 35 2.248893
116 43 2.240441
116 39 2.245464
116 22 2.360783
116 68 2.304906
116 26 2.356654
116 27 2.355981
116 74 2.297324
116 80 2.290701
116 23 2.363661
116 50 2.332292
116 34 2.352029
116 19 2.392160
116 20 2.403300
116 49 2.416080
116 24 2.503594
117 8 0.562025
117 12 0.641712
117 9 0.720488
117 13 0.718330
117 14 0.757046
117 61 0.909606
117 53 0.943309
117 0 1.052904
117 33 1.086743
117 76 1.027966
117 71 1.106968
117 10 1.185498
117 28 1.253159
117 18 1.324687
117 17 1.326462
117 11 1.434107
117 70 1.361947
117 16 1.437937
117 31 1.497450
117 66 1.550204
117 58 1.562219
117 50 1.574157
117 48 1.630759
117 15 1.776910
117 81 1.692176
117 45 1.741861
117 69 1.709106
117 41 1.747273
117 26 1.770857
117 43 1.746572
117 67 1.717348
117 3 1.936790
117 64 1.869428
117 52 1.884351
117 5 1.938762
117 7 1.938039
117 38 1.904737
117 56 1.881496
117 55 1.882650
117 36 1.959467
117 29 1.970747
117 77 1.956875
117 75 1.958839
117 22 2.039423
117 44 2.027371
117 59 2.064410
117 4 2.129907
117 78 2.096490
117 72 2.104461
117 30 2.185634
117 62 2.144324
117 20 2.201513
117 1 2.216418
117 79 2.142424
117 27 2.214964
117 6 2.234586
117 32 2.225394
117 2 2.255463
117 37 2.221333
117 19 2.282244
117 51 2.310401
117 65 2.309090
117 57 2.347059
117 42 2.398009
117 24 2.466941
117 34 2.467843
117 46 2.491683
117 68 2.463006
117 73 2.569211
117 39 2.617725
117 35 2.623707
117 54 2.598698
117 25 2.638659
117 21 2.645141
117 47 2.631529
117 80 2.605033
117 40 2.679734
117 23 2.705493
117 49 2.670676
117 63 2.697072
117 60 2.765708
117 82 2.813123
117 74 2.822574
118 11 0.568506
118 9 0.594520
118 10 0.594629
118 12 0.594394
118 8 0.630648
118 13 0.719625
118 56 0.872058
118 33 0.902914
118 1 1.120392
118 2 1.137794
118 4 1.166445
118 6 1.172005
118 17 1.253838
118 3 1.266304
118 7 1.317072
118 16 1.334534
118 15 1.342328
118 22 1.411430
118 0 1.502254
118 78 1.419995
118 62 1.495554
118 66 1.491369
118 73 1.495887
118 71 1.524363
118 5 1.604796
118 52 1.558980
118 14 1.653116
118 29 1.635989
118 21 1.650164
118 36 1.632599
118 20 1.669599
118 47 1.635720
118 63 1.633456
118 53 1.685762
118 77 1.698604
118 70 1.711120
118 28 1.783782
118 26 1.786467
118 44 1.768805
118 32 1.784419
118 31 1.787424
118 30 1.920045
118 65 1.874543
118 61 1.881157
118 54 1.890770
118 59 1.886941
118 48 1.900101
118 34 1.920909
118 75 1.956478
118 76 1.956415
118 18 2.035812
118 55 2.003560
118 19 2.087003
118 39 2.076566
118 82 2.044702
118 27 2.213028
118 23 2.337313
118 57 2.342024
118 69 2.347512
118 72 2.356177
118 74 2.353655
118 67 2.377052
118 24 2.446770
118 51 2.412956
118 79 2.372722
118 81 2.371458
118 80 2.396060
118 50 2.450717
118 43 2.472597
118 42 2.475475
118 37 2.538370
118 40 2.535562
118 38 2.550520
118 46 2.541011
118 25 2.579759
118 45 2.556607
118 64 2.555708
118 68 2.551039
118 58 2.566107
118 60 2.574648
118 35 2.620906
118 41 2.708203
118 49 2.698199
119 8 0.604935
119 11 0.644914
119 13 0.661131
119 14 0.760719
119 78 0.737451
119 10 0.838857
119 33 0.862692
119 12 0.902460
119 66 0.888401
119 61 0.896452
119 2 0.999503
119 1 1.009582
119 0 1.010730
119 15 1.178379
119 7 1.192995
119 5 1.218928
119 59 1.195134
119 4 1.253891
119 9 1.266824
119 29 1.498877
119 30 1.690915
119 55 1.675479
119 28 1.708003
119 81 1.645248
119 80 1.646988
119 70 1.659504
119 40 1.697558
119 31 1.711285
119 77 1.667202
119 21 1.746837
119 44 1.720420
119 3 1.772835
119 60 1.749597
119 75 1.730288
119 76 1.734103
119 71 1.755842
119 22 1.830916
119 48 1.800032
119 73 1.802975
119 54 1.840507
119 49 1.846286
119 35 1.982652
119 50 1.966305
119 41 1.986338
119 82 1.937731
119 62 1.964595
119 20 2.014557
119 63 1.997186
119 43 2.022996
119 17 2.064004
119 32 2.063167
119 53 2.042965
119 46 2.052803
119 56 2.043697
119 52 2.077539
119 57 2.096910
119 37 2.136261
119 25 2.152187
119 72 2.104457
119 36 2.162447
119 65 2.153435
119 18 2.217390
119 6 2.265809
119 74 2.239392
119 38 2.299920
119 45 2.297683
119 64 2.287208
119 24 2.352170
119 23 2.379775
119 39 2.369428
119 42 2.377194
119 51 2.374909
119 68 2.376643
119 67 2.387947
119 26 2.442620
119 19 2.463475
119 16 2.473730
119 79 2.399300
119 34 2.459370
119 69 2.455223
119 47 2.539444
119 58 2.570156
119 27 2.612573
120 11 0.681769
120 9 0.727311
120 13 0.867754
120 8 0.894378
120 14 1.191362
120 29 1.172311
120 5 1.245957
120 31 1.242005
120 2 1.294662
120 30 1.294272
120 12 1.354876
120 6 1.367327
120 17 1.485593
120 16 1.488732
120 0 1.560269
120 28 1.514225
120 53 1.349812
120 1 1.603269
120 10 1.796022
120 15 1.787312
120 27 1.763983
120 7 1.800691
120 26 1.765717
120 59 1.213674
120 61 1.163824
120 25 1.851054
120 3 1.889991
120 24 1.855154
120 33 1.904408
120 63 1.203775
120 47 1.862180
120 43 1.962724
120 38 2.012643
120 52 1.974879
120 56 1.760824
120 21 2.110541
120 39 2.221575
120 22 2.255913
120 44 2.200166
120 34 2.279743
120 37 2.272271
120 36 2.302310
120 40 2.297540
120 50 2.232420
120 49 2.325345
120 20 2.428736
120 23 2.424700
120 77 1.087246
120 19 2.433458
120 41 2.389009
120 32 2.446148
120 75 1.132635
120 4 2.500243
120 62 1.852672
120 48 2.465716
120 76 1.245884
120 71 1.417997
120 55 2.369466
120 18 2.694141
120 42 2.643631
120 45 2.619148
120 35 2.660311
120 57 2.303616
120 64 1.841019
120 70 1.522213
120 66 1.593253
120 78 1.387681
120 58 2.197871
120 46 2.713459
120 51 2.786711
120 81 1.618644
120 67 1.900047
120 54 2.789643
120 72 1.707528
120 60 2.417754
120 79 1.754888
120 65 1.985930
120 73 1.767505
120 74 1.765719
120 68 1.941329
120 80 1.736690
120 69 1.948844
120 82 1.866642
