21 1 0.119814
21 5 0.135919
21 3 0.149123
21 2 0.167280
21 4 0.152954
21 0 0.172827
21 6 0.143098
21 8 0.148070
21 9 0.151335
21 7 0.228554
21 13 0.117181
21 12 0.128411
21 11 0.132997
21 10 0.134130
21 18 0.133901
21 19 0.157547
21 14 0.187861
21 17 0.191838
21 15 0.220021
21 16 0.230827
21 20 0.226181
21 22 0.234045
21 24 0.253849
21 21 0.258954
21 25 0.268223
21 26 0.274916
21 23 0.278369
21 27 0.297858
21 33 0.287824
21 28 0.299910
21 35 0.315083
21 29 0.326548
21 31 0.325066
21 80 0.266184
21 75 0.283204
21 61 0.325443
21 45 0.350236
21 63 0.328920
21 51 0.348733
21 73 0.312272
21 65 0.325847
21 78 0.290719
21 49 0.353039
21 69 0.319731
21 40 0.369088
21 67 0.326271
21 77 0.296417
21 71 0.320493
21 37 0.374166
21 56 0.376439
21 43 0.391752
21 70 0.350854
21 59 0.373637
21 53 0.382457
21 57 0.376207
21 58 0.375013
21 62 0.366965
21 36 0.406455
21 38 0.406371
21 47 0.393327
21 39 0.407298
21 74 0.349594
21 46 0.395052
21 30 0.420093
21 79 0.329996
21 66 0.365361
21 32 0.415602
21 68 0.362207
21 64 0.370456
21 34 0.414368
21 50 0.393391
21 54 0.389348
21 76 0.342524
21 81 0.330374
21 42 0.403671
21 41 0.405966
21 82 0.330437
21 55 0.390332
21 72 0.363844
21 44 0.410668
21 52 0.409150
21 48 0.417965
21 60 0.402361
22 3 0.116376
22 0 0.122840
22 2 0.131750
22 6 0.181764
22 1 0.193077
22 4 0.209353
22 5 0.214486
22 10 0.218419
22 9 0.219746
22 8 0.243269
22 12 0.242855
22 11 0.281341
22 14 0.282513
22 7 0.297951
22 13 0.311759
22 19 0.336673
22 20 0.341906
22 66 0.324238
22 44 0.348247
22 28 0.368216
22 32 0.370464
22 42 0.368113
22 34 0.376356
22 40 0.371109
22 62 0.353698
22 53 0.365306
22 51 0.369279
22 60 0.359935
22 45 0.377568
22 68 0.353401
22 78 0.339385
22 22 0.407233
22 15 0.414401
22 50 0.374561
22 38 0.389415
22 74 0.348886
22 76 0.348036
22 30 0.400507
22 72 0.355146
22 64 0.364778
22 70 0.359472
22 48 0.382592
22 25 0.411292
22 56 0.374829
22 26 0.411547
22 54 0.380063
22 16 0.423539
22 57 0.378859
22 29 0.413245
22 59 0.381151
22 80 0.356124
22 63 0.378114
22 36 0.408169
22 17 0.432630
22 77 0.361869
22 41 0.405751
22 31 0.419586
22 18 0.436817
22 33 0.417549
22 81 0.364531
22 65 0.386112
22 73 0.376080
22 71 0.382100
22 75 0.375948
22 58 0.396572
22 23 0.437963
22 21 0.440750
22 49 0.407825
22 43 0.417606
22 67 0.392451
22 61 0.398557
22 47 0.414821
22 55 0.407912
22 52 0.411054
22 79 0.379805
22 37 0.428947
22 24 0.446613
22 46 0.421185
22 82 0.379861
22 69 0.400167
22 35 0.436729
22 39 0.433441
22 27 0.448994
23 0 0.106446
23 2 0.166704
23 4 0.173368
23 5 0.179275
23 10 0.183082
23 1 0.193192
23 3 0.195571
23 9 0.194438
23 8 0.227854
23 7 0.231319
23 17 0.250443
23 20 0.259341
23 13 0.269983
23 16 0.293525
23 19 0.297398
23 23 0.313424
23 24 0.338848
23 11 0.359981
23 14 0.358970
23 30 0.347890
23 32 0.346077
23 56 0.323959
23 12 0.372203
23 6 0.378832
23 35 0.352062
23 28 0.360554
23 18 0.373153
23 21 0.370488
23 29 0.366875
23 52 0.342895
23 31 0.366341
23 42 0.362276
23 53 0.367265
23 50 0.370645
23 54 0.369302
23 40 0.387742
23 78 0.347164
23 62 0.363934
23 70 0.355581
23 22 0.410798
23 25 0.408164
23 79 0.352575
23 64 0.368140
23 36 0.400388
23 33 0.404238
23 46 0.390615
23 81 0.354751
23 57 0.379611
23 44 0.394924
23 76 0.360372
23 38 0.402246
23 48 0.390794
23 66 0.371740
23 47 0.392744
23 15 0.427748
23 49 0.390670
23 59 0.380512
23 82 0.357546
23 27 0.416790
23 34 0.410010
23 51 0.391180
23 55 0.386761
23 37 0.408091
23 71 0.373078
23 75 0.368936
23 45 0.402381
23 65 0.380274
23 39 0.410054
23 69 0.376710
23 74 0.372694
23 61 0.386302
23 58 0.389907
23 77 0.370094
23 73 0.374524
23 72 0.376361
23 26 0.426731
23 68 0.380522
23 43 0.412413
23 60 0.396072
23 80 0.376078
23 41 0.418315
23 67 0.390680
23 63 0.397127
24 0 0.109806
24 1 0.168150
24 2 0.187789
24 3 0.189673
24 5 0.196269
24 4 0.211621
24 6 0.214241
24 8 0.216163
24 7 0.237698
24 9 0.241555
24 13 0.252231
24 14 0.257080
24 15 0.286683
24 18 0.302594
24 25 0.301047
24 16 0.323392
24 20 0.328835
24 17 0.363374
24 19 0.363384
24 63 0.315197
24 48 0.345255
24 10 0.389189
24 33 0.368659
24 74 0.319199
24 30 0.372200
24 53 0.344839
24 58 0.353650
24 37 0.379315
24 26 0.392041
24 71 0.337604
24 50 0.368728
24 24 0.400117
24 36 0.390995
24 28 0.400694
24 52 0.373409
24 62 0.372233
24 51 0.386378
24 54 0.383588
24 55 0.383626
24 32 0.413285
24 40 0.403194
24 31 0.415799
24 81 0.355105
24 12 0.437376
24 39 0.407162
24 56 0.387346
24 45 0.402610
24 21 0.432334
24 76 0.363794
24 42 0.406991
24 47 0.401181
24 46 0.403575
24 78 0.363043
24 34 0.417942
24 69 0.374416
24 68 0.376053
24 75 0.368433
24 43 0.409681
24 59 0.390282
24 61 0.388257
24 67 0.379283
24 23 0.436434
24 64 0.385514
24 11 0.447131
24 49 0.404140
24 44 0.410722
24 79 0.367706
24 65 0.384927
24 77 0.371514
24 82 0.367022
24 38 0.420701
24 70 0.383260
24 66 0.387004
24 73 0.380010
24 72 0.382427
24 29 0.435540
24 41 0.421947
24 60 0.399350
24 22 0.447759
24 35 0.431147
24 27 0.443234
24 57 0.409798
24 80 0.381585
25 0 0.082016
25 5 0.140643
25 3 0.153325
25 4 0.161843
25 6 0.161164
25 1 0.197569
25 9 0.196164
25 2 0.214411
25 7 0.224233
25 12 0.220997
25 8 0.249339
25 10 0.248488
25 13 0.250758
25 14 0.270721
25 15 0.307234
25 25 0.304524
25 16 0.315395
25 22 0.329745
25 33 0.332553
25 11 0.369489
25 20 0.361843
25 63 0.318615
25 17 0.370439
25 32 0.354655
25 31 0.356304
25 29 0.359190
25 30 0.358309
25 36 0.352193
25 34 0.354773
25 28 0.362758
25 39 0.351347
25 26 0.367062
25 55 0.339863
25 38 0.358513
25 61 0.333592
25 19 0.381515
25 70 0.332352
25 47 0.359646
25 78 0.332044
25 44 0.378294
25 58 0.362792
25 53 0.370063
25 75 0.345663
25 23 0.404254
25 56 0.367563
25 24 0.405001
25 67 0.358083
25 45 0.381954
25 40 0.388436
25 27 0.402562
25 42 0.386866
25 62 0.365722
25 66 0.361702
25 46 0.383436
25 37 0.394405
25 51 0.378829
25 35 0.397191
25 77 0.351523
25 76 0.352680
25 21 0.413907
25 60 0.371480
25 48 0.385054
25 41 0.394126
25 71 0.362353
25 59 0.375604
25 54 0.381720
25 57 0.378937
25 18 0.422691
25 65 0.379307
25 81 0.360057
25 50 0.396476
25 68 0.378290
25 80 0.363325
25 69 0.377689
25 79 0.365735
25 43 0.406609
25 72 0.374489
25 74 0.374031
25 64 0.387273
25 73 0.376851
25 49 0.404267
25 82 0.368035
25 52 0.407143
26 0 0.095445
26 3 0.107521
26 5 0.157627
26 6 0.206784
26 1 0.217656
26 4 0.226138
26 10 0.228788
26 2 0.238593
26 8 0.236065
26 12 0.234313
26 11 0.237949
26 20 0.238052
26 14 0.250657
26 7 0.261333
26 21 0.260997
26 18 0.270997
26 15 0.273394
26 19 0.276609
26 17 0.287814
26 16 0.292456
26 9 0.306672
26 22 0.303130
26 13 0.311228
26 23 0.301556
26 24 0.303777
26 28 0.299611
26 30 0.312582
26 25 0.320795
26 29 0.321833
26 27 0.330628
26 26 0.342657
26 34 0.346285
26 66 0.295185
26 39 0.387641
26 58 0.323928
26 78 0.277598
26 70 0.289469
26 37 0.409114
26 76 0.282645
26 65 0.303704
26 42 0.386112
26 48 0.361964
26 38 0.402210
26 52 0.359451
26 44 0.378831
26 74 0.287923
26 56 0.344871
26 46 0.374524
26 50 0.362565
26 71 0.293771
26 40 0.392694
26 32 0.426656
26 62 0.318692
26 82 0.283460
26 54 0.361245
26 68 0.305459
26 59 0.339639
26 60 0.340520
26 80 0.293027
26 77 0.299032
26 33 0.432022
26 63 0.324673
26 31 0.445006
26 51 0.377737
26 75 0.304091
26 55 0.371374
26 64 0.325762
26 61 0.342950
26 49 0.382255
26 79 0.302190
26 47 0.386902
26 53 0.383942
26 67 0.329052
26 45 0.404783
26 36 0.443171
26 73 0.318559
26 72 0.326053
26 69 0.331111
26 43 0.423304
26 41 0.427149
26 35 0.452999
26 57 0.383954
26 81 0.331919
27 0 0.092798
27 3 0.122873
27 4 0.174745
27 2 0.179139
27 1 0.190414
27 5 0.198640
27 6 0.200203
27 7 0.225866
27 9 0.228638
27 14 0.238276
27 11 0.258942
27 8 0.269492
27 12 0.282080
27 16 0.296069
27 13 0.317099
27 63 0.294388
27 27 0.336061
27 52 0.311096
27 21 0.345002
27 23 0.344891
27 24 0.350452
27 38 0.338274
27 17 0.360975
27 56 0.326247
27 19 0.366143
27 46 0.345181
27 15 0.379790
27 33 0.371335
27 31 0.377468
27 43 0.366942
27 37 0.389095
27 58 0.367409
27 78 0.346397
27 20 0.408834
27 51 0.382164
27 28 0.408178
27 18 0.419135
27 50 0.384864
27 40 0.395629
27 57 0.379294
27 61 0.376598
27 59 0.378650
27 55 0.383512
27 41 0.398570
27 10 0.431536
27 39 0.403337
27 60 0.382087
27 54 0.388335
27 79 0.362693
27 67 0.376791
27 47 0.396639
27 45 0.399512
27 36 0.409589
27 53 0.392267
27 34 0.412690
27 30 0.417367
27 73 0.373376
27 42 0.406334
27 69 0.379065
27 26 0.425586
27 29 0.421632
27 75 0.373911
27 74 0.374965
27 66 0.385604
27 77 0.373424
27 71 0.379834
27 72 0.379749
27 82 0.370197
27 32 0.420902
27 62 0.392499
27 68 0.387175
27 70 0.385084
27 44 0.411932
27 48 0.408409
27 22 0.437116
27 35 0.421680
27 80 0.375966
27 64 0.395219
27 49 0.410665
27 65 0.394754
27 76 0.382957
27 25 0.437898
27 81 0.386568
28 0 0.095605
28 2 0.096933
28 4 0.165836
28 3 0.166808
28 5 0.173379
28 1 0.188570
28 6 0.194012
28 8 0.207958
28 7 0.221070
28 10 0.222502
28 12 0.235109
28 9 0.241927
28 13 0.250207
28 11 0.263739
28 16 0.278677
28 14 0.293294
28 23 0.302000
28 25 0.304637
28 29 0.304822
28 63 0.306812
28 19 0.354754
28 18 0.364834
28 30 0.352450
28 42 0.344182
28 31 0.355863
28 70 0.312796
28 35 0.360088
28 28 0.370475
28 49 0.348014
28 34 0.364425
28 78 0.316026
28 59 0.342075
28 56 0.345487
28 17 0.389976
28 15 0.395685
28 41 0.368253
28 62 0.345936
28 61 0.348490
28 37 0.378283
28 55 0.358896
28 39 0.376763
28 24 0.394530
28 64 0.356267
28 38 0.384387
28 50 0.372225
28 22 0.403235
28 20 0.405752
28 54 0.369186
28 77 0.342294
28 44 0.382059
28 43 0.383092
28 58 0.366609
28 27 0.401367
28 69 0.353675
28 68 0.356290
28 71 0.353754
28 45 0.384433
28 76 0.349585
28 67 0.360663
28 57 0.372281
28 75 0.351220
28 53 0.377237
28 51 0.379250
28 82 0.342919
28 48 0.384528
28 65 0.366219
28 32 0.404696
28 47 0.389503
28 66 0.367559
28 40 0.397510
28 52 0.385039
28 21 0.422015
28 33 0.409377
28 73 0.364905
28 46 0.396352
28 26 0.418469
28 80 0.357400
28 72 0.370295
28 81 0.360843
28 74 0.370975
28 60 0.388563
28 36 0.414807
28 79 0.367520
29 0 0.170737
29 3 0.203335
29 1 0.212708
29 2 0.242859
29 4 0.248137
29 7 0.221957
29 6 0.234185
29 9 0.115990
29 8 0.217985
29 12 0.105579
29 5 0.266085
29 10 0.135678
29 14 0.117146
29 13 0.128824
29 11 0.137597
29 15 0.162423
29 16 0.163651
29 18 0.298297
29 35 0.283390
29 33 0.221651
29 32 0.226408
29 26 0.257591
29 23 0.278989
29 25 0.266071
29 19 0.299983
29 30 0.234941
29 22 0.283534
29 34 0.228559
29 29 0.250570
29 31 0.235328
29 20 0.303063
29 27 0.260523
29 24 0.275748
29 21 0.302661
29 28 0.261099
29 40 0.253406
29 53 0.215346
29 59 0.200049
29 51 0.236752
29 17 0.305453
29 39 0.301879
29 55 0.253485
29 57 0.248978
29 45 0.286912
29 43 0.292159
29 56 0.254282
29 46 0.284226
29 41 0.298908
29 60 0.243443
29 61 0.236715
29 52 0.266414
29 48 0.284486
29 44 0.298273
29 38 0.313418
29 36 0.320198
29 42 0.306557
29 47 0.293099
29 37 0.339486
29 54 0.291265
29 49 0.315589
29 50 0.314247
29 58 0.293649
29 71 0.090133
29 63 0.165731
29 68 0.104030
29 66 0.113722
29 62 0.181918
29 70 0.098531
29 78 0.100109
29 77 0.110431
29 75 0.113646
29 76 0.117806
29 69 0.155885
29 67 0.165796
29 65 0.173422
29 73 0.155698
29 64 0.181117
29 80 0.138539
29 72 0.162735
29 79 0.149839
29 82 0.147732
29 74 0.169554
29 81 0.153745
30 0 0.106382
30 6 0.120937
30 2 0.176349
30 4 0.186572
30 3 0.193569
30 5 0.211690
30 1 0.216817
30 7 0.216459
30 8 0.224591
30 19 0.224890
30 12 0.257687
30 17 0.257555
30 16 0.285636
30 20 0.295251
30 18 0.319924
30 13 0.325636
30 51 0.326874
30 10 0.387306
30 29 0.370289
30 26 0.378759
30 27 0.378647
30 54 0.351724
30 44 0.392975
30 76 0.356782
30 48 0.391270
30 30 0.380187
30 47 0.363891
30 52 0.358558
30 38 0.374825
30 50 0.386638
30 14 0.394629
30 9 0.399459
30 78 0.358128
30 63 0.385627
30 32 0.374580
30 28 0.431082
30 36 0.423154
30 25 0.436078
30 77 0.377863
30 66 0.390601
30 21 0.441352
30 24 0.439193
30 31 0.431614
30 57 0.406193
30 72 0.388966
30 69 0.393353
30 62 0.402534
30 53 0.413460
30 70 0.393443
30 40 0.429869
30 74 0.391803
30 43 0.428516
30 58 0.414188
30 33 0.442253
30 79 0.391406
30 37 0.439091
30 61 0.414341
30 59 0.417496
30 65 0.409266
30 56 0.423138
30 15 0.465187
30 11 0.469650
30 23 0.460371
30 42 0.443248
30 71 0.409925
30 34 0.451747
30 80 0.401866
30 39 0.448736
30 81 0.402542
30 46 0.445843
30 55 0.436484
30 22 0.471113
30 82 0.405055
30 60 0.431257
30 35 0.460422
30 75 0.419321
30 64 0.432728
30 41 0.459429
30 68 0.429430
30 73 0.423293
30 45 0.459388
30 67 0.433950
30 49 0.456219
31 1 0.123348
31 0 0.124607
31 5 0.151105
31 3 0.178253
31 8 0.191755
31 6 0.196840
31 4 0.208314
31 2 0.214362
31 10 0.215808
31 7 0.229904
31 9 0.231441
31 19 0.224413
31 20 0.232415
31 14 0.263349
31 12 0.281501
31 11 0.296883
31 15 0.323035
31 17 0.358741
31 31 0.344857
31 33 0.343136
31 21 0.355552
31 27 0.362204
31 13 0.376745
31 24 0.366813
31 38 0.353319
31 29 0.364567
31 53 0.342878
31 54 0.342162
31 23 0.378340
31 44 0.365701
31 51 0.361359
31 37 0.376497
31 76 0.338808
31 63 0.355220
31 61 0.359377
31 78 0.339469
31 66 0.357857
31 35 0.394101
31 34 0.404218
31 49 0.388656
31 32 0.406597
31 28 0.412898
31 30 0.411854
31 58 0.382779
31 81 0.355485
31 67 0.372415
31 50 0.393489
31 26 0.418410
31 47 0.397586
31 75 0.364906
31 25 0.420992
31 36 0.409999
31 59 0.387555
31 42 0.407587
31 45 0.404542
31 22 0.429207
31 79 0.367513
31 41 0.414913
31 71 0.379848
31 56 0.399570
31 74 0.378284
31 70 0.383448
31 46 0.414227
31 64 0.393446
31 16 0.446877
31 68 0.390797
31 55 0.408689
31 48 0.417708
31 77 0.384163
31 62 0.401748
31 52 0.416928
31 43 0.435320
31 18 0.462837
31 39 0.441904
31 80 0.395402
31 69 0.412017
31 65 0.416502
31 57 0.427617
31 72 0.409594
31 60 0.425126
31 73 0.411577
31 40 0.453150
31 82 0.411333
32 4 0.104808
32 0 0.110438
32 1 0.191283
32 5 0.188561
32 3 0.195469
32 2 0.206249
32 8 0.204906
32 6 0.218943
32 13 0.213920
32 7 0.238817
32 12 0.246274
32 11 0.249339
32 9 0.257516
32 10 0.269808
32 14 0.276242
32 17 0.313951
32 15 0.337588
32 28 0.354508
32 26 0.356786
32 19 0.374749
32 53 0.350497
32 31 0.380007
32 30 0.383790
32 22 0.408125
32 46 0.385517
32 24 0.419888
32 18 0.427612
32 38 0.406201
32 42 0.403126
32 44 0.401343
32 21 0.429731
32 34 0.416585
32 20 0.432147
32 71 0.376521
32 40 0.411980
32 16 0.438738
32 29 0.424162
32 78 0.369386
32 66 0.384581
32 32 0.422749
32 50 0.404448
32 56 0.397319
32 54 0.401299
32 77 0.375256
32 61 0.394683
32 35 0.424494
32 62 0.394819
32 23 0.438072
32 25 0.436311
32 75 0.380494
32 49 0.413090
32 70 0.390565
32 63 0.401155
32 82 0.379123
32 33 0.437563
32 80 0.389354
32 51 0.423088
32 57 0.416766
32 58 0.415274
32 76 0.395901
32 72 0.401452
32 59 0.417895
32 36 0.444454
32 27 0.457572
32 81 0.398015
32 79 0.399934
32 65 0.416952
32 69 0.418569
32 55 0.434490
32 68 0.421939
32 74 0.414717
32 45 0.451312
32 73 0.420151
32 48 0.450633
32 60 0.438734
32 67 0.431307
32 52 0.453066
32 47 0.458270
32 41 0.468229
32 37 0.473602
32 43 0.467502
32 39 0.472181
32 64 0.445061
33 0 0.140125
33 5 0.140001
33 8 0.195890
33 1 0.206361
33 3 0.205136
33 2 0.212057
33 4 0.210781
33 7 0.245467
33 6 0.257864
33 17 0.253467
33 14 0.262837
33 22 0.269146
33 10 0.286266
33 16 0.288829
33 9 0.326528
33 12 0.347329
33 11 0.389730
33 29 0.392974
33 28 0.433402
33 31 0.435470
33 32 0.434954
33 27 0.439223
33 19 0.450809
33 18 0.452407
33 77 0.380991
33 13 0.457574
33 21 0.452654
33 49 0.418768
33 34 0.439035
33 40 0.432160
33 54 0.415333
33 59 0.409372
33 51 0.419802
33 42 0.433760
33 50 0.422343
33 38 0.438216
33 23 0.456431
33 62 0.409148
33 36 0.441113
33 20 0.460725
33 53 0.421726
33 44 0.433935
33 15 0.466268
33 76 0.393496
33 70 0.405013
33 33 0.456990
33 25 0.467335
33 26 0.466463
33 78 0.404566
33 55 0.436544
33 66 0.423776
33 39 0.459439
33 48 0.450464
33 71 0.425326
33 69 0.428508
33 67 0.432290
33 56 0.445798
33 30 0.480642
33 80 0.421947
33 43 0.468733
33 61 0.448008
33 37 0.478625
33 63 0.458620
33 81 0.439978
33 74 0.450133
33 46 0.484461
33 24 0.513182
33 72 0.453129
33 79 0.446115
33 73 0.455125
33 64 0.467610
33 68 0.462137
33 60 0.472628
33 82 0.446156
33 65 0.470025
33 57 0.481014
33 75 0.460394
33 35 0.510819
33 45 0.497667
33 58 0.483554
33 47 0.497783
33 52 0.495267
33 41 0.511366
34 2 0.120630
34 0 0.127288
34 3 0.179870
34 1 0.185910
34 4 0.192676
34 5 0.205255
34 8 0.204309
34 6 0.218772
34 7 0.234516
34 13 0.233911
34 21 0.226828
34 16 0.241125
34 15 0.256570
34 11 0.266406
34 17 0.269937
34 18 0.293105
34 12 0.329002
34 23 0.328758
34 25 0.359087
34 10 0.385252
34 53 0.343277
34 44 0.360909
34 74 0.328106
34 66 0.341862
34 27 0.402755
34 40 0.384625
34 14 0.420422
34 76 0.335740
34 62 0.364665
34 32 0.407523
34 20 0.424840
34 79 0.348368
34 64 0.369387
34 50 0.413218
34 36 0.437364
34 58 0.404658
34 60 0.400800
34 28 0.451581
34 82 0.377253
34 42 0.432047
34 54 0.414093
34 26 0.458310
34 48 0.424507
34 78 0.386608
34 46 0.430379
34 38 0.443862
34 69 0.399155
34 34 0.449894
34 56 0.418509
34 68 0.403014
34 55 0.420115
34 30 0.457418
34 70 0.401741
34 71 0.400859
34 29 0.464922
34 31 0.461339
34 73 0.407102
34 22 0.480548
34 65 0.421278
34 24 0.480107
34 75 0.414418
34 51 0.447917
34 33 0.476762
34 77 0.421439
34 43 0.468278
34 57 0.447223
34 47 0.464115
34 19 0.501727
34 9 0.515692
34 37 0.479985
34 61 0.443632
34 59 0.448480
34 52 0.460669
34 63 0.451683
34 39 0.491193
34 81 0.433895
34 45 0.487323
34 80 0.440630
34 67 0.459172
34 72 0.452450
34 35 0.508625
34 49 0.486594
34 41 0.500235
35 0 0.141746
35 1 0.144787
35 5 0.208143
35 8 0.210981
35 3 0.220250
35 4 0.221928
35 6 0.236694
35 2 0.251129
35 10 0.254750
35 11 0.261645
35 17 0.257310
35 7 0.275646
35 14 0.273315
35 9 0.344249
35 25 0.356400
35 20 0.362594
35 29 0.360586
35 33 0.358138
35 21 0.402884
35 77 0.342885
35 50 0.379964
35 19 0.411605
35 56 0.374566
35 15 0.416986
35 13 0.418907
35 78 0.351966
35 18 0.417862
35 28 0.409890
35 31 0.415933
35 30 0.423771
35 12 0.440872
35 49 0.408301
35 26 0.431481
35 64 0.392141
35 71 0.388127
35 46 0.419251
35 27 0.443240
35 35 0.438680
35 74 0.398092
35 65 0.410910
35 75 0.400713
35 59 0.426976
35 42 0.445880
35 44 0.445817
35 66 0.421497
35 47 0.443884
35 63 0.426759
35 24 0.469358
35 53 0.440149
35 61 0.433576
35 32 0.464533
35 70 0.431112
35 69 0.432848
35 76 0.427592
35 62 0.448463
35 37 0.476003
35 41 0.473067
35 79 0.440273
35 51 0.473482
35 54 0.470031
35 22 0.502907
35 23 0.502704
35 60 0.464392
35 39 0.489196
35 58 0.473257
35 52 0.484625
35 43 0.494300
35 48 0.494044
35 67 0.472472
35 16 0.526848
35 68 0.471995
35 80 0.458543
35 82 0.456308
35 57 0.486952
35 72 0.473163
35 34 0.514984
35 55 0.493966
35 38 0.513647
35 45 0.508196
35 81 0.472136
35 36 0.523334
35 40 0.525068
35 73 0.497314
36 0 0.197826
36 1 0.202612
36 2 0.213071
36 9 0.133905
36 3 0.221977
36 5 0.218137
36 6 0.200621
36 8 0.157499
36 7 0.214010
36 10 0.127869
36 12 0.102419
36 4 0.263140
36 11 0.135327
36 14 0.121839
36 13 0.134590
36 18 0.161887
36 16 0.173179
36 15 0.204189
36 17 0.201228
36 19 0.203497
36 21 0.210559
36 20 0.225826
36 22 0.229730
36 25 0.226508
36 23 0.239777
36 24 0.241888
36 28 0.240744
36 29 0.242667
36 27 0.254757
36 26 0.260394
36 34 0.246946
36 50 0.348828
36 32 0.386669
36 72 0.328943
36 70 0.339778
36 44 0.381579
36 30 0.405539
36 76 0.338836
36 75 0.336062
36 66 0.347727
36 46 0.381356
36 54 0.367640
36 64 0.353500
36 78 0.327925
36 42 0.390555
36 62 0.361761
36 39 0.400672
36 60 0.366981
36 56 0.413288
36 48 0.426643
36 68 0.397839
36 36 0.452995
36 31 0.466884
36 52 0.433867
36 38 0.461068
36 53 0.439852
36 81 0.402947
36 40 0.468867
36 55 0.443305
36 58 0.438727
36 61 0.435384
36 47 0.457628
36 33 0.485199
36 37 0.483403
36 57 0.450157
36 71 0.434216
36 65 0.444300
36 43 0.485296
36 51 0.470099
36 59 0.467659
36 35 0.517675
36 77 0.453219
36 63 0.472983
36 67 0.468155
36 69 0.469088
36 74 0.465968
36 45 0.509048
36 49 0.499899
36 73 0.471571
36 41 0.521709
36 79 0.737528
36 82 0.741588
36 80 0.758452
37 8 0.273078
37 0 0.280312
37 3 0.280984
37 1 0.284772
37 2 0.284490
37 14 0.276563
37 11 0.278778
37 9 0.280653
37 13 0.278497
37 16 0.278481
37 7 0.286338
37 12 0.283088
37 4 0.290035
37 5 0.290446
37 6 0.291205
37 28 0.261390
37 19 0.288073
37 17 0.296069
37 10 0.305529
37 15 0.325781
37 31 0.290796
37 24 0.308271
37 33 0.285632
37 21 0.322814
37 32 0.294772
37 27 0.315617
37 44 0.254386
37 26 0.318209
37 25 0.320198
37 29 0.317076
37 18 0.345120
37 22 0.339006
37 30 0.316745
37 38 0.289659
37 20 0.348646
37 34 0.319728
37 37 0.310575
37 23 0.353000
37 36 0.313258
37 46 0.288921
37 39 0.325047
37 47 0.280074
37 43 0.312401
37 40 0.327431
37 48 0.271549
37 50 0.270332
37 53 0.136487
37 56 0.122604
37 42 0.330662
37 35 0.363214
37 45 0.332645
37 49 0.296701
37 41 0.354438
37 51 0.273027
37 54 0.172714
37 52 0.288990
37 59 0.172078
37 61 0.173929
37 66 0.180650
37 62 0.184266
37 70 0.176877
37 71 0.176522
37 77 0.173143
37 76 0.176066
37 78 0.177049
37 57 0.233943
37 75 0.184557
37 67 0.214271
37 64 0.220620
37 58 0.225022
37 65 0.220479
37 74 0.213357
37 55 0.268233
37 68 0.225860
37 72 0.220406
37 63 0.232580
37 69 0.230464
37 73 0.224835
37 82 0.212088
37 81 0.215271
37 80 0.219974
37 60 0.254825
37 79 0.240787
38 1 0.278140
38 3 0.281723
38 11 0.254508
38 9 0.277332
38 0 0.315935
38 10 0.310418
38 8 0.333987
38 4 0.341908
38 5 0.341187
38 14 0.158182
38 12 0.323745
38 7 0.364633
38 2 0.375757
38 13 0.269185
38 6 0.416149
38 15 0.266180
38 19 0.220933
38 18 0.236763
38 17 0.268862
38 16 0.277660
38 20 0.274818
38 22 0.246115
38 21 0.268604
38 31 0.243210
38 28 0.263205
38 24 0.286413
38 29 0.267170
38 23 0.295161
38 27 0.287667
38 26 0.297074
38 30 0.289791
38 32 0.291768
38 25 0.334818
38 51 0.424479
38 71 0.372627
38 40 0.448014
38 53 0.423573
38 63 0.404697
38 47 0.439782
38 61 0.411412
38 34 0.475781
38 45 0.444110
38 75 0.357292
38 77 0.350255
38 35 0.476504
38 59 0.419179
38 37 0.463623
38 38 0.455486
38 43 0.450156
38 39 0.456770
38 78 0.350141
38 56 0.443298
38 44 0.468051
38 33 0.499561
38 41 0.474849
38 79 0.360263
38 76 0.380299
38 65 0.437637
38 36 0.501765
38 57 0.463806
38 73 0.418299
38 42 0.502477
38 70 0.438810
38 69 0.450082
38 49 0.496681
38 62 0.471445
38 81 0.390245
38 54 0.487466
38 67 0.462778
38 58 0.485731
38 66 0.467941
38 60 0.503057
38 68 0.486722
38 48 0.540867
38 82 0.429613
38 50 0.542003
38 64 0.514208
38 74 0.474342
38 46 0.555912
38 72 0.485528
38 55 0.541991
38 52 0.549676
38 80 0.466589
39 0 0.135194
39 1 0.227707
39 9 0.222584
39 6 0.230784
39 3 0.235081
39 5 0.234067
39 2 0.236627
39 4 0.251738
39 11 0.246958
39 7 0.299762
39 20 0.294286
39 25 0.320774
39 16 0.333760
39 19 0.345262
39 55 0.370968
39 33 0.398509
39 44 0.397457
39 46 0.403460
39 66 0.382124
39 12 0.443000
39 71 0.380367
39 28 0.431340
39 77 0.377044
39 26 0.436303
39 56 0.406390
39 22 0.445407
39 29 0.451678
39 62 0.418895
39 75 0.404964
39 13 0.472597
39 37 0.448487
39 10 0.475869
39 14 0.474152
39 42 0.445399
39 51 0.435639
39 15 0.475403
39 21 0.469191
39 8 0.482538
39 54 0.435168
39 31 0.461054
39 52 0.438563
39 48 0.443049
39 53 0.438848
39 30 0.464834
39 81 0.408681
39 50 0.443730
39 63 0.430442
39 76 0.415966
39 58 0.436133
39 32 0.466468
39 39 0.460478
39 59 0.438577
39 23 0.484137
39 78 0.423737
39 57 0.448060
39 40 0.467791
39 24 0.486232
39 38 0.472723
39 18 0.496715
39 41 0.473054
39 69 0.443467
39 36 0.480279
39 70 0.443105
39 64 0.451532
39 61 0.455337
39 17 0.506167
39 45 0.482537
39 73 0.455860
39 74 0.456030
39 72 0.466049
39 49 0.492443
39 60 0.482332
39 67 0.476066
39 34 0.514710
39 80 0.464919
39 79 0.468611
39 68 0.483522
39 43 0.513639
39 27 0.533054
39 35 0.532697
39 82 0.485101
39 47 0.527554
39 65 0.521964
40 0 0.146342
40 3 0.140698
40 1 0.210098
40 6 0.186584
40 11 0.193302
40 5 0.206953
40 13 0.195884
40 17 0.192501
40 9 0.214530
40 8 0.217386
40 10 0.219201
40 2 0.245530
40 16 0.230026
40 19 0.224244
40 14 0.243034
40 12 0.252823
40 18 0.237880
40 4 0.268857
40 7 0.278600
40 21 0.232706
40 33 0.268436
40 22 0.402841
40 20 0.436980
40 35 0.271024
40 34 0.275019
40 15 0.455021
40 31 0.287044
40 24 0.363073
40 32 0.282115
40 26 0.329785
40 67 0.225136
40 38 0.315744
40 61 0.256508
40 28 0.298359
40 30 0.291669
40 51 0.277238
40 43 0.278380
40 36 0.299074
40 29 0.298530
40 25 0.362901
40 27 0.331195
40 23 0.378096
40 42 0.344980
40 47 0.316254
40 39 0.348647
40 37 0.349860
40 59 0.292219
40 53 0.307712
40 54 0.309643
40 66 0.287881
40 62 0.307696
40 63 0.312668
40 75 0.102740
40 44 0.362918
40 45 0.363789
40 46 0.363001
40 68 0.305011
40 57 0.332005
40 52 0.341959
40 60 0.327993
40 56 0.336474
40 49 0.348557
40 71 0.165402
40 50 0.378023
40 40 0.418073
40 78 0.063597
40 64 0.362510
40 55 0.387555
40 69 0.339197
40 65 0.374015
40 41 0.443516
40 58 0.390823
40 73 0.186273
40 76 0.177254
40 70 0.354927
40 77 0.182577
40 48 0.425575
40 80 0.107750
40 72 0.210794
40 79 0.118651
40 74 0.223494
40 82 0.137624
40 81 0.140031
41 0 0.168645
41 3 0.217910
41 5 0.220559
41 1 0.223991
41 4 0.228454
41 6 0.250731
41 2 0.258826
41 12 0.270025
41 7 0.278514
41 15 0.278856
41 16 0.286847
41 13 0.292876
41 14 0.294549
41 10 0.315026
41 9 0.355323
41 33 0.364823
41 30 0.377834
41 11 0.397162
41 18 0.396034
41 24 0.404131
41 66 0.359821
41 56 0.369856
41 28 0.401271
41 63 0.369609
41 32 0.404650
41 51 0.388968
41 71 0.365870
41 53 0.391675
41 78 0.364372
41 61 0.407213
41 17 0.457603
41 76 0.402330
41 31 0.457219
41 34 0.464048
41 36 0.462570
41 67 0.429484
41 20 0.481038
41 22 0.480200
41 43 0.457466
41 59 0.443525
41 27 0.478022
41 47 0.458054
41 29 0.477869
41 55 0.450799
41 35 0.474132
41 75 0.435858
41 77 0.436062
41 54 0.463387
41 62 0.455220
41 8 0.511444
41 74 0.441001
41 39 0.486988
41 44 0.482887
41 80 0.445145
41 60 0.470252
41 70 0.460433
41 37 0.498640
41 19 0.526267
41 38 0.517520
41 46 0.509852
41 69 0.490716
41 81 0.489887
41 41 0.537334
41 48 0.534240
41 21 0.567117
41 72 0.519359
41 57 0.540966
41 25 0.576087
41 79 0.516019
41 26 0.576716
41 73 0.527121
41 64 0.538726
41 58 0.546340
41 45 0.561426
41 65 0.542151
41 42 0.569731
41 50 0.564178
41 49 0.566375
41 82 0.533149
41 40 0.580818
41 23 0.600198
41 52 0.569779
41 68 0.552821
42 2 0.163939
42 3 0.174615
42 14 0.163703
42 9 0.218973
42 5 0.233695
42 13 0.219066
42 1 0.257549
42 11 0.263867
42 4 0.278191
42 7 0.277909
42 12 0.278942
42 6 0.296578
42 10 0.299239
42 0 0.312874
42 15 0.291010
42 17 0.285404
42 8 0.348347
42 21 0.302105
42 16 0.328624
42 23 0.302852
42 29 0.295074
42 34 0.277522
42 19 0.324579
42 27 0.326560
42 24 0.331364
42 31 0.324694
42 22 0.345960
42 20 0.351525
42 25 0.351680
42 28 0.348925
42 32 0.346165
42 30 0.354107
42 18 0.388400
42 37 0.347003
42 35 0.361648
42 33 0.370193
42 26 0.393637
42 41 0.383185
42 40 0.391563
42 39 0.406313
42 53 0.335110
42 43 0.394157
42 44 0.393376
42 42 0.404213
42 56 0.353019
42 45 0.415710
42 76 0.276287
42 52 0.385423
42 36 0.492428
42 70 0.316155
42 77 0.285373
42 75 0.290092
42 49 0.420599
42 47 0.434253
42 48 0.436819
42 72 0.321017
42 46 0.440689
42 71 0.327862
42 59 0.377333
42 79 0.296222
42 38 0.514918
42 51 0.437430
42 61 0.381034
42 50 0.453799
42 62 0.380287
42 58 0.417541
42 55 0.430632
42 66 0.385002
42 63 0.396166
42 64 0.396857
42 78 0.364826
42 69 0.404265
42 57 0.452915
42 73 0.392399
42 82 0.336971
42 54 0.470428
42 60 0.452714
42 67 0.421743
42 68 0.422982
42 80 0.368738
42 65 0.440529
42 74 0.412988
42 81 0.377992
43 8 0.187818
43 0 0.233116
43 3 0.217527
43 1 0.243904
43 12 0.159155
43 10 0.169660
43 13 0.170202
43 7 0.287544
43 5 0.292595
43 2 0.315900
43 11 0.185644
43 14 0.183198
43 9 0.290770
43 6 0.333461
43 4 0.402382
43 28 0.194508
43 16 0.273309
43 18 0.275381
43 15 0.301123
43 19 0.333908
43 29 0.268379
43 17 0.361849
43 33 0.222581
43 30 0.261333
43 24 0.331620
43 31 0.257872
43 23 0.339974
43 20 0.374078
43 21 0.363325
43 25 0.354034
43 22 0.378188
43 26 0.375677
43 32 0.291038
43 27 0.380223
43 38 0.311601
43 39 0.322789
43 40 0.343963
43 36 0.361477
43 43 0.365224
43 35 0.388357
43 41 0.385295
43 44 0.381962
43 56 0.287869
43 34 0.436729
43 37 0.444085
43 42 0.444696
43 48 0.415294
43 78 0.249105
43 50 0.399384
43 66 0.341019
43 70 0.309229
43 54 0.393788
43 77 0.268082
43 76 0.269314
43 46 0.489124
43 62 0.366194
43 51 0.413414
43 47 0.492983
43 49 0.471168
43 53 0.416077
43 75 0.288484
43 61 0.383131
43 63 0.379668
43 57 0.413544
43 55 0.419591
43 59 0.424569
43 71 0.354891
43 45 0.545962
43 52 0.455341
43 60 0.426729
43 73 0.335554
43 58 0.455685
43 68 0.389261
43 82 0.324638
43 64 0.433762
43 72 0.373113
43 69 0.413400
43 81 0.349710
43 80 0.353288
43 79 0.371089
43 65 0.477309
43 67 0.455026
43 74 0.403328
44 0 0.167244
44 2 0.205900
44 1 0.248682
44 4 0.252827
44 13 0.255074
44 14 0.264895
44 11 0.272716
44 5 0.284268
44 3 0.287672
44 12 0.306526
44 6 0.331610
44 10 0.335755
44 9 0.389904
44 7 0.395798
44 66 0.390231
44 15 0.479006
44 71 0.413414
44 31 0.468489
44 44 0.455168
44 17 0.485992
44 18 0.487364
44 8 0.520203
44 62 0.482179
44 29 0.528258
44 22 0.538096
44 53 0.501385
44 35 0.533710
44 16 0.581764
44 20 0.578820
44 30 0.566582
44 68 0.521519
44 34 0.593384
44 77 0.542292
44 27 0.602142
44 25 0.606509
44 47 0.580775
44 21 0.612192
44 61 0.566067
44 37 0.594526
44 70 0.554005
44 28 0.604209
44 36 0.597054
44 59 0.570879
44 56 0.574161
44 75 0.567905
44 79 0.564565
44 76 0.568555
44 78 0.566898
44 23 0.638568
44 32 0.627610
44 50 0.621272
44 43 0.630370
44 45 0.635493
44 26 0.658532
44 69 0.619706
44 41 0.655915
44 55 0.639049
44 33 0.670143
44 67 0.646548
44 80 0.635771
44 54 0.668507
44 19 0.715179
44 58 0.670322
44 81 0.641772
44 57 0.676457
44 38 0.700253
44 64 0.668019
44 52 0.689134
44 65 0.676320
44 73 0.673672
44 72 0.674851
44 40 0.717802
44 46 0.711929
44 51 0.709717
44 60 0.706212
44 42 0.731415
44 48 0.734736
44 82 0.705612
44 63 0.733477
44 24 0.782489
44 74 0.722562
44 39 0.770444
44 49 0.787025
45 12 0.267238
45 10 0.283979
45 4 0.331196
45 9 0.348310
45 3 0.364187
45 11 0.346944
45 8 0.358260
45 0 0.390212
45 1 0.391500
45 2 0.390765
45 14 0.352053
45 7 0.404126
45 13 0.378268
45 5 0.431347
45 16 0.412125
45 6 0.507434
45 15 0.478246
45 28 0.303553
45 20 0.491080
45 32 0.255439
45 17 0.533972
45 29 0.292596
45 30 0.270561
45 22 0.478816
45 19 0.553065
45 18 0.570740
45 31 0.312848
45 33 0.291302
45 26 0.498071
45 23 0.568207
45 21 0.611564
45 44 0.315093
45 25 0.561327
45 24 0.586792
45 27 0.508737
45 34 0.422437
45 37 0.438293
45 36 0.446427
45 43 0.434422
45 78 0.313176
45 40 0.465133
45 39 0.481649
45 76 0.366568
45 48 0.491156
45 38 0.527811
45 71 0.401057
45 70 0.406146
45 42 0.524125
45 62 0.444370
45 75 0.403852
45 61 0.450050
45 66 0.438924
45 35 0.571699
45 53 0.513476
45 45 0.539623
45 56 0.496036
45 50 0.535583
45 52 0.532067
45 77 0.434426
45 55 0.527500
45 59 0.508550
45 79 0.445770
45 63 0.514607
45 80 0.450317
45 41 0.609871
45 54 0.561258
45 51 0.597269
45 64 0.535129
45 68 0.522394
45 74 0.509223
45 72 0.522665
45 57 0.581569
45 46 0.628145
45 65 0.553419
45 69 0.535649
45 60 0.583478
45 81 0.506625
45 73 0.545967
45 82 0.504960
45 67 0.581077
45 58 0.625317
45 47 0.669588
45 49 0.667779
46 13 0.366795
46 2 0.380191
46 1 0.381162
46 4 0.379839
46 6 0.378976
46 9 0.381317
46 14 0.381693
46 7 0.391167
46 11 0.386475
46 0 0.398288
46 5 0.394832
46 8 0.433617
46 12 0.387482
46 10 0.398038
46 16 0.401662
46 3 0.401597
46 15 0.432082
46 19 0.507810
46 29 0.495442
46 18 0.536267
46 56 0.560077
46 20 0.640800
46 22 0.683672
46 65 0.601523
46 47 0.633158
46 31 0.665428
46 25 0.679753
46 33 0.664328
46 71 0.594550
46 23 0.686826
46 32 0.666673
46 30 0.671902
46 24 0.689922
46 49 0.638779
46 61 0.618962
46 17 0.712991
46 77 0.592878
46 41 0.657222
46 59 0.623222
46 68 0.607876
46 75 0.597632
46 43 0.655086
46 53 0.633035
46 55 0.630352
46 40 0.679327
46 37 0.682326
46 70 0.626247
46 42 0.693846
46 76 0.634538
46 66 0.649474
46 62 0.668801
46 67 0.659380
46 45 0.715703
46 73 0.667729
46 21 0.765698
46 69 0.678572
46 35 0.740371
46 63 0.697443
46 79 0.671380
46 78 0.680757
46 28 0.775235
46 64 0.710187
46 58 0.728415
46 38 0.774040
46 81 0.697476
46 39 0.777100
46 51 0.758899
46 44 0.775558
46 46 0.778613
46 27 0.818692
46 48 0.785442
46 26 0.835470
46 74 0.751483
46 52 0.788550
46 57 0.785044
46 54 0.797754
46 60 0.799812
46 80 0.786929
46 50 0.854666
46 36 0.878055
46 82 0.817865
46 72 0.840119
46 34 0.911301
47 11 0.204645
47 0 0.289380
47 10 0.209782
47 2 0.286374
47 4 0.283979
47 5 0.288153
47 1 0.325137
47 8 0.297089
47 13 0.258163
47 9 0.268991
47 12 0.274374
47 6 0.344722
47 14 0.206069
47 7 0.375780
47 3 0.396924
47 30 0.179644
47 15 0.341001
47 16 0.315564
47 20 0.259231
47 29 0.211282
47 18 0.276251
47 17 0.314846
47 22 0.260240
47 25 0.255344
47 32 0.237561
47 24 0.259425
47 19 0.325840
47 26 0.288318
47 31 0.276871
47 28 0.290092
47 27 0.292091
47 33 0.288865
47 34 0.314919
47 23 0.368168
47 44 0.321089
47 75 0.328441
47 35 0.424840
47 56 0.371807
47 62 0.388611
47 41 0.437575
47 40 0.456802
47 66 0.403288
47 38 0.482891
47 48 0.445964
47 53 0.444375
47 78 0.401966
47 36 0.510202
47 37 0.524543
47 21 0.563844
47 70 0.456357
47 46 0.507017
47 52 0.524211
47 71 0.491861
47 42 0.553974
47 63 0.511549
47 61 0.513887
47 49 0.536892
47 76 0.482298
47 77 0.483076
47 64 0.527685
47 81 0.482497
47 50 0.561928
47 51 0.566845
47 54 0.566232
47 65 0.548066
47 47 0.580878
47 59 0.561052
47 58 0.565704
47 57 0.578336
47 68 0.559234
47 45 0.609577
47 60 0.581890
47 72 0.565885
47 80 0.536567
47 39 0.643230
47 74 0.576031
47 43 0.640228
47 69 0.592243
47 73 0.603288
47 79 0.597970
47 67 0.633751
47 55 0.667047
47 82 0.579498
48 4 0.207883
48 1 0.218343
48 0 0.222609
48 3 0.244886
48 5 0.256431
48 7 0.270760
48 2 0.288347
48 12 0.294933
48 13 0.325209
48 18 0.394381
48 9 0.428711
48 31 0.413149
48 28 0.418475
48 21 0.426823
48 59 0.409403
48 14 0.459325
48 6 0.472171
48 16 0.479409
48 15 0.494108
48 19 0.493723
48 8 0.504907
48 75 0.444320
48 30 0.505461
48 32 0.517325
48 10 0.538845
48 24 0.527291
48 17 0.536804
48 44 0.513217
48 76 0.478756
48 34 0.536961
48 20 0.552687
48 38 0.553531
48 23 0.572391
48 77 0.514229
48 43 0.553624
48 42 0.559124
48 51 0.549446
48 36 0.576986
48 29 0.584126
48 39 0.576779
48 66 0.554641
48 53 0.577944
48 62 0.566787
48 11 0.623296
48 69 0.561606
48 78 0.556664
48 70 0.574830
48 27 0.624859
48 56 0.602961
48 41 0.637872
48 26 0.655258
48 33 0.647242
48 40 0.643950
48 63 0.616291
48 65 0.616066
48 55 0.631802
48 71 0.618383
48 61 0.639347
48 64 0.636286
48 45 0.665275
48 58 0.669596
48 25 0.711017
48 22 0.727103
48 46 0.707477
48 80 0.676521
48 49 0.711770
48 68 0.689949
48 67 0.695446
48 60 0.709376
48 47 0.728391
48 50 0.730928
48 82 0.696338
48 54 0.735768
48 48 0.743046
48 52 0.742874
48 74 0.721132
48 73 0.732996
48 35 0.786108
48 79 0.737178
48 81 0.742227
48 57 0.771183
48 37 0.804980
48 72 0.775314
49 4 0.185724
49 0 0.208323
49 11 0.249366
49 3 0.257065
49 2 0.266186
49 14 0.264390
49 1 0.277842
49 8 0.287493
49 5 0.297681
49 6 0.314705
49 10 0.325014
49 7 0.337802
49 29 0.421928
49 32 0.421719
49 31 0.423416
49 17 0.454240
49 33 0.456071
49 22 0.468671
49 76 0.411729
49 13 0.491582
49 28 0.481356
49 20 0.501033
49 9 0.514456
49 15 0.510619
49 62 0.581605
49 27 0.622226
49 68 0.576873
49 71 0.573430
49 38 0.610926
49 24 0.628039
49 43 0.607033
49 59 0.591476
49 18 0.637925
49 44 0.610840
49 30 0.625892
49 60 0.592711
49 45 0.611047
49 25 0.634495
49 53 0.602196
49 66 0.588809
49 46 0.612107
49 58 0.597333
49 23 0.639068
49 61 0.596719
49 16 0.646732
49 80 0.577664
49 63 0.596047
49 12 0.651468
49 70 0.591253
49 26 0.644435
49 56 0.615647
49 21 0.656210
49 75 0.599217
49 64 0.614798
49 78 0.604410
49 77 0.610624
49 51 0.652665
49 37 0.697399
49 47 0.690504
49 67 0.670363
49 72 0.666550
49 74 0.667655
49 54 0.693517
49 35 0.718026
49 36 0.720666
49 40 0.720342
49 55 0.709205
49 48 0.719195
49 65 0.701341
49 19 0.759633
49 79 0.696163
49 82 0.695090
49 41 0.747252
49 57 0.730232
49 52 0.739174
49 69 0.722246
49 39 0.757277
49 73 0.730126
49 34 0.779038
49 42 0.773807
49 81 0.734139
49 50 0.776878
49 49 0.783394
50 9 0.225427
50 0 0.243529
50 1 0.248702
50 3 0.266258
50 5 0.267476
50 10 0.266625
50 8 0.269550
50 12 0.266712
50 4 0.281176
50 2 0.298797
50 7 0.333336
50 11 0.330578
50 61 0.408856
50 51 0.419679
50 23 0.452259
50 59 0.412841
50 56 0.418478
50 19 0.482274
50 75 0.431000
50 44 0.468487
50 6 0.509705
50 24 0.493120
50 13 0.508088
50 16 0.506944
50 33 0.488413
50 29 0.492342
50 70 0.447901
50 15 0.512387
50 18 0.559680
50 30 0.544951
50 71 0.499977
50 22 0.556746
50 62 0.521198
50 36 0.554631
50 67 0.524220
50 76 0.519399
50 34 0.571945
50 46 0.557818
50 43 0.585757
50 74 0.553508
50 47 0.586275
50 81 0.549426
50 38 0.599519
50 28 0.613427
50 66 0.571478
50 80 0.579014
50 63 0.615696
50 69 0.612176
50 31 0.667085
50 53 0.642661
50 14 0.688692
50 57 0.646767
50 32 0.675147
50 78 0.623129
50 77 0.625533
50 26 0.683643
50 27 0.695181
50 49 0.687421
50 64 0.681281
50 65 0.694465
50 73 0.694418
50 41 0.739932
50 17 0.773999
50 35 0.761286
50 21 0.782699
50 39 0.763901
50 45 0.758443
50 42 0.762491
50 37 0.771223
50 55 0.760723
50 72 0.751429
50 52 0.776872
50 79 0.748892
50 40 0.807145
50 54 0.794495
50 68 0.785956
50 58 0.800102
50 60 0.800603
50 82 0.775345
50 48 0.816769
50 25 0.846655
50 20 0.861209
50 50 0.833690
51 1 0.245187
51 4 0.267934
51 8 0.272190
51 14 0.269012
51 12 0.276211
51 5 0.294357
51 0 0.330047
51 10 0.351411
51 2 0.365255
51 11 0.387593
51 13 0.429965
51 33 0.421976
51 44 0.418411
51 62 0.400083
51 32 0.465157
51 18 0.482084
51 31 0.495569
51 6 0.538915
51 7 0.540117
51 3 0.543419
51 70 0.491336
51 20 0.549393
51 54 0.510075
51 9 0.574461
51 76 0.549065
51 28 0.617120
51 16 0.631476
51 23 0.632270
51 66 0.589180
51 43 0.614941
51 30 0.646967
51 78 0.604341
51 39 0.659742
51 75 0.639829
51 15 0.706783
51 22 0.700589
51 73 0.643963
51 81 0.636773
51 41 0.717805
51 60 0.699769
51 56 0.704429
51 38 0.726307
51 80 0.712650
51 35 0.766272
51 29 0.792981
51 48 0.793718
51 52 0.827540
51 61 0.821455
51 47 0.849000
51 77 0.845007
51 71 0.851040
51 53 0.892168
51 59 0.886878
51 17 0.940093
51 36 0.922400
51 37 0.949212
51 57 0.937686
51 72 0.932768
51 69 0.948418
51 50 0.968855
51 45 0.983790
51 42 0.988515
51 24 1.015861
51 74 0.963281
51 19 1.028978
51 26 1.027041
51 40 1.019549
51 46 1.022544
51 67 1.025241
51 34 1.071783
51 27 1.086356
51 65 1.050950
51 63 1.061412
51 82 1.051242
51 58 1.081136
51 68 1.079020
51 49 1.108787
51 79 1.078820
51 55 1.108530
51 25 1.144470
51 21 1.149268
51 64 1.103508
51 51 1.151712
52 1 0.244690
52 3 0.212910
52 6 0.176776
52 0 0.282504
52 5 0.212849
52 2 0.300881
52 4 0.241050
52 10 0.259577
52 14 0.269205
52 11 0.279559
52 7 0.286930
52 9 0.319384
52 12 0.331938
52 13 0.337770
52 17 0.345787
52 8 0.361424
52 28 0.398023
52 16 0.430298
52 24 0.427490
52 15 0.446193
52 31 0.414314
52 29 0.426785
52 22 0.454499
52 18 0.460518
52 33 0.429984
52 30 0.443742
52 32 0.445227
52 27 0.467978
52 25 0.481519
52 19 0.503868
52 26 0.490398
52 23 0.505231
52 78 0.359591
52 21 0.623412
52 66 0.464359
52 75 0.432342
52 34 0.614654
52 35 0.617376
52 61 0.529152
52 62 0.525604
52 71 0.509700
52 37 0.653930
52 77 0.494914
52 38 0.670702
52 56 0.612354
52 67 0.557635
52 42 0.662227
52 39 0.681230
52 59 0.604819
52 53 0.647398
52 44 0.669068
52 41 0.691031
52 45 0.679134
52 40 0.712650
52 65 0.601445
52 43 0.698524
52 81 0.561434
52 76 0.591353
52 73 0.607141
52 63 0.645888
52 20 0.813403
52 55 0.700843
52 70 0.636314
52 57 0.700356
52 51 0.727086
52 47 0.746122
52 79 0.623141
52 69 0.660811
52 52 0.827439
52 36 0.885620
52 60 0.784408
52 46 0.844891
52 64 0.770119
52 68 0.759189
52 50 0.836669
52 49 0.840210
52 82 0.693743
52 72 0.742292
52 54 0.827026
52 74 0.741675
52 80 0.722148
52 58 0.810909
52 48 0.854568
53 9 0.246470
53 0 0.256055
53 14 0.259062
53 8 0.265675
53 4 0.326037
53 3 0.345983
53 11 0.353531
53 1 0.363417
53 5 0.414507
53 2 0.468503
53 7 0.465933
53 6 0.483229
53 28 0.461840
53 61 0.445077
53 20 0.497887
53 59 0.477329
53 66 0.468753
53 78 0.457002
53 29 0.525701
53 10 0.548535
53 32 0.526878
53 33 0.527177
53 76 0.490690
53 40 0.538792
53 71 0.533283
53 73 0.531946
53 25 0.592813
53 26 0.593977
53 24 0.613070
53 12 0.626341
53 44 0.592391
53 77 0.578509
53 80 0.638898
53 50 0.679727
53 30 0.705964
53 45 0.688354
53 38 0.700739
53 23 0.718524
53 13 0.728882
53 21 0.721320
53 37 0.704129
53 43 0.695290
53 60 0.676698
53 15 0.729510
53 75 0.657694
53 62 0.675860
53 48 0.692537
53 36 0.709794
53 79 0.656291
53 16 0.733206
53 42 0.705795
53 70 0.670513
53 56 0.687457
53 74 0.667558
53 53 0.692464
53 57 0.688868
53 31 0.721193
53 34 0.745555
53 68 0.703736
53 35 0.756516
53 39 0.759061
53 17 0.787708
53 22 0.814574
53 18 0.818458
53 63 0.770855
53 51 0.796579
53 49 0.799532
53 41 0.818879
53 81 0.767916
53 19 0.843610
53 72 0.788516
53 58 0.809929
53 55 0.815067
53 65 0.805091
53 27 0.854412
53 69 0.805503
53 47 0.846103
53 64 0.830717
53 46 0.862177
53 82 0.821038
53 54 0.862879
53 67 0.864784
53 52 0.885877
54 1 0.233394
54 0 0.245549
54 2 0.260364
54 3 0.306065
54 10 0.304069
54 9 0.324965
54 5 0.348416
54 13 0.421307
54 31 0.403539
54 11 0.423379
54 4 0.428930
54 19 0.467731
54 6 0.479170
54 18 0.469849
54 15 0.473262
54 8 0.479211
54 29 0.460357
54 28 0.461440
54 59 0.429585
54 77 0.409236
54 30 0.461061
54 14 0.477651
54 16 0.476252
54 12 0.479968
54 20 0.473206
54 44 0.476300
54 62 0.458864
54 53 0.476312
54 32 0.526510
54 61 0.497368
54 39 0.543079
54 78 0.504542
54 7 0.584150
54 70 0.529203
54 56 0.553362
54 33 0.595657
54 17 0.635278
54 48 0.612725
54 34 0.627872
54 75 0.598175
54 25 0.654125
54 43 0.635142
54 58 0.623659
54 37 0.649910
54 22 0.677080
54 40 0.659700
54 45 0.654955
54 21 0.691052
54 66 0.658496
54 24 0.706213
54 76 0.650946
54 71 0.657927
54 41 0.709048
54 23 0.731039
54 42 0.721874
54 57 0.708220
54 69 0.702378
54 67 0.709211
54 50 0.733030
54 36 0.756668
54 27 0.769742
54 46 0.757638
54 35 0.804069
54 26 0.828730
54 80 0.784494
54 64 0.821125
54 60 0.829421
54 52 0.842609
54 65 0.831030
54 73 0.822650
54 54 0.844049
54 38 0.869212
54 74 0.844912
54 68 0.852181
54 63 0.864460
54 51 0.881400
54 72 0.865002
54 47 0.897760
54 81 0.866243
54 82 0.867530
54 79 0.871085
54 49 0.905779
54 55 0.899803
55 2 0.233728
55 0 0.242255
55 10 0.275453
55 1 0.345909
55 4 0.348028
55 14 0.431906
55 3 0.440779
55 71 0.373228
55 5 0.439760
55 29 0.416937
55 11 0.436112
55 6 0.476860
55 13 0.480052
55 12 0.483454
55 30 0.470507
55 31 0.483758
55 25 0.500870
55 38 0.500581
55 77 0.476799
55 51 0.507404
55 66 0.506308
55 78 0.519315
55 18 0.591693
55 60 0.553185
55 8 0.626180
55 76 0.557199
55 7 0.642159
55 20 0.631833
55 9 0.679573
55 24 0.666153
55 17 0.674218
55 50 0.640295
55 54 0.636780
55 56 0.635512
55 15 0.709061
55 57 0.671007
55 55 0.676560
55 32 0.722233
55 22 0.736228
55 44 0.712776
55 42 0.716589
55 47 0.724598
55 72 0.708769
55 33 0.757435
55 43 0.746296
55 62 0.737579
55 74 0.726628
55 53 0.768682
55 81 0.739833
55 41 0.782902
55 59 0.766588
55 70 0.757855
55 16 0.816332
55 28 0.805125
55 21 0.836587
55 75 0.781952
55 61 0.798727
55 34 0.827009
55 73 0.796171
55 40 0.844361
55 69 0.815334
55 19 0.868116
55 35 0.854439
55 65 0.837278
55 80 0.822618
55 68 0.842683
55 37 0.887778
55 67 0.857315
55 39 0.890800
55 49 0.887372
55 79 0.856798
55 27 0.920986
55 63 0.888135
55 23 0.930222
55 36 0.926192
55 58 0.908310
55 46 0.928149
55 82 0.897754
55 52 0.931998
55 26 0.959473
55 45 0.948806
55 64 0.943027
55 48 0.975812
56 0 0.216994
56 3 0.250756
56 20 0.243671
56 11 0.262917
56 13 0.269966
56 2 0.304435
56 1 0.309497
56 4 0.322207
56 5 0.322243
56 12 0.319904
56 8 0.338959
56 17 0.342855
56 10 0.394943
56 9 0.435977
56 22 0.486443
56 81 0.426674
56 63 0.459637
56 58 0.468576
56 14 0.605220
56 77 0.536386
56 71 0.552310
56 61 0.566409
56 23 0.611613
56 16 0.619272
56 30 0.605075
56 55 0.598812
56 64 0.588757
56 21 0.646851
56 53 0.614016
56 25 0.644373
56 34 0.635874
56 24 0.656091
56 67 0.608531
56 37 0.655939
56 7 0.684909
56 52 0.642879
56 78 0.612217
56 62 0.632160
56 75 0.619456
56 66 0.640268
56 44 0.668102
56 32 0.680823
56 35 0.678535
56 60 0.651983
56 29 0.686698
56 59 0.660972
56 27 0.697460
56 56 0.675580
56 68 0.667988
56 33 0.708472
56 31 0.712016
56 73 0.680839
56 26 0.740183
56 70 0.726064
56 41 0.763784
56 15 0.795885
56 18 0.796039
56 36 0.777489
56 28 0.791335
56 76 0.737786
56 69 0.752425
56 19 0.816508
56 65 0.779659
56 6 0.861814
56 38 0.832418
56 49 0.832557
56 42 0.843936
56 48 0.837265
56 47 0.849077
56 72 0.824619
56 54 0.849049
56 45 0.862411
56 46 0.869511
56 43 0.877712
56 80 0.836764
56 51 0.875009
56 82 0.838448
56 57 0.880076
56 39 0.905641
56 50 0.896394
56 40 0.910586
56 74 0.870744
56 79 0.882590
57 12 0.236302
57 3 0.252421
57 0 0.278191
57 11 0.277508
57 14 0.284679
57 10 0.294345
57 13 0.317571
57 8 0.355534
57 2 0.387132
57 28 0.458128
57 29 0.470919
57 4 0.523820
57 59 0.487366
57 63 0.506890
57 16 0.639118
57 76 0.573678
57 56 0.618593
57 31 0.685367
57 9 0.732162
57 34 0.717295
57 6 0.754774
57 61 0.698455
57 1 0.761565
57 52 0.727932
57 50 0.730435
57 39 0.771026
57 5 0.805499
57 30 0.788110
57 70 0.770528
57 55 0.792943
57 44 0.812125
57 47 0.835499
57 24 0.865900
57 74 0.816877
57 26 0.874085
57 51 0.855919
57 78 0.824238
57 32 0.890246
57 35 0.889992
57 7 0.929395
57 62 0.879473
57 77 0.866058
57 17 0.947094
57 71 0.901615
57 53 0.925960
57 69 0.948183
57 15 1.009804
57 60 0.960943
57 58 0.964197
57 66 0.959939
57 81 0.952738
57 75 0.961180
57 67 0.973519
57 41 1.009822
57 33 1.046357
57 20 1.082110
57 27 1.079768
57 54 1.050199
57 22 1.096187
57 65 1.087696
57 18 1.151196
57 72 1.093442
57 19 1.162394
57 42 1.139998
57 43 1.154048
57 82 1.111619
57 25 1.182781
57 79 1.127391
57 68 1.148600
57 40 1.187322
57 57 1.173169
57 45 1.192586
57 73 1.168626
57 80 1.165395
57 38 1.216309
57 48 1.218224
57 23 1.269133
57 49 1.239521
57 64 1.225208
57 36 1.264744
57 46 1.259814
57 37 1.273984
57 21 1.321526
58 9 0.261537
58 10 0.309735
58 0 0.344668
58 3 0.349143
58 4 0.426570
58 75 0.438624
58 14 0.529372
58 76 0.461971
58 66 0.483069
58 77 0.481088
58 18 0.586806
58 22 0.607951
58 2 0.638763
58 53 0.585684
58 11 0.634997
58 63 0.574138
58 23 0.662321
58 69 0.634308
58 8 0.705241
58 29 0.686548
58 16 0.738266
58 37 0.750943
58 72 0.719298
58 32 0.783534
58 71 0.742759
58 64 0.756047
58 36 0.825900
58 59 0.810630
58 47 0.837474
58 51 0.831410
58 17 0.875165
58 70 0.824421
58 74 0.852859
58 82 0.843189
58 42 0.894334
58 34 0.904323
58 78 0.889763
58 30 0.951575
58 26 0.955873
58 13 0.973185
58 31 0.952524
58 25 0.959358
58 1 0.985766
58 12 0.976587
58 39 0.945408
58 5 0.989729
58 50 0.944638
58 56 0.938384
58 55 0.941461
58 28 0.989920
58 61 0.951098
58 73 0.939994
58 44 0.974093
58 81 0.933134
58 33 0.996578
58 62 0.961744
58 7 1.031802
58 60 0.976787
58 79 0.957865
58 21 1.049510
58 20 1.089231
58 45 1.061226
58 19 1.107019
58 43 1.078080
58 57 1.063161
58 6 1.123948
58 67 1.064948
58 65 1.070525
58 68 1.081807
58 41 1.117881
58 52 1.191372
58 48 1.197554
58 15 1.238523
58 40 1.208683
58 35 1.214729
58 24 1.231547
58 80 1.162135
58 46 1.202972
58 58 1.187580
58 54 1.193698
58 49 1.207183
58 38 1.229486
58 27 1.260511
59 11 0.252782
59 8 0.285721
59 1 0.311390
59 3 0.328758
59 13 0.234160
59 10 0.346823
59 9 0.365224
59 12 0.293865
59 0 0.412022
59 4 0.412992
59 2 0.436832
59 14 0.334022
59 5 0.462133
59 31 0.176544
59 6 0.533764
59 17 0.435765
59 7 0.579867
59 29 0.289321
59 30 0.290123
59 18 0.458125
59 16 0.478667
59 32 0.270895
59 33 0.272193
59 15 0.526986
59 22 0.516983
59 21 0.537698
59 25 0.522124
59 28 0.419338
59 26 0.507031
59 20 0.593151
59 19 0.618682
59 23 0.597526
59 27 0.503160
59 44 0.328588
59 24 0.630470
59 53 0.280783
59 34 0.505835
59 51 0.368249
59 36 0.504374
59 43 0.441719
59 35 0.573677
59 75 0.293711
59 41 0.547641
59 59 0.376462
59 71 0.331935
59 38 0.595904
59 77 0.329285
59 37 0.597785
59 78 0.315429
59 45 0.544100
59 56 0.441454
59 39 0.607904
59 40 0.607196
59 61 0.442037
59 70 0.397114
59 66 0.441263
59 57 0.506030
59 46 0.620316
59 63 0.491395
59 62 0.498676
59 54 0.549580
59 47 0.645576
59 65 0.519537
59 76 0.459952
59 49 0.646855
59 67 0.538289
59 55 0.593225
59 50 0.661983
59 69 0.515584
59 42 0.737583
59 58 0.586171
59 60 0.584449
59 64 0.584203
59 48 0.713221
59 73 0.549639
59 52 0.683413
59 79 0.523270
59 82 0.477455
59 72 0.613081
59 68 0.629957
59 81 0.556997
59 80 0.580098
59 74 0.646051
60 8 0.265127
60 10 0.299790
60 9 0.328212
60 11 0.326745
60 12 0.326505
60 5 0.378370
60 3 0.396428
60 13 0.393970
60 14 0.406080
60 0 0.421630
60 1 0.524052
60 6 0.611658
60 4 0.613706
60 32 0.579128
60 7 0.643253
60 2 0.678361
60 17 0.666454
60 23 0.650161
60 18 0.689197
60 75 0.577775
60 19 0.710103
60 21 0.707755
60 25 0.713580
60 22 0.735742
60 30 0.718542
60 48 0.686715
60 26 0.762700
60 15 0.803993
60 56 0.717134
60 68 0.690917
60 16 0.834399
60 77 0.704741
60 28 0.809392
60 71 0.737914
60 80 0.747049
60 70 0.765329
60 74 0.781487
60 20 0.908443
60 44 0.860401
60 61 0.806588
60 76 0.791957
60 60 0.822533
60 35 0.896480
60 31 0.900157
60 64 0.834363
60 78 0.815293
60 54 0.868775
60 29 0.923497
60 42 0.904747
60 82 0.831599
60 66 0.862118
60 39 0.936162
60 33 0.945645
60 59 0.892286
60 81 0.857504
60 45 0.941690
60 27 0.987690
60 53 0.939470
60 69 0.905883
60 63 0.915788
60 46 0.968680
60 36 1.002416
60 62 0.933515
60 41 0.997803
60 73 0.931000
60 40 1.017355
60 34 1.038087
60 43 1.037704
60 51 1.020968
60 24 1.074164
60 72 1.000767
60 67 1.016839
60 52 1.063048
60 49 1.079599
60 79 1.030610
60 65 1.063985
60 57 1.086670
60 55 1.093678
60 37 1.138576
60 58 1.089457
60 47 1.154168
60 50 1.149847
60 38 1.206549
61 10 0.296991
61 9 0.308144
61 11 0.323940
61 0 0.369084
61 12 0.366546
61 4 0.414553
61 3 0.602206
61 6 0.605542
61 1 0.610851
61 30 0.578940
61 61 0.544321
61 29 0.581470
61 75 0.532561
61 13 0.608408
61 14 0.608120
61 53 0.581591
61 22 0.654064
61 56 0.612258
61 51 0.636780
61 28 0.668607
61 73 0.650773
61 76 0.674123
61 45 0.725900
61 59 0.710486
61 7 0.771978
61 55 0.716976
61 66 0.705067
61 46 0.736604
61 39 0.754209
61 24 0.777767
61 17 0.797815
61 74 0.753925
61 78 0.781714
61 32 0.840151
61 77 0.791221
61 2 0.876812
61 20 0.878279
61 23 0.890353
61 62 0.843762
61 71 0.835301
61 5 0.913754
61 44 0.876952
61 70 0.848616
61 21 0.913388
61 47 0.885717
61 15 0.931078
61 31 0.909152
61 40 0.899608
61 50 0.898949
61 33 0.958720
61 18 0.984032
61 63 0.946136
61 8 1.013357
61 19 1.010911
61 60 0.987701
61 27 1.026531
61 67 0.989844
61 79 0.997932
61 64 1.019139
61 82 0.999453
61 42 1.058160
61 41 1.060606
61 81 1.020682
61 57 1.067267
61 65 1.069351
61 35 1.118779
61 16 1.152165
61 37 1.140856
61 43 1.144570
61 34 1.158744
61 36 1.162238
61 68 1.129445
61 80 1.117153
61 38 1.166095
61 69 1.138298
61 25 1.190778
61 58 1.160519
61 48 1.174647
61 26 1.207103
61 54 1.184192
61 49 1.192910
61 72 1.171822
61 52 1.219456
62 3 0.224921
62 1 0.265035
62 5 0.290164
62 0 0.327068
62 9 0.243113
62 4 0.330647
62 2 0.366065
62 8 0.337650
62 7 0.360109
62 10 0.253040
62 12 0.218948
62 14 0.213887
62 13 0.274478
62 11 0.311759
62 6 0.617983
62 30 0.314364
62 15 0.434276
62 16 0.455156
62 29 0.377286
62 19 0.434422
62 20 0.428695
62 31 0.393989
62 28 0.400038
62 32 0.394834
62 33 0.429082
62 18 0.510103
62 22 0.480775
62 21 0.512380
62 26 0.518922
62 17 0.584849
62 23 0.544320
62 25 0.541824
62 24 0.554928
62 36 0.554944
62 34 0.614142
62 44 0.595609
62 56 0.604199
62 53 0.637872
62 40 0.706159
62 27 0.748564
62 59 0.652371
62 38 0.730953
62 42 0.724102
62 37 0.754985
62 45 0.763963
62 43 0.773724
62 35 0.815483
62 70 0.684581
62 58 0.752224
62 78 0.528524
62 61 0.744867
62 76 0.609056
62 41 0.828395
62 57 0.798406
62 52 0.829296
62 54 0.825564
62 77 0.631583
62 49 0.855024
62 62 0.811388
62 46 0.889889
62 75 0.741838
62 66 0.816156
62 71 0.807405
62 60 0.863715
62 39 0.931305
62 68 0.860541
62 51 0.935076
62 65 0.883078
62 55 0.945788
62 50 0.969469
62 48 0.992546
62 80 0.766274
62 47 1.028252
62 73 0.895054
62 63 0.981317
62 79 0.785024
62 67 0.965912
62 72 0.927017
62 69 0.977371
62 64 1.031480
62 82 0.780907
62 74 0.983277
62 81 0.859878
63 9 0.244684
63 10 0.265721
63 11 0.271987
63 8 0.330245
63 2 0.372245
63 3 0.374733
63 33 0.535173
63 32 0.536789
63 7 0.563190
63 15 0.557549
63 6 0.565987
63 0 0.571412
63 16 0.559140
63 5 0.568499
63 1 0.571967
63 29 0.544634
63 62 0.523752
63 12 0.596295
63 13 0.595707
63 59 0.546704
63 14 0.601355
63 56 0.569559
63 17 0.615186
63 31 0.606561
63 70 0.581955
63 35 0.620509
63 22 0.676844
63 71 0.654193
63 26 0.724644
63 78 0.675608
63 25 0.731795
63 21 0.741290
63 66 0.690337
63 44 0.731742
63 60 0.721147
63 39 0.754692
63 53 0.792819
63 28 0.820373
63 68 0.777741
63 23 0.874804
63 75 0.816543
63 19 0.880413
63 24 0.880045
63 30 0.870299
63 4 0.897436
63 76 0.822864
63 36 0.885843
63 43 0.878649
63 61 0.863378
63 63 0.870028
63 65 0.869430
63 46 0.903179
63 51 0.911284
63 77 0.884847
63 47 0.945298
63 48 0.959624
63 27 0.990606
63 64 0.956422
63 34 1.002392
63 74 0.967853
63 18 1.047473
63 52 1.017043
63 80 0.999186
63 57 1.033501
63 42 1.058184
63 54 1.046351
63 37 1.075129
63 50 1.061020
63 79 1.039649
63 58 1.069828
63 67 1.061922
63 82 1.050534
63 20 1.134684
63 49 1.105879
63 72 1.093514
63 55 1.125308
63 38 1.147727
63 69 1.115624
63 40 1.172178
63 73 1.145594
63 41 1.179444
63 81 1.139619
63 45 1.199086
64 11 0.198209
64 10 0.263043
64 3 0.308417
64 8 0.289081
64 9 0.316343
64 1 0.382043
64 14 0.277060
64 13 0.286894
64 0 0.397042
64 12 0.338006
64 5 0.384837
64 4 0.439131
64 6 0.532318
64 15 0.480081
64 28 0.315650
64 16 0.528668
64 2 0.667106
64 31 0.309704
64 19 0.479511
64 7 0.668478
64 32 0.354260
64 29 0.403298
64 17 0.578846
64 30 0.382971
64 33 0.402441
64 25 0.494097
64 26 0.503790
64 21 0.575430
64 18 0.699371
64 24 0.556856
64 22 0.581388
64 27 0.579008
64 23 0.607670
64 20 0.691019
64 44 0.520335
64 34 0.569061
64 36 0.566790
64 35 0.569481
64 56 0.437171
64 61 0.460959
64 53 0.611867
64 77 0.375103
64 40 0.735861
64 66 0.478869
64 59 0.530874
64 63 0.514011
64 41 0.771041
64 71 0.504670
64 76 0.457045
64 43 0.783609
64 42 0.796796
64 54 0.711322
64 39 0.819452
64 62 0.601931
64 45 0.811339
64 75 0.549274
64 50 0.808875
64 70 0.610690
64 38 0.891961
64 37 0.897313
64 49 0.837659
64 46 0.879259
64 51 0.873056
64 47 0.895436
64 48 0.890476
64 78 0.618092
64 57 0.764955
64 67 0.700025
64 55 0.858246
64 60 0.788052
64 68 0.742024
64 65 0.756718
64 80 0.657947
64 52 0.954781
64 79 0.716466
64 81 0.717881
64 73 0.781828
64 72 0.820929
64 69 0.841858
64 82 0.762074
64 74 0.806745
64 64 0.884762
64 58 0.933152
65 13 0.291247
65 0 0.312189
65 11 0.311075
65 14 0.465887
65 3 0.489129
65 25 0.486578
65 8 0.502433
65 24 0.517144
65 70 0.474283
65 5 0.552258
65 26 0.551415
65 1 0.580954
65 56 0.552415
65 30 0.589412
65 35 0.602039
65 48 0.624239
65 2 0.679745
65 31 0.658549
65 18 0.674977
65 22 0.675891
65 28 0.706984
65 47 0.688390
65 58 0.682589
65 44 0.700498
65 64 0.677257
65 71 0.676617
65 29 0.766152
65 12 0.794195
65 61 0.769502
65 72 0.758885
65 9 0.828401
65 43 0.792567
65 59 0.775114
65 75 0.758368
65 54 0.781899
65 81 0.754267
65 77 0.758462
65 78 0.758310
65 20 0.826509
65 53 0.789082
65 27 0.827553
65 80 0.784965
65 10 0.862295
65 32 0.856666
65 52 0.846694
65 66 0.833042
65 62 0.867012
65 63 0.866847
65 68 0.863308
65 76 0.855070
65 23 0.918385
65 42 0.894898
65 57 0.887697
65 50 0.897333
65 17 0.941793
65 16 0.950776
65 15 0.970692
65 74 0.929751
65 37 0.984151
65 33 0.988402
65 38 0.984727
65 6 1.022337
65 46 0.985801
65 82 0.958520
65 39 1.008663
65 36 1.016898
65 45 1.006161
65 7 1.071878
65 73 1.001512
65 69 1.015281
65 40 1.066504
65 19 1.090629
65 55 1.052729
65 60 1.049969
65 4 1.111750
65 34 1.088968
65 51 1.083645
65 67 1.070653
65 49 1.092370
65 65 1.078147
65 79 1.064431
65 41 1.129787
65 21 1.193933
66 8 0.233536
66 1 0.296288
66 9 0.308567
66 0 0.316888
66 10 0.314011
66 4 0.334999
66 13 0.353084
66 12 0.381098
66 14 0.412831
66 2 0.433766
66 7 0.442002
66 19 0.431290
66 11 0.460616
66 6 0.475263
66 18 0.463654
66 5 0.510902
66 71 0.498323
66 3 0.618818
66 29 0.588090
66 20 0.592905
66 30 0.593465
66 76 0.526576
66 16 0.644304
66 32 0.601473
66 17 0.661076
66 15 0.680216
66 21 0.663047
66 62 0.622974
66 28 0.681424
66 66 0.629273
66 31 0.703646
66 75 0.645000
66 61 0.685859
66 22 0.782279
66 78 0.703822
66 51 0.771361
66 25 0.859445
66 46 0.814445
66 53 0.821220
66 35 0.851946
66 59 0.820634
66 63 0.816342
66 77 0.826992
66 37 0.881436
66 49 0.869347
66 24 0.919254
66 45 0.875810
66 33 0.908369
66 40 0.912903
66 80 0.860766
66 58 0.899963
66 34 0.954297
66 44 0.943140
66 47 0.941048
66 82 0.894460
66 60 0.942162
66 56 0.954959
66 65 0.943982
66 42 0.973472
66 41 0.975257
66 69 0.943125
66 70 0.965094
66 50 0.991566
66 43 1.003138
66 36 1.015296
66 68 0.976337
66 27 1.068526
66 79 0.989745
66 26 1.080951
66 39 1.057008
66 23 1.105905
66 57 1.057286
66 55 1.069553
66 64 1.061728
66 48 1.081482
66 74 1.045623
66 67 1.064016
66 73 1.064212
66 54 1.114263
66 72 1.094881
66 38 1.146206
66 52 1.144048
66 81 1.115994
67 10 0.238978
67 12 0.279404
67 9 0.286398
67 11 0.417708
67 14 0.408985
67 1 0.437232
67 8 0.427749
67 13 0.424218
67 0 0.464670
67 7 0.502182
67 3 0.560711
67 5 0.592218
67 28 0.537960
67 2 0.611351
67 6 0.627983
67 4 0.664579
67 18 0.645868
67 15 0.660690
67 19 0.674735
67 33 0.672875
67 32 0.725370
67 30 0.737933
67 17 0.777294
67 31 0.786345
67 29 0.813587
67 61 0.762042
67 66 0.746001
67 22 0.835662
67 53 0.803186
67 40 0.826501
67 36 0.850973
67 16 0.900335
67 20 0.914901
67 21 0.936598
67 26 0.952334
67 27 0.952424
67 35 0.938962
67 44 0.937795
67 78 0.752801
67 59 0.963015
67 56 0.965501
67 71 0.926538
67 41 1.062020
67 25 1.111452
67 77 0.963963
67 62 1.097201
67 75 1.045323
67 42 1.176766
67 68 1.118032
67 24 1.206883
67 76 1.019532
67 45 1.243209
67 51 1.236411
67 70 1.180141
67 52 1.315729
67 81 1.151017
67 23 1.387483
67 63 1.348486
67 49 1.397261
67 34 1.429991
67 72 1.378806
67 73 1.391103
67 48 1.503193
67 39 1.522161
67 80 1.321948
67 47 1.524412
67 60 1.513882
67 74 1.422298
67 38 1.551131
67 37 1.553240
67 43 1.546190
67 65 1.497109
67 69 1.490273
67 57 1.542841
67 55 1.565983
67 79 1.390408
67 82 1.384937
67 50 1.586856
67 67 1.545313
67 64 1.563509
67 54 1.589009
67 58 1.594380
67 46 1.634959
68 8 0.293272
68 10 0.291929
68 11 0.324286
68 2 0.368463
68 9 0.373440
68 12 0.330086
68 13 0.285374
68 6 0.481733
68 0 0.490384
68 14 0.369429
68 5 0.539633
68 1 0.555422
68 7 0.548731
68 3 0.581368
68 4 0.601709
68 15 0.474763
68 20 0.393456
68 21 0.409614
68 22 0.408363
68 19 0.421571
68 17 0.483052
68 25 0.399209
68 23 0.414469
68 30 0.328659
68 27 0.371154
68 32 0.290695
68 24 0.448785
68 28 0.392928
68 26 0.476493
68 31 0.342210
68 33 0.328447
68 29 0.551012
68 34 0.460604
68 16 0.762732
68 18 0.729359
68 35 0.495813
68 62 0.382915
68 70 0.362442
68 75 0.344506
68 53 0.445703
68 44 0.498866
68 71 0.435894
68 36 0.577725
68 37 0.560301
68 61 0.466946
68 78 0.402085
68 50 0.511711
68 77 0.414608
68 65 0.488477
68 59 0.502201
68 38 0.591983
68 56 0.523662
68 39 0.606450
68 46 0.563545
68 51 0.547175
68 52 0.548342
68 45 0.580977
68 66 0.555999
68 63 0.572793
68 48 0.628559
68 68 0.567105
68 41 0.677634
68 76 0.531746
68 42 0.661568
68 64 0.605101
68 43 0.678059
68 67 0.607653
68 54 0.648272
68 55 0.658478
68 40 0.731922
68 72 0.622644
68 49 0.692204
68 58 0.671162
68 47 0.722151
68 81 0.610406
68 60 0.702065
68 79 0.629658
68 80 0.631367
68 57 0.725438
68 69 0.698662
68 73 0.738969
68 82 0.715948
68 74 0.767301
69 14 0.271906
69 17 0.281764
69 8 0.420492
69 4 0.427084
69 12 0.419918
69 0 0.431646
69 13 0.422069
69 3 0.655257
69 7 0.732040
69 1 0.739791
69 2 0.739979
69 10 0.732631
69 9 0.733698
69 16 0.736364
69 11 0.740634
69 38 0.693527
69 24 0.721148
69 61 0.668605
69 66 0.664145
69 32 0.719347
69 56 0.689599
69 26 0.731100
69 44 0.704481
69 76 0.669303
69 18 0.755187
69 19 0.756332
69 79 0.722590
69 5 0.826923
69 29 0.788005
69 67 0.748989
69 21 0.816426
69 57 0.767907
69 54 0.771829
69 78 0.745179
69 51 0.778089
69 30 0.805966
69 6 0.845165
69 15 0.851279
69 62 0.809880
69 34 0.845554
69 72 0.800615
69 49 0.827678
69 75 0.799818
69 65 0.827929
69 77 0.816065
69 39 0.872886
69 53 0.857089
69 20 0.914558
69 73 0.837471
69 28 0.894522
69 35 0.899850
69 64 0.866272
69 31 0.912833
69 55 0.892225
69 70 0.879781
69 58 0.900006
69 60 0.898642
69 40 0.926069
69 48 0.923336
69 33 0.943767
69 71 0.898710
69 36 0.944628
69 81 0.901452
69 47 0.946054
69 41 0.961192
69 27 0.983621
69 46 0.969601
69 45 0.972296
69 52 0.972965
69 82 0.948179
69 59 0.979051
69 37 1.005995
69 22 1.064456
69 80 0.992392
69 23 1.073712
69 50 1.034229
69 74 1.020179
69 68 1.039371
69 69 1.044209
69 25 1.106089
69 42 1.081774
69 63 1.066649
69 43 1.150873
70 8 0.332693
70 12 0.456876
70 11 0.458333
70 13 0.486010
70 4 0.515103
70 0 0.538776
70 2 0.562972
70 14 0.588902
70 1 0.598970
70 77 0.522900
70 70 0.559715
70 62 0.571497
70 56 0.591916
70 32 0.664194
70 5 0.701499
70 71 0.638443
70 21 0.715457
70 19 0.733242
70 44 0.741278
70 46 0.754686
70 10 0.804833
70 29 0.792344
70 24 0.826048
70 50 0.794165
70 6 0.893296
70 23 0.881229
70 55 0.835411
70 20 0.886149
70 26 0.889484
70 28 0.888883
70 76 0.836485
70 7 0.947632
70 53 0.893123
70 18 0.955018
70 33 0.940517
70 68 0.897383
70 61 0.923173
70 45 0.954237
70 15 0.995528
70 3 1.005250
70 78 0.915116
70 66 0.930419
70 40 0.992327
70 52 0.984600
70 58 0.985735
70 30 1.021203
70 67 0.974644
70 57 1.019321
70 59 1.024372
70 82 0.995540
70 41 1.050789
70 25 1.076827
70 31 1.070255
70 42 1.056841
70 39 1.064820
70 75 1.018669
70 9 1.109249
70 27 1.128237
70 81 1.077151
70 43 1.131537
70 17 1.168628
70 69 1.114528
70 38 1.173986
70 36 1.182916
70 64 1.151630
70 22 1.223333
70 65 1.188885
70 34 1.237277
70 16 1.273613
70 80 1.201394
70 60 1.264311
70 51 1.280662
70 48 1.293992
70 79 1.262779
70 54 1.297246
70 37 1.323909
70 35 1.329739
70 74 1.280895
70 49 1.314456
70 47 1.320746
70 63 1.313300
70 73 1.305150
70 72 1.328037
71 8 0.242534
71 10 0.262387
71 13 0.279136
71 9 0.351496
71 12 0.310931
71 0 0.487013
71 11 0.414526
71 14 0.367622
71 2 0.545414
71 5 0.525818
71 3 0.546461
71 1 0.633837
71 28 0.254685
71 32 0.215883
71 7 0.680122
71 30 0.290732
71 4 0.731337
71 6 0.728246
71 20 0.483363
71 16 0.618179
71 18 0.629244
71 29 0.406183
71 15 0.724683
71 44 0.298744
71 24 0.515775
71 22 0.575680
71 19 0.661269
71 17 0.724454
71 31 0.437632
71 21 0.632891
71 26 0.518380
71 23 0.606022
71 25 0.631452
71 33 0.498505
71 47 0.447295
71 27 0.660351
71 56 0.382550
71 35 0.600275
71 38 0.623388
71 39 0.619140
71 37 0.628726
71 43 0.609754
71 66 0.420655
71 70 0.385825
71 76 0.399134
71 78 0.382594
71 58 0.519359
71 62 0.502049
71 59 0.526999
71 54 0.568811
71 61 0.530761
71 50 0.626737
71 40 0.716883
71 53 0.611539
71 42 0.723836
71 77 0.467237
71 52 0.630236
71 45 0.716369
71 41 0.752623
71 36 0.794362
71 46 0.725846
71 48 0.708006
71 75 0.507839
71 71 0.545659
71 34 0.842197
71 60 0.652026
71 80 0.516933
71 69 0.626703
71 63 0.689360
71 49 0.824492
71 74 0.646435
71 64 0.718475
71 68 0.708496
71 73 0.710461
71 82 0.640831
71 57 0.834678
71 51 0.916706
71 55 0.867762
71 72 0.748274
71 67 0.817588
71 79 0.744958
71 65 0.869421
71 81 0.756697
72 2 0.286260
72 14 0.287182
72 3 0.308043
72 12 0.310434
72 13 0.324184
72 9 0.350380
72 10 0.353947
72 11 0.377235
72 0 0.391104
72 8 0.486223
72 17 0.546914
72 4 0.568060
72 44 0.518377
72 76 0.483446
72 29 0.537941
72 33 0.565411
72 78 0.538827
72 20 0.608893
72 25 0.640830
72 62 0.602211
72 59 0.639075
72 1 0.716583
72 77 0.640734
72 26 0.723208
72 30 0.728538
72 37 0.756095
72 54 0.738016
72 27 0.778226
72 75 0.726080
72 41 0.765547
72 24 0.785851
72 74 0.758307
72 34 0.805568
72 31 0.809544
72 51 0.816321
72 32 0.848487
72 36 0.845846
72 5 0.887200
72 71 0.829377
72 28 0.947097
72 60 0.913020
72 67 0.907084
72 15 0.973183
72 39 0.938991
72 53 0.935035
72 18 0.999875
72 69 0.989628
72 46 1.035062
72 55 1.025145
72 70 1.010838
72 7 1.086648
72 43 1.088217
72 48 1.083692
72 58 1.076818
72 22 1.116557
72 21 1.160959
72 66 1.140367
72 57 1.149827
72 35 1.198493
72 61 1.173297
72 56 1.217395
72 72 1.202775
72 38 1.286274
72 23 1.312260
72 19 1.320780
72 68 1.279639
72 73 1.272008
72 42 1.309520
72 65 1.293780
72 6 1.367002
72 50 1.324254
72 47 1.327716
72 82 1.298371
72 63 1.322644
72 79 1.320080
72 40 1.364220
72 16 1.408772
72 81 1.335293
72 49 1.385700
72 64 1.395453
72 52 1.412634
72 45 1.432106
72 80 1.451229
73 10 0.237383
73 8 0.290091
73 9 0.359468
73 14 0.330558
73 13 0.342664
73 11 0.372859
73 2 0.471047
73 0 0.522713
73 12 0.447261
73 3 0.581178
73 1 0.585520
73 5 0.597321
73 4 0.641224
73 7 0.677485
73 28 0.328966
73 16 0.598294
73 6 0.743649
73 31 0.313807
73 18 0.588078
73 30 0.372138
73 29 0.374821
73 32 0.372195
73 15 0.753068
73 33 0.443486
73 19 0.774604
73 20 0.739057
73 35 0.582640
73 24 0.725842
73 27 0.680187
73 17 0.857738
73 26 0.713804
73 25 0.743905
73 22 0.796557
73 21 0.818309
73 42 0.578918
73 36 0.647138
73 59 0.504195
73 50 0.576743
73 44 0.614404
73 56 0.651428
73 78 0.525553
73 43 0.744546
73 23 0.961073
73 62 0.643061
73 77 0.591919
73 40 0.805389
73 71 0.636240
73 45 0.788759
73 66 0.659076
73 70 0.659630
73 61 0.724269
73 38 0.882606
73 37 0.889613
73 53 0.795542
73 48 0.818949
73 76 0.663559
73 52 0.820445
73 75 0.681311
73 34 0.947030
73 39 0.914913
73 41 0.925223
73 47 0.907226
73 57 0.884536
73 54 0.905042
73 72 0.797394
73 74 0.827345
73 64 0.877244
73 46 0.977547
73 60 0.942029
73 68 0.883677
73 49 0.991941
73 80 0.842224
73 69 0.924004
73 55 1.034061
73 73 0.928195
73 58 1.026895
73 63 0.976538
73 79 0.913595
73 51 1.070863
73 67 0.980473
73 81 0.918990
73 65 1.007682
73 82 0.985742
74 11 0.231955
74 8 0.284306
74 10 0.289888
74 9 0.312327
74 12 0.343382
74 13 0.379219
74 14 0.435784
74 1 0.620211
74 15 0.609616
74 16 0.609010
74 2 0.633936
74 18 0.631410
74 0 0.674073
74 29 0.615372
74 7 0.669041
74 75 0.558655
74 19 0.674427
74 53 0.612559
74 6 0.723214
74 31 0.676085
74 5 0.740002
74 54 0.682088
74 4 0.777089
74 70 0.701216
74 20 0.784064
74 43 0.749572
74 76 0.731753
74 61 0.770201
74 71 0.773861
74 17 0.873881
74 37 0.815541
74 77 0.776224
74 26 0.859979
74 34 0.861807
74 59 0.846219
74 3 0.943514
74 25 0.911681
74 66 0.854204
74 62 0.859538
74 79 0.846914
74 33 0.913745
74 64 0.877001
74 30 0.949062
74 32 0.943307
74 44 0.934673
74 56 0.933174
74 21 1.029252
74 58 0.963510
74 22 1.052648
74 28 1.069852
74 78 1.024242
74 81 1.029620
74 24 1.130815
74 50 1.101460
74 69 1.086673
74 52 1.112366
74 27 1.169490
74 48 1.145928
74 63 1.135392
74 42 1.197526
74 55 1.183927
74 39 1.212869
74 67 1.182721
74 73 1.174410
74 47 1.222264
74 72 1.186091
74 46 1.228474
74 60 1.249912
74 23 1.305857
74 40 1.281525
74 51 1.284163
74 35 1.306275
74 68 1.280774
74 82 1.251299
74 38 1.333119
74 65 1.307573
74 45 1.336261
74 74 1.300705
74 41 1.350015
74 57 1.338745
74 49 1.352275
74 80 1.338049
74 36 1.447519
75 10 0.287616
75 11 0.333835
75 9 0.362036
75 12 0.293795
75 5 0.467125
75 13 0.373784
75 14 0.378661
75 8 0.555772
75 0 0.604596
75 2 0.660175
75 1 0.682271
75 3 0.681250
75 29 0.618256
75 17 0.726835
75 4 0.875048
75 30 0.720830
75 28 0.736458
75 16 0.802242
75 6 0.950249
75 32 0.747067
75 33 0.758865
75 7 0.985523
75 44 0.532443
75 18 0.885217
75 15 0.906416
75 19 0.946466
75 31 0.881256
75 20 0.975901
75 22 0.973214
75 24 0.990561
75 53 0.534192
75 34 0.936691
75 56 0.473266
75 41 0.882437
75 35 1.030717
75 23 1.133518
75 42 0.884672
75 25 1.134354
75 26 1.160143
75 37 1.016125
75 36 1.031769
75 38 1.034688
75 76 0.395853
75 21 1.305717
75 46 0.947241
75 45 0.992864
75 62 0.514043
75 40 1.092579
75 27 1.305056
75 59 0.673371
75 77 0.481869
75 47 1.014879
75 48 0.995735
75 61 0.557446
75 57 0.767022
75 52 0.924282
75 43 1.128892
75 54 0.883436
75 78 0.509390
75 39 1.177303
75 51 0.971243
75 71 0.607966
75 66 0.677900
75 75 0.627687
75 70 0.667342
75 50 1.152402
75 49 1.205149
75 68 0.807841
75 72 0.798977
75 73 0.794575
75 55 1.068347
75 67 0.853020
75 69 0.860583
75 80 0.804756
75 64 0.902426
75 81 0.826145
75 79 0.841345
75 58 1.105410
75 74 0.886851
75 63 0.933299
75 82 0.828757
75 60 0.972968
75 65 0.984095
76 12 0.332842
76 11 0.335705
76 14 0.350509
76 10 0.422640
76 13 0.430620
76 9 0.461047
76 1 0.560974
76 3 0.586269
76 15 0.619050
76 33 0.636656
76 5 0.877150
76 2 1.067243
76 53 1.004206
76 59 0.997254
76 4 1.068449
76 17 1.120305
76 7 1.196830
76 76 1.110233
76 29 1.172970
76 18 1.301425
76 22 1.284502
76 44 1.268140
76 31 1.353265
76 8 1.389917
76 75 1.344979
76 54 1.372624
76 38 1.482955
76 82 1.448867
76 77 1.536729
76 78 1.572264
76 19 1.696671
76 16 1.807068
76 62 1.744572
76 66 1.741213
76 68 1.739519
76 63 1.747706
76 61 1.769071
76 28 1.852280
76 56 1.843298
76 67 1.831818
76 79 1.837987
76 32 1.895792
76 74 1.847683
76 71 1.887164
76 43 1.970822
76 41 1.979040
76 0 2.032485
76 70 1.985460
76 64 1.994550
76 47 2.033763
76 40 2.077437
76 30 2.088914
76 23 2.166489
76 21 2.195458
76 46 2.170220
76 51 2.164962
76 37 2.191428
76 6 2.234444
76 25 2.215642
76 55 2.186047
76 80 2.176805
76 69 2.262842
76 34 2.328184
76 49 2.313220
76 42 2.330755
76 73 2.305904
76 60 2.364892
76 45 2.392059
76 39 2.407737
76 65 2.389957
76 24 2.452835
76 52 2.428528
76 36 2.446678
76 57 2.441673
76 35 2.478653
76 50 2.468727
76 26 2.498703
76 27 2.516312
76 20 2.534898
76 58 2.493934
76 48 2.517162
76 81 2.493260
76 72 2.569214
77 11 0.351038
77 14 0.358393
77 8 0.392790
77 12 0.412655
77 1 0.621172
77 13 0.521275
77 3 0.648252
77 10 0.586833
77 9 0.659706
77 0 0.810188
77 28 0.651637
77 29 0.682605
77 4 0.862302
77 30 0.682754
77 7 0.801703
77 2 0.968192
77 6 0.873806
77 5 0.920296
77 31 0.808800
77 15 0.883230
77 32 0.832347
77 19 0.931839
77 17 0.946786
77 33 0.873074
77 24 1.028717
77 27 1.004110
77 16 1.134401
77 35 1.053591
77 37 1.049095
77 18 1.139801
77 44 1.036325
77 21 1.135490
77 26 1.186113
77 53 0.957169
77 22 1.372608
77 56 0.987674
77 61 1.018023
77 25 1.402436
77 36 1.362749
77 23 1.452862
77 38 1.390850
77 41 1.416969
77 51 1.198988
77 46 1.351033
77 34 1.504499
77 66 1.102430
77 45 1.531774
77 59 1.234523
77 47 1.400923
77 40 1.632783
77 42 1.658490
77 75 1.041335
77 76 1.018458
77 71 1.102344
77 77 1.065103
77 20 1.801993
77 49 1.477436
77 62 1.386039
77 39 1.738155
77 43 1.741723
77 70 1.198464
77 63 1.408968
77 78 1.124313
77 74 1.178024
77 73 1.249890
77 52 1.608214
77 48 1.641297
77 72 1.324346
77 64 1.533520
77 50 1.666780
77 81 1.206693
77 57 1.666674
77 79 1.247272
77 67 1.573157
77 80 1.280312
77 55 1.750244
77 68 1.561840
77 69 1.586913
77 54 1.796865
77 58 1.782090
77 65 1.666464
77 60 1.784439
77 82 1.433722
78 9 0.333913
78 14 0.354142
78 13 0.364843
78 8 0.461717
78 1 0.467662
78 3 0.526093
78 0 0.557135
78 12 0.580793
78 20 0.610159
78 24 0.623599
78 61 0.591796
78 27 0.663840
78 5 0.683891
78 4 0.697596
78 11 0.693814
78 71 0.624233
78 2 0.764900
78 29 0.741306
78 76 0.695922
78 26 0.829149
78 68 0.793178
78 31 0.842977
78 34 0.839628
78 16 0.942871
78 66 0.899795
78 15 0.966910
78 32 0.963545
78 25 0.975327
78 78 0.931429
78 17 1.017520
78 53 0.968909
78 7 1.045348
78 56 0.987509
78 59 1.013307
78 44 1.033173
78 67 1.006167
78 70 1.004110
78 28 1.082521
78 39 1.089521
78 22 1.111474
78 77 1.040849
78 73 1.092183
78 45 1.125976
78 10 1.196885
78 30 1.191920
78 75 1.135125
78 52 1.218801
78 33 1.250243
78 18 1.294924
78 64 1.245414
78 62 1.262309
78 82 1.286385
78 6 1.376194
78 74 1.309264
78 60 1.332535
78 37 1.365570
78 65 1.348750
78 81 1.338242
78 36 1.403457
78 72 1.370918
78 57 1.387635
78 69 1.398974
78 63 1.450748
78 35 1.497036
78 55 1.469280
78 48 1.499453
78 38 1.523026
78 79 1.470080
78 43 1.519413
78 51 1.521635
78 80 1.488558
78 21 1.580454
78 58 1.548311
78 46 1.571297
78 50 1.605184
78 54 1.600230
78 47 1.616544
78 19 1.678152
78 40 1.662652
78 49 1.646968
78 42 1.682198
78 23 1.718777
78 41 1.760741
79 8 0.379388
79 12 0.470817
79 10 0.640698
79 14 0.638407
79 3 0.709383
79 31 0.706880
79 2 0.792245
79 11 0.823530
79 7 0.834419
79 22 0.824579
79 4 0.847788
79 9 0.991262
79 15 1.025102
79 5 1.058278
79 6 1.108052
79 0 1.136501
79 59 1.082424
79 13 1.305547
79 17 1.303745
79 70 1.225500
79 66 1.230308
79 50 1.256201
79 69 1.277130
79 28 1.366804
79 52 1.342928
79 16 1.404235
79 41 1.406872
79 33 1.427107
79 29 1.444570
79 40 1.454827
79 74 1.426389
79 51 1.462432
79 80 1.431757
79 30 1.531635
79 67 1.476660
79 1 1.580857
79 26 1.604909
79 76 1.535606
79 21 1.622924
79 71 1.551805
79 19 1.632485
79 23 1.634074
79 78 1.566096
79 62 1.593217
79 53 1.613585
79 75 1.588347
79 44 1.641468
79 37 1.655766
79 57 1.626603
79 32 1.667374
79 77 1.600694
79 61 1.630956
79 35 1.668091
79 25 1.690827
79 56 1.650765
79 43 1.676192
79 72 1.644266
79 55 1.676462
79 20 1.764851
79 24 1.789938
79 73 1.790248
79 79 1.778833
79 45 1.841780
79 27 1.872482
79 46 1.851957
79 36 1.884459
79 38 1.896234
79 65 1.867919
79 49 1.894882
79 64 1.879624
79 47 1.920782
79 68 1.903887
79 63 1.922256
79 34 1.966750
79 48 1.957647
79 82 1.904610
79 58 1.951794
79 60 1.953477
79 81 1.927732
79 39 2.010197
79 54 2.006050
79 42 2.027689
79 18 2.076338
80 14 0.434523
80 12 0.600092
80 13 0.714927
80 70 0.675250
80 11 0.749390
80 4 0.770042
80 28 0.754476
80 0 0.781238
80 26 0.771195
80 9 0.787462
80 8 0.809599
80 25 0.818719
80 75 0.822428
80 30 0.889134
80 78 0.922012
80 10 1.035338
80 16 1.032723
80 3 1.041680
80 1 1.138020
80 18 1.152123
80 15 1.155132
80 31 1.136592
80 71 1.114976
80 32 1.213621
80 2 1.274136
80 53 1.223387
80 74 1.217040
80 17 1.289462
80 54 1.246238
80 40 1.281092
80 6 1.344103
80 7 1.408366
80 39 1.402190
80 79 1.354504
80 57 1.400676
80 72 1.412983
80 64 1.437066
80 56 1.501008
80 42 1.516970
80 44 1.524676
80 33 1.550868
80 69 1.514491
80 59 1.565602
80 81 1.537471
80 77 1.544890
80 76 1.547003
80 66 1.606195
80 58 1.641436
80 19 1.690290
80 50 1.680782
80 62 1.682471
80 5 1.789174
80 61 1.729985
80 47 1.780669
80 48 1.780513
80 67 1.775182
80 29 1.819530
80 21 1.853883
80 73 1.811051
80 60 1.831401
80 22 1.898986
80 63 1.851470
80 43 1.926739
80 55 1.922837
80 52 1.960061
80 80 1.954982
80 27 2.028600
80 24 2.036342
80 65 1.995686
80 82 1.978245
80 35 2.038050
80 23 2.103481
80 46 2.082064
80 20 2.136396
80 68 2.106302
80 34 2.151517
80 38 2.156609
80 36 2.217994
80 41 2.244467
80 49 2.257655
80 37 2.280237
80 51 2.275139
80 45 2.319663
81 8 0.425331
81 13 0.447357
81 3 0.457029
81 1 0.502290
81 11 0.532115
81 9 0.560839
81 14 0.557204
81 5 0.604630
81 10 0.742100
81 2 0.748210
81 19 0.735554
81 0 0.754742
81 31 0.716859
81 20 0.754432
81 17 0.778950
81 77 0.741001
81 28 0.842036
81 18 0.885784
81 78 0.793299
81 21 0.935851
81 33 0.933401
81 23 0.985477
81 4 1.022402
81 29 1.008411
81 6 1.048211
81 47 0.959844
81 56 0.983157
81 7 1.111066
81 75 0.993569
81 16 1.117714
81 22 1.112191
81 12 1.156226
81 51 1.124078
81 58 1.114738
81 62 1.134325
81 71 1.139180
81 15 1.258168
81 63 1.176496
81 61 1.199973
81 53 1.214259
81 26 1.318736
81 30 1.332129
81 45 1.294029
81 59 1.274774
81 44 1.318032
81 32 1.401335
81 52 1.357909
81 39 1.387971
81 24 1.437691
81 50 1.370114
81 80 1.329126
81 82 1.326737
81 76 1.357838
81 60 1.402126
81 25 1.504011
81 70 1.409708
81 74 1.407242
81 66 1.432871
81 37 1.543733
81 81 1.478854
81 35 1.571079
81 68 1.505115
81 27 1.605075
81 69 1.518543
81 43 1.577114
81 38 1.629671
81 36 1.646354
81 57 1.602385
81 40 1.642963
81 67 1.594219
81 65 1.633148
81 55 1.662900
81 42 1.707045
81 73 1.705140
81 64 1.718579
81 41 1.777293
81 46 1.765187
81 72 1.731015
81 49 1.778476
81 54 1.769496
81 34 1.825284
81 79 1.779805
81 48 1.895675
82 11 0.309234
82 10 0.342120
82 12 0.379184
82 9 0.386908
82 8 0.398923
82 0 0.505117
82 13 0.519964
82 1 0.559172
82 28 0.626892
82 14 0.671381
82 6 0.746333
82 59 0.709452
82 2 0.819982
82 44 0.768690
82 33 0.785703
82 77 0.757227
82 16 0.842539
82 29 0.845706
82 19 0.906857
82 32 1.012041
82 18 1.066397
82 76 1.012613
82 7 1.098727
82 30 1.081914
82 65 1.046955
82 50 1.078339
82 66 1.103197
82 70 1.104927
82 3 1.216868
82 4 1.227982
82 56 1.175449
82 67 1.173996
82 15 1.253189
82 21 1.266020
82 36 1.265183
82 78 1.221761
82 35 1.302093
82 62 1.274150
82 24 1.355787
82 75 1.315397
82 42 1.358975
82 53 1.369653
82 71 1.354342
82 47 1.391464
82 31 1.425550
82 79 1.388230
82 54 1.416669
82 34 1.459227
82 48 1.456689
82 5 1.535030
82 38 1.509822
82 61 1.525193
82 41 1.547486
82 60 1.542833
82 20 1.604113
82 45 1.584514
82 17 1.642560
82 57 1.614415
82 55 1.622930
82 51 1.634348
82 22 1.673162
82 68 1.632185
82 25 1.689547
82 43 1.679646
82 23 1.717339
82 39 1.731363
82 72 1.703180
82 40 1.767991
82 27 1.788350
82 73 1.760047
82 52 1.789240
82 64 1.778348
82 80 1.761318
82 63 1.796954
82 46 1.838064
82 58 1.833108
82 49 1.865803
82 37 1.884164
82 82 1.854932
82 26 1.927864
82 69 1.882836
82 81 1.975626
82 74 1.989952
83 9 0.281091
83 10 0.318347
83 12 0.317388
83 11 0.325100
83 8 0.553084
83 5 0.560308
83 3 0.570165
83 29 0.482262
83 1 0.634742
83 13 0.634501
83 14 0.644831
83 2 0.706689
83 28 0.577831
83 19 0.665268
83 7 0.737340
83 4 0.760367
83 18 0.738515
83 20 0.754407
83 0 0.862964
83 32 0.717318
83 33 0.709810
83 31 0.763565
83 15 0.851300
83 21 0.857428
83 30 0.792342
83 44 0.497636
83 6 0.940413
83 16 0.902741
83 23 0.888726
83 17 0.923291
83 26 0.964687
83 24 0.971637
83 41 0.756410
83 25 1.026637
83 27 1.022682
83 39 0.805333
83 51 0.397953
83 34 0.981995
83 61 0.395929
83 40 0.887919
83 59 0.436207
83 53 0.502091
83 45 0.720150
83 35 1.027482
83 42 0.853937
83 62 0.470478
83 66 0.446855
83 56 0.582078
83 22 1.294631
83 36 1.096484
83 37 1.107838
83 63 0.564306
83 38 1.127084
83 43 1.010431
83 71 0.550958
83 76 0.524726
83 50 0.737053
83 70 0.578688
83 49 0.748897
83 58 0.732874
83 78 0.583055
83 48 0.815119
83 77 0.625596
83 75 0.637309
83 57 0.822509
83 60 0.778641
83 55 0.843629
83 52 0.878447
83 54 0.897394
83 64 0.812843
83 46 1.115404
83 69 0.820798
83 68 0.850148
83 73 0.812250
83 79 0.797509
83 72 0.836581
83 65 0.915997
83 81 0.815269
83 47 1.048780
83 67 0.937422
83 80 0.860971
83 82 0.776947
83 74 0.946069
84 9 0.344161
84 8 0.352364
84 10 0.364863
84 12 0.383530
84 14 0.393792
84 11 0.437316
84 13 0.505778
84 5 0.744642
84 0 0.776267
84 20 0.780674
84 3 0.799859
84 2 0.802663
84 6 0.902164
84 16 0.907802
84 22 0.920509
84 4 0.938898
84 18 0.930267
84 33 0.920360
84 17 0.967796
84 19 0.966758
84 1 0.986812
84 21 0.992603
84 26 0.979409
84 32 1.050100
84 76 1.007433
84 30 1.107161
84 71 1.038650
84 66 1.044823
84 78 1.062136
84 31 1.145808
84 23 1.181970
84 53 1.113720
84 28 1.171083
84 56 1.130494
84 61 1.125253
84 35 1.241283
84 39 1.236077
84 59 1.234614
84 27 1.324082
84 42 1.299056
84 29 1.333908
84 63 1.277986
84 49 1.304945
84 24 1.378815
84 62 1.328557
84 70 1.344378
84 25 1.431443
84 77 1.371483
84 41 1.431458
84 7 1.514992
84 75 1.391572
84 15 1.534223
84 44 1.461216
84 34 1.564520
84 47 1.548875
84 58 1.543703
84 38 1.576023
84 55 1.562628
84 36 1.608931
84 67 1.561257
84 74 1.569689
84 51 1.612641
84 45 1.622654
84 50 1.632238
84 54 1.653774
84 64 1.653401
84 37 1.698957
84 40 1.712456
84 57 1.701356
84 60 1.710298
84 81 1.686417
84 68 1.710445
84 48 1.740134
84 80 1.706631
84 46 1.782863
84 82 1.748193
84 79 1.757893
84 52 1.812615
84 72 1.794262
84 73 1.801652
84 69 1.840178
84 43 1.898319
84 65 1.887465
85 10 0.392999
85 11 0.444257
85 12 0.451757
85 3 0.473510
85 1 0.475430
85 24 0.646376
85 9 0.658657
85 8 0.659709
85 13 0.656925
85 22 0.834639
85 25 0.831021
85 4 0.849030
85 0 0.934704
85 29 0.911024
85 62 0.883602
85 59 0.894049
85 5 1.012301
85 28 1.024232
85 71 0.996916
85 33 1.055453
85 61 1.010766
85 75 1.030000
85 7 1.125529
85 15 1.124548
85 53 1.069455
85 37 1.138289
85 52 1.120690
85 56 1.117573
85 6 1.210133
85 23 1.242150
85 17 1.247479
85 38 1.212030
85 19 1.262685
85 57 1.222518
85 14 1.285086
85 69 1.211930
85 32 1.268508
85 31 1.273261
85 72 1.251897
85 78 1.279252
85 44 1.332339
85 58 1.312159
85 70 1.307184
85 76 1.329682
85 66 1.346898
85 54 1.366917
85 16 1.425597
85 67 1.356086
85 60 1.372982
85 30 1.473163
85 79 1.420918
85 77 1.426159
85 2 1.538266
85 47 1.499934
85 39 1.522822
85 35 1.530528
85 63 1.503434
85 55 1.552942
85 36 1.615367
85 34 1.621609
85 42 1.623676
85 27 1.667598
85 41 1.651617
85 64 1.626112
85 43 1.658415
85 45 1.662046
85 40 1.682799
85 81 1.629330
85 50 1.686662
85 74 1.652267
85 68 1.678444
85 73 1.678951
85 21 1.797375
85 49 1.756222
85 20 1.805267
85 80 1.765895
85 48 1.821214
85 46 1.824755
85 26 1.882448
85 18 1.915374
85 65 1.847781
85 82 1.862894
85 51 1.982942
86 9 0.365695
86 12 0.384631
86 8 0.408573
86 56 0.697448
86 76 0.674312
86 10 0.758511
86 11 0.758216
86 13 0.797431
86 14 0.800428
86 0 0.830753
86 3 0.842645
86 44 0.791814
86 2 0.894514
86 17 0.882691
86 15 0.900919
86 6 0.935363
86 18 0.935057
86 31 0.921377
86 4 1.108967
86 71 1.029404
86 61 1.050643
86 19 1.156944
86 75 1.087036
86 53 1.145836
86 16 1.212398
86 77 1.179438
86 5 1.281560
86 7 1.332846
86 66 1.277671
86 26 1.330952
86 70 1.331485
86 29 1.384697
86 63 1.379307
86 72 1.368406
86 33 1.412502
86 59 1.412939
86 27 1.540510
86 30 1.576422
86 41 1.565723
86 62 1.621266
86 47 1.688001
86 81 1.655776
86 20 1.763606
86 37 1.732548
86 68 1.713220
86 58 1.764587
86 78 1.772407
86 32 1.825739
86 28 1.833612
86 34 1.843213
86 21 1.937567
86 69 1.870798
86 1 1.966833
86 55 1.914654
86 38 1.981979
86 36 2.038833
86 39 2.091750
86 23 2.124851
86 51 2.094862
86 46 2.120204
86 40 2.128359
86 25 2.166937
86 65 2.149760
86 35 2.183485
86 74 2.183726
86 24 2.315133
86 79 2.281174
86 64 2.318552
86 45 2.345281
86 80 2.325288
86 43 2.396370
86 42 2.429361
86 73 2.437136
86 54 2.460565
86 49 2.471645
86 67 2.455187
86 82 2.444717
86 57 2.502335
86 22 2.590597
86 48 2.566251
86 50 2.597111
86 60 2.593186
86 52 2.612135
87 11 0.351906
87 9 0.362010
87 13 0.401098
87 14 0.485526
87 8 0.517890
87 10 0.533424
87 30 0.648048
87 29 0.653422
87 6 0.765349
87 2 0.773948
87 1 0.779375
87 28 0.665853
87 12 0.747414
87 31 0.656017
87 32 0.673118
87 4 0.803895
87 3 0.813008
87 0 0.823855
87 33 0.743307
87 7 0.915024
87 22 0.926128
87 21 0.939633
87 5 1.003624
87 27 0.974657
87 19 1.080311
87 17 1.163708
87 44 0.838795
87 15 1.198697
87 56 0.773952
87 53 0.786098
87 25 1.296351
87 35 1.270588
87 37 1.347159
87 23 1.588054
87 18 1.644803
87 26 1.618455
87 34 1.624233
87 16 1.748974
87 61 0.995265
87 20 1.786307
87 40 1.670524
87 38 1.695397
87 63 1.072212
87 59 1.143933
87 24 1.841243
87 54 1.432728
87 62 1.448340
87 45 1.883036
87 46 1.925735
87 41 2.131364
87 47 1.961853
87 48 1.969841
87 39 2.181758
87 71 1.532465
87 70 1.539587
87 77 1.534171
87 42 2.147514
87 66 1.574091
87 36 2.254074
87 75 1.571529
87 50 2.023949
87 43 2.104105
87 76 1.579856
87 57 1.877509
87 78 1.576387
87 80 1.636932
87 55 2.041285
87 67 1.769012
87 49 2.204748
87 51 2.171401
87 73 1.806839
87 65 1.870262
87 82 1.708737
87 79 1.786145
87 60 1.908705
87 64 1.910796
87 69 1.900894
87 74 1.901872
87 52 2.322009
87 72 1.939939
87 81 1.842367
87 68 1.996562
87 58 2.101019
88 1 0.640496
88 2 0.659600
88 8 0.663479
88 30 0.637206
88 33 0.720132
88 0 0.856370
88 3 0.886567
88 77 0.793953
88 56 0.828408
88 59 0.845597
88 14 0.920664
88 13 0.928389
88 76 0.963587
88 32 1.030216
88 78 0.963936
88 70 0.975147
88 44 1.014328
88 29 1.035718
88 7 1.064989
88 62 0.988246
88 9 1.065184
88 10 1.069281
88 12 1.130872
88 28 1.111286
88 16 1.208036
88 71 1.144778
88 18 1.227159
88 5 1.242830
88 61 1.234159
88 66 1.279197
88 74 1.304709
88 20 1.418643
88 68 1.368900
88 31 1.424417
88 4 1.487264
88 26 1.467619
88 63 1.483821
88 82 1.461080
88 11 1.581220
88 34 1.572063
88 49 1.597878
88 75 1.582409
88 6 1.700908
88 53 1.716104
88 67 1.719231
88 27 1.786613
88 73 1.735495
88 48 1.804991
88 64 1.787399
88 17 1.867458
88 41 1.849487
88 52 1.847149
88 60 1.858130
88 35 1.931907
88 40 1.930388
88 19 1.984970
88 15 2.004937
88 43 1.972396
88 57 1.957394
88 24 2.016228
88 36 2.007650
88 54 2.011314
88 21 2.097998
88 80 2.025296
88 22 2.120718
88 38 2.110101
88 47 2.120834
88 50 2.122966
88 72 2.139020
88 42 2.194567
88 46 2.216075
88 79 2.169770
88 23 2.261277
88 69 2.202711
88 58 2.245566
88 81 2.244350
88 55 2.290279
88 25 2.356769
88 65 2.303573
88 37 2.355560
88 45 2.354210
88 51 2.366017
88 39 2.390014
89 9 0.346482
89 8 0.354477
89 3 0.554224
89 11 0.533238
89 14 0.534019
89 1 0.646983
89 12 0.624961
89 5 0.718734
89 0 0.770379
89 13 0.708367
89 10 0.733652
89 29 0.668032
89 2 0.869045
89 31 0.690829
89 28 0.781235
89 33 0.657047
89 7 0.945578
89 30 0.817472
89 32 0.843942
89 4 1.074738
89 15 1.102219
89 6 1.155734
89 16 1.141030
89 22 1.235331
89 44 0.604893
89 17 1.251713
89 27 1.267356
89 35 1.100493
89 56 0.668727
89 25 1.383737
89 19 1.416618
89 18 1.421204
89 20 1.423487
89 23 1.411844
89 24 1.412519
89 21 1.483385
89 53 0.900764
89 41 1.165736
89 76 0.758138
89 78 0.769458
89 77 0.780766
89 40 1.234775
89 62 0.949095
89 55 1.026726
89 61 0.989713
89 59 1.006611
89 37 1.469151
89 34 1.538295
89 43 1.351363
89 26 1.794280
89 58 1.075049
89 49 1.215854
89 71 0.972548
89 50 1.225617
89 42 1.425014
89 36 1.597610
89 57 1.159149
89 66 1.071308
89 75 1.038755
89 39 1.506809
89 51 1.308689
89 70 1.136433
89 45 1.405117
89 46 1.418520
89 52 1.391988
89 54 1.447825
89 48 1.580681
89 47 1.620031
89 74 1.367830
89 68 1.429761
89 73 1.376869
89 38 1.965697
89 65 1.460290
89 81 1.334442
89 80 1.381034
89 67 1.485885
89 79 1.427674
89 64 1.567251
89 69 1.530169
89 60 1.607153
89 63 1.606862
89 72 1.511573
89 82 1.455909
90 10 0.792392
90 62 0.756018
90 32 0.788706
90 14 0.809483
90 28 0.800135
90 70 0.775017
90 43 0.805739
90 56 0.792438
90 1 0.854720
90 77 0.771482
90 0 0.856844
90 6 0.860682
90 29 0.989395
90 75 0.940114
90 13 1.009792
90 44 0.975635
90 8 1.017908
90 53 1.052447
90 5 1.206392
90 9 1.202305
90 31 1.182837
90 66 1.151824
90 19 1.241449
90 61 1.222999
90 11 1.284636
90 52 1.257789
90 33 1.296555
90 60 1.304061
90 3 1.413104
90 78 1.331035
90 47 1.396486
90 16 1.432750
90 58 1.387785
90 76 1.424050
90 20 1.486942
90 4 1.517727
90 64 1.462558
90 57 1.500305
90 63 1.535076
90 22 1.583771
90 2 1.606906
90 30 1.574845
90 12 1.613403
90 17 1.688371
90 79 1.619337
90 18 1.688306
90 40 1.663437
90 71 1.633215
90 59 1.648150
90 50 1.712710
90 45 1.720278
90 48 1.717232
90 36 1.761692
90 26 1.814784
90 21 1.823071
90 49 1.791346
90 7 1.860451
90 46 1.816664
90 38 1.825602
90 55 1.816472
90 34 1.855515
90 72 1.822201
90 24 1.875392
90 35 1.920426
90 27 1.937198
90 80 1.885715
90 68 1.907153
90 42 1.943171
90 82 1.911802
90 37 1.969486
90 69 1.942109
90 41 1.977924
90 54 1.982379
90 65 1.990505
90 23 2.053755
90 73 2.020405
90 51 2.050262
90 25 2.085727
90 67 2.047312
90 74 2.049473
90 81 2.073140
90 15 2.248040
90 39 2.225591
91 9 0.456367
91 14 0.465803
91 8 0.507272
91 12 0.575775
91 10 0.611322
91 1 0.647292
91 5 0.643453
91 13 0.652510
91 7 0.704133
91 2 0.738351
91 0 0.773100
91 3 0.817590
91 4 0.832926
91 66 0.754795
91 59 0.786904
91 23 0.857745
91 24 0.860317
91 33 0.845403
91 16 0.886385
91 15 0.902178
91 21 1.040278
91 56 0.995587
91 62 1.132638
91 29 1.338028
91 63 1.310948
91 37 1.343008
91 43 1.336263
91 17 1.382809
91 75 1.301987
91 77 1.300611
91 70 1.308575
91 11 1.389653
91 76 1.303638
91 32 1.358324
91 18 1.386942
91 73 1.308353
91 44 1.342986
91 28 1.372018
91 35 1.356538
91 61 1.382073
91 46 1.430051
91 71 1.401789
91 30 1.456815
91 31 1.455303
91 52 1.427025
91 48 1.434184
91 19 1.488824
91 53 1.434768
91 55 1.451895
91 78 1.540194
91 74 1.600753
91 60 1.629422
91 47 1.721824
91 51 1.717623
91 27 1.776192
91 65 1.724178
91 58 1.741372
91 81 1.743954
91 38 1.795426
91 67 1.763528
91 40 1.822502
91 22 1.864308
91 6 1.887399
91 41 1.838802
91 68 1.807394
91 69 1.807041
91 82 1.852735
91 79 1.863675
91 57 1.894985
91 34 1.927659
91 80 1.917345
91 72 1.934128
91 45 1.978045
91 20 2.044284
91 54 1.995094
91 39 2.014882
91 49 2.004618
91 64 1.992938
91 50 2.017897
91 42 2.034085
91 25 2.104728
91 36 2.088190
91 26 2.158057
92 8 0.457136
92 11 0.523632
92 14 0.704065
92 9 0.708366
92 28 0.690072
92 12 0.708288
92 63 0.698010
92 10 0.759180
92 78 0.682308
92 62 0.781687
92 76 0.767114
92 19 0.853975
92 6 1.082946
92 61 1.052542
92 3 1.116171
92 0 1.118679
92 4 1.116674
92 16 1.108360
92 30 1.091606
92 31 1.107137
92 18 1.144315
92 56 1.102156
92 17 1.191047
92 71 1.126754
92 21 1.188131
92 29 1.228855
92 41 1.260039
92 13 1.293714
92 50 1.306793
92 38 1.344445
92 2 1.466500
92 32 1.451848
92 20 1.468860
92 33 1.470786
92 53 1.516975
92 65 1.504643
92 58 1.523380
92 1 1.596858
92 77 1.570467
92 44 1.609254
92 70 1.616471
92 75 1.611040
92 42 1.649914
92 67 1.622308
92 36 1.704070
92 48 1.691854
92 59 1.680147
92 66 1.720211
92 49 1.788126
92 5 1.856968
92 25 1.866432
92 64 1.818129
92 57 1.827572
92 40 1.867546
92 82 1.833281
92 37 1.966716
92 26 2.065984
92 73 2.019420
92 60 2.035962
92 68 2.046146
92 46 2.080973
92 79 2.085826
92 55 2.206252
92 35 2.238595
92 39 2.234820
92 23 2.256758
92 47 2.240314
92 72 2.231244
92 22 2.300029
92 7 2.313471
92 69 2.265345
92 45 2.304659
92 81 2.272155
92 15 2.356559
92 52 2.319433
92 80 2.288174
92 51 2.329170
92 43 2.345317
92 74 2.327566
92 24 2.403417
92 54 2.376942
92 27 2.447782
92 34 2.448492
93 14 0.543106
93 9 0.614473
93 8 0.787084
93 10 0.816570
93 70 0.749764
93 13 0.861929
93 0 0.884087
93 71 0.843002
93 1 0.956878
93 75 0.878171
93 4 0.956037
93 29 0.932398
93 7 1.009290
93 61 0.962579
93 3 1.025714
93 5 1.095432
93 11 1.092902
93 21 1.127277
93 78 1.091929
93 30 1.147388
93 58 1.243806
93 19 1.420954
93 28 1.408210
93 16 1.424233
93 22 1.466954
93 33 1.568866
93 12 1.637560
93 45 1.600391
93 67 1.579088
93 32 1.618950
93 31 1.621295
93 66 1.584190
93 49 1.626036
93 56 1.763327
93 42 1.838203
93 65 1.828363
93 47 1.899270
93 53 1.938780
93 64 2.023219
93 59 2.089829
93 62 2.088347
93 80 2.084618
93 43 2.138975
93 77 2.132650
93 63 2.149974
93 52 2.163327
93 23 2.232805
93 44 2.207177
93 17 2.254991
93 81 2.194111
93 18 2.269910
93 55 2.268225
93 34 2.293280
93 26 2.343445
93 40 2.324132
93 76 2.283230
93 54 2.322312
93 57 2.374639
93 20 2.447603
93 38 2.423854
93 51 2.439512
93 48 2.515995
93 36 2.552588
93 6 2.618351
93 69 2.584093
93 46 2.619144
93 73 2.589103
93 2 2.684572
93 72 2.637820
93 68 2.655014
93 50 2.687082
93 24 2.731338
93 15 2.746632
93 35 2.723589
93 41 2.741069
93 37 2.757905
93 82 2.713844
93 79 2.729863
93 60 2.804424
93 27 2.852661
93 25 2.938924
93 74 2.888924
93 39 2.955271
94 14 0.545469
94 28 0.535264
94 9 0.570196
94 8 0.711407
94 5 0.923000
94 2 0.953918
94 71 0.882461
94 13 0.988342
94 11 1.003951
94 16 1.025942
94 19 1.098417
94 4 1.127450
94 70 1.223811
94 3 1.295165
94 63 1.232495
94 18 1.374521
94 24 1.371096
94 81 1.306082
94 12 1.410131
94 66 1.354628
94 36 1.475140
94 78 1.426228
94 31 1.579443
94 62 1.599313
94 25 1.670512
94 20 1.685129
94 0 1.726825
94 61 1.897319
94 44 1.917842
94 77 1.880714
94 53 1.915116
94 32 1.949910
94 34 2.060152
94 1 2.098046
94 27 2.106034
94 56 2.187154
94 73 2.230772
94 38 2.326312
94 59 2.317409
94 30 2.398230
94 10 2.441964
94 17 2.472986
94 82 2.432220
94 76 2.439615
94 39 2.496108
94 46 2.503391
94 58 2.496865
94 33 2.550669
94 60 2.520007
94 57 2.524440
94 75 2.541883
94 21 2.640538
94 29 2.663037
94 23 2.689879
94 54 2.668325
94 68 2.668851
94 67 2.689782
94 43 2.731824
94 26 2.777247
94 47 2.774944
94 50 2.784374
94 79 2.750390
94 65 2.766298
94 22 2.839817
94 40 2.829958
94 48 2.830521
94 72 2.804076
94 69 2.817342
94 51 2.859432
94 35 2.878404
94 45 2.883940
94 15 2.918411
94 7 2.960659
94 80 2.882137
94 55 2.912241
94 6 2.970652
94 74 2.916309
94 52 2.942295
94 37 2.970110
94 42 3.010582
94 64 3.042783
94 49 3.185829
94 41 3.312289
95 9 0.450907
95 10 0.637941
95 8 0.639866
95 3 0.797469
95 0 0.800385
95 18 0.903490
95 4 0.920482
95 23 0.907690
95 24 0.923703
95 70 0.880069
95 76 0.876280
95 32 0.947328
95 2 0.987534
95 7 1.000907
95 21 1.104332
95 62 1.092044
95 6 1.174726
95 5 1.215118
95 15 1.282037
95 17 1.281934
95 16 1.315604
95 1 1.325754
95 53 1.389672
95 29 1.519867
95 39 1.506791
95 64 1.533725
95 79 1.616961
95 12 1.699331
95 30 1.692357
95 14 1.716496
95 40 1.723378
95 75 1.692896
95 11 1.809516
95 35 1.792646
95 28 1.822370
95 61 1.821676
95 71 1.812760
95 77 1.807205
95 46 1.844404
95 78 1.817965
95 44 1.876255
95 22 1.924109
95 31 1.995423
95 66 1.962006
95 59 1.999419
95 25 2.070223
95 80 2.002039
95 56 2.029550
95 38 2.064141
95 55 2.067735
95 33 2.096261
95 43 2.128581
95 74 2.115110
95 13 2.190087
95 60 2.154559
95 48 2.192969
95 20 2.271031
95 36 2.248603
95 73 2.240895
95 50 2.278885
95 82 2.302073
95 81 2.351438
95 52 2.384617
95 47 2.416801
95 37 2.434860
95 19 2.517328
95 65 2.459529
95 51 2.485575
95 67 2.483036
95 34 2.530672
95 68 2.493781
95 63 2.507648
95 69 2.529290
95 26 2.591089
95 58 2.552915
95 57 2.562506
95 45 2.615234
95 42 2.659723
95 27 2.686663
95 54 2.673177
95 72 2.662525
95 41 2.701762
95 49 2.701271
96 14 0.393637
96 8 0.452814
96 12 0.865026
96 9 0.868325
96 3 0.879226
96 11 0.869730
96 13 0.869345
96 5 0.876824
96 10 0.872804
96 18 0.918222
96 4 0.974058
96 1 0.981926
96 2 1.022288
96 7 1.016334
96 0 1.195892
96 33 1.151274
96 32 1.181529
96 77 1.118434
96 16 1.224674
96 75 1.136263
96 63 1.233118
96 28 1.294807
96 68 1.235590
96 50 1.267140
96 59 1.259768
96 47 1.292150
96 42 1.391360
96 44 1.398035
96 61 1.376207
96 6 1.532845
96 78 1.442742
96 56 1.468764
96 54 1.474422
96 30 1.563049
96 31 1.592556
96 48 1.560520
96 76 1.530179
96 64 1.577132
96 73 1.593459
96 29 1.657003
96 38 1.653889
96 15 1.760975
96 70 1.689546
96 53 1.720518
96 62 1.712483
96 74 1.708302
96 71 1.759447
96 66 1.773254
96 36 1.816067
96 21 1.953625
96 24 2.098108
96 82 2.028167
96 45 2.077189
96 81 2.035410
96 35 2.105318
96 34 2.125838
96 39 2.195564
96 55 2.197917
96 20 2.270499
96 17 2.305075
96 52 2.238331
96 41 2.267784
96 65 2.234869
96 58 2.249787
96 80 2.234179
96 26 2.314285
96 51 2.293374
96 23 2.349904
96 40 2.345867
96 60 2.317437
96 72 2.314563
96 57 2.349845
96 22 2.478228
96 27 2.487996
96 43 2.481616
96 67 2.453873
96 19 2.539916
96 46 2.487101
96 79 2.453210
96 25 2.559315
96 37 2.553004
96 69 2.575047
96 49 2.625088
97 9 0.282660
97 21 0.517333
97 3 0.530832
97 19 0.519936
97 10 0.538391
97 78 0.614495
97 1 0.696391
97 8 0.747950
97 5 0.776997
97 11 0.791532
97 77 0.720051
97 31 0.798287
97 76 0.767818
97 0 0.866496
97 13 0.858544
97 7 0.984077
97 48 1.130325
97 2 1.228905
97 45 1.361641
97 55 1.352551
97 4 1.409501
97 70 1.340928
97 59 1.352765
97 22 1.443177
97 56 1.431654
97 38 1.463856
97 36 1.526870
97 18 1.574618
97 53 1.532251
97 33 1.556355
97 28 1.680895
97 30 1.724792
97 12 1.749491
97 17 1.746936
97 47 1.739753
97 75 1.753946
97 72 1.793687
97 37 1.830165
97 81 1.883869
97 61 1.936717
97 29 1.970785
97 57 1.941160
97 32 2.017284
97 79 1.967723
97 60 1.989602
97 63 2.039091
97 14 2.095224
97 20 2.091094
97 44 2.060048
97 80 2.076503
97 62 2.096962
97 24 2.175997
97 74 2.119748
97 65 2.129528
97 71 2.167396
97 39 2.204026
97 66 2.189282
97 23 2.265338
97 15 2.299419
97 34 2.297714
97 58 2.273081
97 54 2.310341
97 69 2.305397
97 52 2.351462
97 40 2.373016
97 73 2.370735
97 51 2.399066
97 25 2.445685
97 43 2.440728
97 64 2.421405
97 50 2.442456
97 6 2.504982
97 49 2.459168
97 68 2.441017
97 67 2.460832
97 46 2.488508
97 27 2.543922
97 41 2.534216
97 16 2.583477
97 26 2.576866
97 42 2.564986
97 82 2.549657
97 35 2.628993
98 9 0.525446
98 12 0.525019
98 8 0.566693
98 3 0.867525
98 29 0.905513
98 44 0.930617
98 1 0.978681
98 77 0.923630
98 14 1.059749
98 28 1.182148
98 66 1.181481
98 70 1.189809
98 13 1.279298
98 4 1.319878
98 0 1.323489
98 61 1.266193
98 59 1.335921
98 2 1.401399
98 22 1.523713
98 6 1.536744
98 34 1.505289
98 27 1.626918
98 10 1.783029
98 31 1.850011
98 19 1.871300
98 62 1.848189
98 78 1.864287
98 64 1.951158
98 53 2.244024
98 73 2.295425
98 30 2.352077
98 38 2.342795
98 72 2.301061
98 25 2.392960
98 37 2.539502
98 71 2.499476
98 11 2.574601
98 46 2.532613
98 15 2.795474
98 76 2.719157
98 50 2.753690
98 32 2.776653
98 67 2.734027
98 81 2.717465
98 16 2.828614
98 17 2.830840
98 45 2.831884
98 33 2.905495
98 42 2.919049
98 63 2.931992
98 65 2.953957
98 5 3.049750
98 68 3.056314
98 35 3.097322
98 24 3.157050
98 7 3.172506
98 75 3.115264
98 56 3.164774
98 40 3.183927
98 74 3.140473
98 20 3.245416
98 82 3.180303
98 52 3.303160
98 55 3.300745
98 47 3.338892
98 60 3.336111
98 23 3.424544
98 69 3.379793
98 36 3.436519
98 21 3.460729
98 57 3.414876
98 51 3.462044
98 43 3.510915
98 58 3.561510
98 18 3.646491
98 48 3.616082
98 80 3.593291
98 49 3.724716
98 39 3.738335
98 79 3.688857
98 54 3.721944
98 26 3.761062
98 41 3.749412
99 8 0.550746
99 12 0.577465
99 11 0.654197
99 13 0.713611
99 10 0.722863
99 29 0.869045
99 66 0.894459
99 61 0.959742
99 28 1.098483
99 1 1.126293
99 70 1.029579
99 27 1.103623
99 3 1.126797
99 31 1.149267
99 0 1.209597
99 20 1.317577
99 5 1.331418
99 78 1.227858
99 4 1.333959
99 15 1.326554
99 53 1.343426
99 2 1.441816
99 62 1.453698
99 41 1.490576
99 72 1.442711
99 76 1.548524
99 44 1.598099
99 75 1.550838
99 6 1.655588
99 9 1.702655
99 32 1.676009
99 63 1.688793
99 30 1.816511
99 48 1.787022
99 33 1.814867
99 74 1.845855
99 49 1.885615
99 58 1.896980
99 43 1.959597
99 56 1.941117
99 14 2.076643
99 18 2.074615
99 77 1.981555
99 59 2.068484
99 47 2.089256
99 17 2.139353
99 39 2.104069
99 7 2.193847
99 34 2.162173
99 36 2.183315
99 42 2.204854
99 65 2.209436
99 69 2.206334
99 71 2.254062
99 19 2.345205
99 73 2.306174
99 64 2.320929
99 60 2.327825
99 21 2.519052
99 26 2.550340
99 68 2.520541
99 79 2.510384
99 24 2.628089
99 54 2.575520
99 38 2.603659
99 57 2.629963
99 81 2.624041
99 22 2.753591
99 23 2.753488
99 50 2.761569
99 16 2.934552
99 52 2.876339
99 37 2.901509
99 35 2.906376
99 40 2.926379
99 55 2.924103
99 82 2.886830
99 25 3.003553
99 46 3.000230
99 45 3.060656
99 80 3.066047
99 67 3.099675
99 51 3.145181
100 8 0.375393
100 9 0.398586
100 13 0.410760
100 10 0.456423
100 11 0.470870
100 12 0.499146
100 14 0.562299
100 3 0.684558
100 1 0.707490
100 0 0.725990
100 76 0.719228
100 2 0.857369
100 5 0.946037
100 16 0.943122
100 4 0.980488
100 18 0.978345
100 33 0.938678
100 70 0.886195
100 56 0.937957
100 44 1.003076
100 32 1.035166
100 7 1.095047
100 6 1.137822
100 19 1.123350
100 61 1.050334
100 30 1.115171
100 63 1.070817
100 71 1.114581
100 15 1.235741
100 28 1.213841
100 23 1.245394
100 77 1.155792
100 78 1.156514
100 31 1.249046
100 66 1.195052
100 20 1.276809
100 59 1.213267
100 17 1.304867
100 40 1.267801
100 55 1.255112
100 53 1.257866
100 29 1.330389
100 21 1.394091
100 48 1.361666
100 42 1.414991
100 75 1.385774
100 26 1.470018
100 62 1.426255
100 50 1.472160
100 46 1.494146
100 22 1.574494
100 24 1.586581
100 73 1.518868
100 54 1.550277
100 69 1.566320
100 47 1.612462
100 38 1.646699
100 68 1.612494
100 39 1.722469
100 80 1.709742
100 64 1.752010
100 49 1.791059
100 25 1.866282
100 52 1.814285
100 79 1.824771
100 27 1.912335
100 41 1.879289
100 67 1.883398
100 37 1.953183
100 58 1.931319
100 72 1.923830
100 36 1.986166
100 57 1.954418
100 74 1.936839
100 82 1.923325
100 45 1.977253
100 43 1.980634
100 35 2.009843
100 34 2.022943
100 51 2.002500
100 60 2.035495
100 65 2.033748
100 81 2.084101
101 9 0.509817
101 3 0.544510
101 11 0.625569
101 20 0.793789
101 1 0.807532
101 12 0.844651
101 8 0.847812
101 19 0.889660
101 14 0.893559
101 33 0.870099
101 15 0.957762
101 77 0.893993
101 17 0.973771
101 36 0.992169
101 59 0.977345
101 5 1.112475
101 62 1.045022
101 0 1.118690
101 81 1.024690
101 66 1.184418
101 53 1.201565
101 75 1.175257
101 23 1.247813
101 68 1.185332
101 16 1.254700
101 70 1.183676
101 21 1.299125
101 31 1.314180
101 28 1.355528
101 22 1.373644
101 13 1.380546
101 71 1.306968
101 48 1.353072
101 2 1.410034
101 25 1.441240
101 45 1.448643
101 47 1.446244
101 56 1.489662
101 63 1.481680
101 58 1.494245
101 61 1.503970
101 51 1.541781
101 76 1.513401
101 29 1.653929
101 72 1.600369
101 35 1.715309
101 69 1.672227
101 4 1.752411
101 10 1.750617
101 7 1.781782
101 74 1.700791
101 40 1.747054
101 30 1.759731
101 65 1.715555
101 73 1.706442
101 50 1.753985
101 64 1.740473
101 44 1.764822
101 54 1.769840
101 42 1.784545
101 32 1.804404
101 41 1.827595
101 26 1.864693
101 39 1.861319
101 49 1.882409
101 78 1.849526
101 18 1.943818
101 27 1.927868
101 60 1.902116
101 67 1.902507
101 38 1.985085
101 55 1.972869
101 57 1.990702
101 43 2.017550
101 24 2.051208
101 6 2.095231
101 82 2.105388
101 46 2.150230
101 79 2.112086
101 37 2.166837
101 80 2.111365
101 52 2.200591
101 34 2.274759
102 11 0.414766
102 8 0.482793
102 14 0.526400
102 10 0.605064
102 0 0.671126
102 12 0.645189
102 2 0.672544
102 3 0.727452
102 5 0.736764
102 7 0.775158
102 1 1.003136
102 19 1.006907
102 75 0.976444
102 4 1.080552
102 6 1.079194
102 17 1.070185
102 16 1.097789
102 66 1.022553
102 62 1.030340
102 20 1.114843
102 53 1.062090
102 29 1.099528
102 15 1.124199
102 56 1.078715
102 76 1.048908
102 78 1.046393
102 59 1.090433
102 36 1.184664
102 22 1.252981
102 9 1.282052
102 32 1.326217
102 49 1.359910
102 70 1.395575
102 61 1.411562
102 30 1.457696
102 44 1.438496
102 28 1.515797
102 82 1.467145
102 38 1.550804
102 33 1.558051
102 42 1.543151
102 39 1.581485
102 55 1.563352
102 64 1.549530
102 45 1.622820
102 18 1.667863
102 13 1.672910
102 77 1.577512
102 52 1.656807
102 24 1.756026
102 34 1.746475
102 71 1.729262
102 31 1.791668
102 35 1.797489
102 51 1.782706
102 46 1.834377
102 73 1.825075
102 63 1.841967
102 74 1.845154
102 67 1.864394
102 54 1.931305
102 40 1.962435
102 79 1.916231
102 80 1.941718
102 37 2.022894
102 21 2.050445
102 23 2.041032
102 48 2.014982
102 27 2.065622
102 65 2.026741
102 25 2.091611
102 72 2.030602
102 26 2.104760
102 68 2.043108
102 50 2.071121
102 81 2.025689
102 43 2.088952
102 41 2.093475
102 60 2.088849
102 47 2.112790
102 57 2.110924
102 69 2.093022
102 58 2.154385
103 9 0.378519
103 10 0.378509
103 13 0.531395
103 11 0.538403
103 14 0.724554
103 1 0.836627
103 8 0.856275
103 28 0.868965
103 63 0.825467
103 2 0.896995
103 4 0.896510
103 53 0.868034
103 16 0.939343
103 15 1.008890
103 0 1.020809
103 76 1.011758
103 12 1.118403
103 19 1.114388
103 3 1.166983
103 21 1.205197
103 23 1.240983
103 5 1.333904
103 56 1.317495
103 29 1.397517
103 70 1.369266
103 73 1.367164
103 31 1.421932
103 60 1.415116
103 44 1.619150
103 71 1.585552
103 17 1.656292
103 35 1.680469
103 18 1.793464
103 33 1.813031
103 34 1.812120
103 6 1.874380
103 24 1.861205
103 7 1.911252
103 27 1.891625
103 57 1.853483
103 81 1.827544
103 32 1.949629
103 43 1.941403
103 59 1.950941
103 69 1.938282
103 78 1.958920
103 75 1.966002
103 30 2.025738
103 52 2.028870
103 77 2.027532
103 62 2.067068
103 45 2.104393
103 61 2.169761
103 66 2.164406
103 80 2.202550
103 82 2.203532
103 26 2.305835
103 42 2.294008
103 74 2.254086
103 41 2.335645
103 79 2.321522
103 51 2.448817
103 36 2.551966
103 55 2.558786
103 68 2.568122
103 72 2.591623
103 37 2.661347
103 20 2.684854
103 58 2.664764
103 38 2.691339
103 46 2.703717
103 40 2.711194
103 67 2.679876
103 65 2.695241
103 25 2.755369
103 22 2.775196
103 54 2.732753
103 49 2.761052
103 47 2.900080
103 48 2.898755
103 39 2.910157
103 50 2.898513
103 64 2.893187
104 8 0.476922
104 9 0.585467
104 14 0.666611
104 12 0.668336
104 0 0.697339
104 4 0.696258
104 1 0.731806
104 2 0.739706
104 10 0.750199
104 5 0.821669
104 3 0.829305
104 7 0.867874
104 23 0.922853
104 71 0.859597
104 13 0.937129
104 59 0.962358
104 28 1.011019
104 53 1.013682
104 22 1.095171
104 44 1.067069
104 19 1.133674
104 16 1.137517
104 56 1.120766
104 20 1.193779
104 76 1.131084
104 66 1.160991
104 21 1.227158
104 70 1.167870
104 81 1.223189
104 45 1.301609
104 75 1.271919
104 17 1.351561
104 31 1.331879
104 11 1.367271
104 32 1.341365
104 33 1.361997
104 6 1.412004
104 30 1.378596
104 37 1.387073
104 61 1.363804
104 62 1.384413
104 63 1.393864
104 29 1.468928
104 52 1.480975
104 47 1.498834
104 26 1.560618
104 50 1.535688
104 78 1.506126
104 77 1.526869
104 18 1.614551
104 74 1.595850
104 64 1.616190
104 54 1.637759
104 48 1.644184
104 34 1.666826
104 41 1.677666
104 40 1.678803
104 38 1.690779
104 60 1.694852
104 57 1.704608
104 68 1.704458
104 36 1.744610
104 67 1.720617
104 39 1.764820
104 51 1.777168
104 82 1.745211
104 27 1.810615
104 73 1.758040
104 42 1.804517
104 46 1.816128
104 79 1.791404
104 25 1.861689
104 72 1.824185
104 69 1.828577
104 80 1.836659
104 65 1.855124
104 43 1.883806
104 35 1.904714
104 49 1.933717
104 55 1.937869
104 15 2.004614
104 58 2.009781
104 24 2.064059
105 8 0.436786
105 12 0.451120
105 0 0.542644
105 14 0.539463
105 10 0.712507
105 5 0.852078
105 61 0.790079
105 28 0.834764
105 3 0.881400
105 33 0.959985
105 15 0.980653
105 11 1.002001
105 53 0.976686
105 13 1.052178
105 7 1.101367
105 66 1.035607
105 32 1.082773
105 62 1.174181
105 9 1.245266
105 4 1.348047
105 31 1.354344
105 51 1.328187
105 77 1.337166
105 16 1.434664
105 71 1.369793
105 68 1.376224
105 59 1.557336
105 29 1.623070
105 44 1.630513
105 23 1.690394
105 1 1.707129
105 6 1.714283
105 75 1.676321
105 70 1.750577
105 54 1.792658
105 80 1.758498
105 64 1.838666
105 43 1.873296
105 2 1.920009
105 17 1.930323
105 56 1.885553
105 78 1.887262
105 30 1.949646
105 73 1.946619
105 27 2.042157
105 18 2.055997
105 76 2.000320
105 22 2.088929
105 45 2.085802
105 67 2.135885
105 81 2.169855
105 69 2.203889
105 38 2.259052
105 50 2.296666
105 42 2.350329
105 24 2.395550
105 65 2.352194
105 40 2.426383
105 39 2.435823
105 60 2.412285
105 72 2.451539
105 79 2.447222
105 25 2.522448
105 19 2.539298
105 55 2.494754
105 37 2.526524
105 35 2.534876
105 63 2.509275
105 58 2.524354
105 36 2.552473
105 34 2.587786
105 47 2.585862
105 57 2.585756
105 26 2.635832
105 74 2.581602
105 48 2.612523
105 46 2.616148
105 82 2.598450
105 52 2.659978
105 20 2.708207
105 21 2.715478
105 49 2.867669
105 41 2.877448
106 10 0.546685
106 11 0.601419
106 8 0.643922
106 78 0.585507
106 0 0.708145
106 9 0.747246
106 1 0.798749
106 13 0.829100
106 3 0.868551
106 4 0.956942
106 71 0.903766
106 75 0.928395
106 5 1.009160
106 16 1.002815
106 30 0.995479
106 12 1.074516
106 6 1.093543
106 19 1.113071
106 31 1.135520
106 29 1.152156
106 44 1.135881
106 7 1.352084
106 38 1.343726
106 70 1.306174
106 2 1.381979
106 32 1.354396
106 23 1.398492
106 56 1.357264
106 62 1.372201
106 22 1.525532
106 33 1.524310
106 54 1.530852
106 48 1.629778
106 35 1.646809
106 67 1.654931
106 28 1.709991
106 57 1.710472
106 24 1.795080
106 76 1.732154
106 43 1.819851
106 66 1.793323
106 61 1.801201
106 55 1.808898
106 69 1.793138
106 77 1.795362
106 14 1.897551
106 50 1.857917
106 40 1.889992
106 17 1.938603
106 21 1.954359
106 41 1.932833
106 73 1.927236
106 59 1.946943
106 53 1.952870
106 26 1.988780
106 46 2.004807
106 15 2.057253
106 81 1.993249
106 27 2.085055
106 80 2.080073
106 58 2.110422
106 65 2.102001
106 42 2.144471
106 60 2.125027
106 20 2.190825
106 63 2.146972
106 18 2.216189
106 82 2.158830
106 64 2.207620
106 39 2.338459
106 72 2.299074
106 68 2.304351
106 34 2.346704
106 47 2.331582
106 45 2.334596
106 52 2.343336
106 36 2.365052
106 37 2.370383
106 79 2.338761
106 25 2.463982
106 49 2.487261
106 51 2.515815
106 74 2.503235
107 14 0.595850
107 8 0.636904
107 13 0.718479
107 12 0.778088
107 10 0.780387
107 71 0.713667
107 3 0.790472
107 2 0.826735
107 0 0.942049
107 28 0.916142
107 78 0.897149
107 77 1.061716
107 61 1.103744
107 4 1.180315
107 11 1.218084
107 9 1.220022
107 29 1.199226
107 32 1.197553
107 15 1.219966
107 1 1.240992
107 5 1.271823
107 53 1.223879
107 31 1.299248
107 66 1.295140
107 41 1.433405
107 24 1.455193
107 20 1.461048
107 59 1.415764
107 70 1.403398
107 7 1.527949
107 62 1.470691
107 47 1.573591
107 18 1.630356
107 45 1.835556
107 33 1.850207
107 57 1.866083
107 75 1.894260
107 55 1.918145
107 76 1.907922
107 56 1.932352
107 60 1.928806
107 38 1.957270
107 40 1.959647
107 50 1.969148
107 30 2.008075
107 19 2.103675
107 36 2.084464
107 44 2.075721
107 16 2.154130
107 26 2.143567
107 25 2.177221
107 52 2.150172
107 69 2.130106
107 21 2.188085
107 34 2.172664
107 51 2.155456
107 79 2.158072
107 35 2.224062
107 67 2.187707
107 63 2.210296
107 54 2.295380
107 80 2.264506
107 46 2.319941
107 73 2.302261
107 43 2.339350
107 27 2.354436
107 74 2.329261
107 64 2.360236
107 65 2.390220
107 39 2.452944
107 37 2.500812
107 81 2.458611
107 6 2.572341
107 82 2.545526
107 49 2.594767
107 68 2.576655
107 42 2.608052
107 22 2.632637
107 17 2.657439
107 58 2.610160
107 48 2.657671
107 23 2.698105
107 72 2.684946
108 10 0.545301
108 9 0.735229
108 29 0.783991
108 76 0.745914
108 62 0.782660
108 59 0.817738
108 2 0.907449
108 12 0.967943
108 11 1.180231
108 16 1.211847
108 0 1.224748
108 3 1.223413
108 66 1.159787
108 78 1.147257
108 8 1.286309
108 14 1.283111
108 53 1.283264
108 5 1.335754
108 69 1.280582
108 4 1.365412
108 1 1.409526
108 13 1.446792
108 19 1.570777
108 45 1.554253
108 17 1.643414
108 7 1.661935
108 6 1.776745
108 28 1.779079
108 54 1.768831
108 61 1.772849
108 43 1.820663
108 68 1.806640
108 77 1.796563
108 70 1.853354
108 71 1.853020
108 32 1.934484
108 75 1.936123
108 22 2.057666
108 56 2.028672
108 44 2.043655
108 74 2.041957
108 21 2.121252
108 30 2.198980
108 23 2.230404
108 65 2.220684
108 63 2.223270
108 31 2.260464
108 48 2.276263
108 15 2.403680
108 33 2.413612
108 55 2.403666
108 26 2.437278
108 24 2.471268
108 46 2.455585
108 41 2.503583
108 18 2.540943
108 39 2.526038
108 80 2.497222
108 38 2.552133
108 40 2.643948
108 36 2.658636
108 42 2.685856
108 58 2.684701
108 73 2.738908
108 25 2.802875
108 82 2.761277
108 51 2.796690
108 35 2.828847
108 60 2.808682
108 37 2.839561
108 52 2.836397
108 27 2.869077
108 49 2.899132
108 67 2.880236
108 34 2.915118
108 57 2.895648
108 72 2.881265
108 20 2.999233
108 81 2.955447
108 79 3.039431
108 50 3.090231
108 64 3.123472
108 47 3.155493
109 11 0.441320
109 9 0.468993
109 8 0.486140
109 10 0.522539
109 12 0.628679
109 1 0.763156
109 0 0.813296
109 3 0.835277
109 2 0.933135
109 5 0.945106
109 24 0.980165
109 61 0.943100
109 53 1.013214
109 44 1.036716
109 62 1.022231
109 14 1.151046
109 75 1.109061
109 27 1.190240
109 31 1.193699
109 7 1.230687
109 71 1.146265
109 66 1.199701
109 4 1.311254
109 70 1.261509
109 46 1.316950
109 33 1.376928
109 29 1.381502
109 26 1.402829
109 39 1.384056
109 37 1.458594
109 38 1.463112
109 47 1.460067
109 28 1.502555
109 59 1.466965
109 16 1.533597
109 56 1.507297
109 55 1.508698
109 13 1.581795
109 78 1.494623
109 72 1.557541
109 32 1.634101
109 23 1.674909
109 77 1.611882
109 15 1.707954
109 68 1.635891
109 43 1.701595
109 54 1.696101
109 76 1.751870
109 30 1.828475
109 40 1.836758
109 22 1.892054
109 35 1.880287
109 17 1.909687
109 67 1.845405
109 81 1.841874
109 25 1.924664
109 42 1.910618
109 21 1.979973
109 34 1.969004
109 49 1.953309
109 63 1.940329
109 73 1.929383
109 57 1.977095
109 20 2.041905
109 74 2.003278
109 58 2.030153
109 65 2.021777
109 80 2.023711
109 48 2.066214
109 6 2.126291
109 69 2.055757
109 51 2.134601
109 19 2.189978
109 18 2.208314
109 60 2.151095
109 82 2.126370
109 52 2.166559
109 79 2.138263
109 41 2.210760
109 64 2.172547
109 45 2.208717
109 36 2.237667
109 50 2.228222
110 13 0.673475
110 56 0.768101
110 76 0.746382
110 1 0.831901
110 12 0.877679
110 28 0.860543
110 71 0.810677
110 2 1.003907
110 8 1.008625
110 3 1.072852
110 53 1.127605
110 32 1.154658
110 15 1.178841
110 16 1.251628
110 33 1.256301
110 5 1.295761
110 31 1.394944
110 4 1.423622
110 29 1.465723
110 9 1.535928
110 61 1.564492
110 6 1.738667
110 21 1.744018
110 20 1.813968
110 73 1.785299
110 78 1.803400
110 10 1.932154
110 7 1.935144
110 40 1.900188
110 59 1.918205
110 77 1.899321
110 66 1.912946
110 48 1.935856
110 60 1.921647
110 75 1.922606
110 18 2.086968
110 14 2.152971
110 0 2.163206
110 30 2.153596
110 19 2.186430
110 41 2.159335
110 65 2.146772
110 79 2.130686
110 11 2.273554
110 69 2.239154
110 35 2.347469
110 23 2.373812
110 62 2.340325
110 43 2.368384
110 38 2.399688
110 51 2.386837
110 70 2.377518
110 44 2.414022
110 64 2.388920
110 55 2.417784
110 81 2.458901
110 36 2.516183
110 74 2.492839
110 17 2.586264
110 52 2.553420
110 72 2.550464
110 45 2.598123
110 47 2.637824
110 39 2.667547
110 68 2.651715
110 58 2.674410
110 57 2.688850
110 82 2.659400
110 25 2.739816
110 37 2.736457
110 80 2.685345
110 50 2.739373
110 26 2.792833
110 24 2.811423
110 42 2.797296
110 34 2.838751
110 49 2.845268
110 46 2.886429
110 67 2.868594
110 27 2.931563
110 54 2.908917
110 22 2.952070
110 63 2.990802
111 12 0.422836
111 9 0.463372
111 8 0.493212
111 11 0.499580
111 10 0.519754
111 14 0.559512
111 5 0.746676
111 3 0.748676
111 4 0.806841
111 28 0.775074
111 1 0.824227
111 31 0.855919
111 7 0.924911
111 2 0.931533
111 6 0.952432
111 30 0.944143
111 0 1.004334
111 75 0.927577
111 13 1.074338
111 77 1.000118
111 15 1.090837
111 19 1.088234
111 70 1.042539
111 44 1.105697
111 62 1.107988
111 78 1.098591
111 53 1.130834
111 21 1.231923
111 71 1.209336
111 29 1.288494
111 55 1.250048
111 33 1.284378
111 18 1.315530
111 76 1.232347
111 27 1.320831
111 68 1.263836
111 61 1.283647
111 16 1.427069
111 23 1.435030
111 79 1.387147
111 58 1.432120
111 32 1.470265
111 41 1.461693
111 67 1.435749
111 56 1.462075
111 65 1.490540
111 66 1.543833
111 80 1.546264
111 43 1.595316
111 34 1.609073
111 17 1.642867
111 63 1.569978
111 35 1.746711
111 59 1.713224
111 20 1.779880
111 36 1.748974
111 51 1.726974
111 74 1.699122
111 22 1.780618
111 72 1.702533
111 39 1.746460
111 47 1.736198
111 42 1.743346
111 45 1.740226
111 81 1.693090
111 64 1.714643
111 60 1.720162
111 73 1.705612
111 50 1.742293
111 38 1.757662
111 40 1.756715
111 26 1.778878
111 49 1.753441
111 25 1.821609
111 52 1.782486
111 57 1.796013
111 37 1.833546
111 46 1.849581
111 48 1.886529
111 69 1.906021
111 54 1.966809
111 82 1.944302
111 24 2.026540
112 8 0.550727
112 10 0.664169
112 12 0.762563
112 9 0.786001
112 11 0.873684
112 0 0.932853
112 3 1.151769
112 1 1.153587
112 6 1.151255
112 75 1.067552
112 2 1.156430
112 13 1.222136
112 61 1.160978
112 27 1.239100
112 78 1.171121
112 16 1.257121
112 5 1.344571
112 24 1.330025
112 25 1.361752
112 77 1.344085
112 17 1.425135
112 66 1.360016
112 14 1.467587
112 56 1.501951
112 15 1.557138
112 28 1.575090
112 36 1.587913
112 21 1.654393
112 44 1.701166
112 71 1.666817
112 59 1.714654
112 69 1.761061
112 19 1.901778
112 4 1.912474
112 45 1.866098
112 67 1.837970
112 70 1.835194
112 49 1.880481
112 80 1.894873
112 34 2.083087
112 31 2.088361
112 53 2.058916
112 43 2.071844
112 32 2.157480
112 62 2.116106
112 30 2.227191
112 82 2.312029
112 79 2.415549
112 68 2.430157
112 58 2.446839
112 39 2.474694
112 40 2.516196
112 18 2.549417
112 76 2.489928
112 65 2.543282
112 7 2.802973
112 29 2.781667
112 50 2.753403
112 33 2.779520
112 52 2.773303
112 73 2.783930
112 26 2.849516
112 46 2.853388
112 60 2.879870
112 72 2.879655
112 47 2.927224
112 20 2.967273
112 51 2.940353
112 22 2.996917
112 35 2.977165
112 57 2.968544
112 38 3.006732
112 63 2.998247
112 81 2.992892
112 48 3.036862
112 55 3.066137
112 37 3.105494
112 41 3.144273
112 42 3.197952
112 74 3.260171
112 64 3.274628
112 54 3.288123
112 23 3.375361
113 8 0.491261
113 9 0.649052
113 13 0.647334
113 11 0.704070
113 10 0.762211
113 1 0.824263
113 3 0.831810
113 14 0.841329
113 0 0.906718
113 7 0.926010
113 4 0.950221
113 2 0.953584
113 17 0.936452
113 5 0.954105
113 12 0.975009
113 15 1.023684
113 30 1.033788
113 28 1.039059
113 16 1.072613
113 29 1.120635
113 18 1.196957
113 32 1.180649
113 6 1.231596
113 33 1.215237
113 31 1.282758
113 19 1.407723
113 56 1.361480
113 75 1.108538
113 44 1.423985
113 76 1.073458
113 20 1.546888
113 61 1.459709
113 21 1.568677
113 25 1.822707
113 41 1.860479
113 34 1.917048
113 62 1.897219
113 22 2.039515
113 77 1.659600
113 59 1.976177
113 45 2.032412
113 39 2.043123
113 53 2.055333
113 37 2.183218
113 26 2.203994
113 27 2.204710
113 49 2.165268
113 69 2.048237
113 71 2.004295
113 66 2.116345
113 23 2.369166
113 43 2.364915
113 78 2.032273
113 40 2.405491
113 70 2.250658
113 60 2.440074
113 72 2.425522
113 35 2.690368
113 24 2.804036
113 48 2.767379
113 36 2.810029
113 42 2.828606
113 79 2.472880
113 65 2.704428
113 51 2.870261
113 52 2.878697
113 57 2.867742
113 67 2.770693
113 47 2.919203
113 50 2.918648
113 68 2.773417
113 58 2.890382
113 63 2.867727
113 80 2.539367
113 55 2.936606
113 38 3.015249
113 73 2.746915
113 54 3.003965
113 81 2.628348
113 82 2.494374
113 64 2.966441
113 74 2.824817
113 46 3.094027
114 11 0.419860
114 10 0.431450
114 8 0.436898
114 9 0.443055
114 12 0.580396
114 14 0.592440
114 13 0.658913
114 0 0.688465
114 1 0.768482
114 61 0.856599
114 66 0.859028
114 2 0.969449
114 3 1.037361
114 31 1.089327
114 7 1.246301
114 77 1.214667
114 32 1.334533
114 16 1.363068
114 44 1.380069
114 15 1.446713
114 4 1.510537
114 18 1.525407
114 70 1.499870
114 6 1.601184
114 29 1.746362
114 53 1.718544
114 40 1.736167
114 25 1.753393
114 17 1.849139
114 28 1.949407
114 24 2.006197
114 20 2.013968
114 33 2.041497
114 59 2.016285
114 5 2.097376
114 78 2.085104
114 62 2.265616
114 39 2.345280
114 23 2.363848
114 22 2.427861
114 79 2.341407
114 30 2.455199
114 56 2.422715
114 69 2.425323
114 48 2.452807
114 43 2.468789
114 76 2.409064
114 71 2.442393
114 73 2.489037
114 45 2.576330
114 26 2.633020
114 42 2.618431
114 37 2.662247
114 64 2.642857
114 75 2.612637
114 49 2.698463
114 63 2.714897
114 19 2.801406
114 81 2.720204
114 80 2.747845
114 60 2.799862
114 51 2.822656
114 68 2.802346
114 36 2.864607
114 72 2.849162
114 58 2.906325
114 55 3.016267
114 65 3.012059
114 21 3.090722
114 46 3.096830
114 38 3.113738
114 50 3.101720
114 82 3.067695
114 41 3.172615
114 57 3.166199
114 52 3.184889
114 34 3.216629
114 27 3.273074
114 47 3.275329
114 67 3.258794
114 35 3.395122
114 54 3.424222
114 74 3.416563
115 10 0.411590
115 8 0.497460
115 14 0.569828
115 11 0.600769
115 9 0.603413
115 29 0.655949
115 0 0.699831
115 31 0.672637
115 21 0.744292
115 59 0.730042
115 3 0.828065
115 27 0.819632
115 1 0.861712
115 18 0.877148
115 19 0.893983
115 70 0.844520
115 6 0.918904
115 20 0.910184
115 51 0.918179
115 28 0.986288
115 61 0.943241
115 30 0.984115
115 75 0.931310
115 13 1.009211
115 2 1.029732
115 68 1.021649
115 56 1.038878
115 71 1.051799
115 78 1.046277
115 76 1.070329
115 12 1.153937
115 45 1.163433
115 77 1.124969
115 33 1.185109
115 17 1.220912
115 5 1.273804
115 32 1.297617
115 53 1.283371
115 66 1.270671
115 4 1.354324
115 44 1.370762
115 24 1.444620
115 36 1.479788
115 62 1.459333
115 16 1.517922
115 63 1.492101
115 41 1.527393
115 48 1.597871
115 25 1.629233
115 43 1.618749
115 39 1.641435
115 15 1.671379
115 73 1.615155
115 81 1.605651
115 34 1.666884
115 22 1.728932
115 7 1.779751
115 80 1.694832
115 37 1.781322
115 26 1.799224
115 38 1.795747
115 58 1.814756
115 47 1.830881
115 55 1.821424
115 57 1.829005
115 49 1.849035
115 69 1.833778
115 64 1.840826
115 82 1.827889
115 72 1.840278
115 50 1.880361
115 35 1.915576
115 74 1.873420
115 67 1.892044
115 42 1.926434
115 40 1.931912
115 79 1.894999
115 65 1.913705
115 60 1.936914
115 54 2.036791
115 46 2.047359
115 23 2.078866
115 52 2.051179
116 10 0.439529
116 12 0.499992
116 14 0.503015
116 13 0.507091
116 11 0.744341
116 9 0.747399
116 4 0.824597
116 0 0.828554
116 2 0.895866
116 3 0.901231
116 71 0.985998
116 66 1.166473
116 25 1.238187
116 62 1.171489
116 17 1.247560
116 28 1.225424
116 30 1.241727
116 32 1.238958
116 19 1.270150
116 1 1.282564
116 59 1.201308
116 16 1.307057
116 7 1.314280
116 29 1.282624
116 15 1.350454
116 5 1.443782
116 40 1.441514
116 20 1.521609
116 70 1.440162
116 77 1.455441
116 78 1.455628
116 31 1.533546
116 65 1.553000
116 33 1.601387
116 61 1.576556
116 53 1.606366
116 56 1.669827
116 75 1.641768
116 8 1.778855
116 51 1.728689
116 18 1.787219
116 24 1.799130
116 23 1.817477
116 81 1.723025
116 73 1.778435
116 27 1.854786
116 42 1.848558
116 45 1.872267
116 72 1.851497
116 76 1.864341
116 35 1.944966
116 44 1.952073
116 37 1.980060
116 38 1.998896
116 60 1.968667
116 55 2.010493
116 22 2.122177
116 6 2.135649
116 57 2.078843
116 54 2.108247
116 64 2.254462
116 63 2.255729
116 68 2.250528
116 46 2.282035
116 50 2.292145
116 52 2.300291
116 47 2.321408
116 67 2.294049
116 21 2.372077
116 34 2.357552
116 58 2.323294
116 41 2.358531
116 74 2.320415
116 49 2.370913
116 82 2.325142
116 26 2.411076
116 36 2.402776
116 80 2.349313
116 43 2.432292
116 48 2.451736
116 69 2.422899
116 39 2.479228
116 79 2.528179
117 13 0.632798
117 8 0.691297
117 9 0.776212
117 11 0.822913
117 31 0.961342
117 70 0.952879
117 3 1.117253
117 22 1.103471
117 19 1.109490
117 30 1.116944
117 12 1.182541
117 6 1.188331
117 17 1.293661
117 2 1.304174
117 77 1.289716
117 21 1.511609
117 24 1.529968
117 66 1.468853
117 35 1.684046
117 23 1.703728
117 26 1.698017
117 40 1.681774
117 57 1.773470
117 25 1.832173
117 81 1.787583
117 45 1.860248
117 1 1.912228
117 36 1.875404
117 47 1.860829
117 32 1.928973
117 75 1.871456
117 10 1.993911
117 56 1.938063
117 5 2.063588
117 29 2.044852
117 55 2.010736
117 49 2.020857
117 62 2.002785
117 18 2.068041
117 0 2.145683
117 53 2.084105
117 38 2.106193
117 39 2.105319
117 63 2.130238
117 76 2.114232
117 16 2.198574
117 28 2.181370
117 27 2.224970
117 61 2.177508
117 65 2.173772
117 59 2.234710
117 33 2.272277
117 71 2.272586
117 54 2.294984
117 44 2.309181
117 14 2.373438
117 78 2.287732
117 4 2.404461
117 52 2.367529
117 20 2.454691
117 51 2.427962
117 73 2.524290
117 43 2.564135
117 50 2.556648
117 7 2.626317
117 69 2.566962
117 15 2.640647
117 80 2.568527
117 42 2.619575
117 64 2.604504
117 79 2.600259
117 82 2.634805
117 34 2.746043
117 68 2.744119
117 72 2.769340
117 67 2.833190
117 41 2.872597
117 48 2.864098
117 37 2.971885
117 58 2.943391
117 46 2.961683
117 60 2.942871
117 74 2.995437
118 8 0.475663
118 9 0.633889
118 11 0.690642
118 12 0.713109
118 13 0.736030
118 10 0.738578
118 44 0.776496
118 14 0.893802
118 4 1.009275
118 1 1.094911
118 0 1.096348
118 61 1.115798
118 3 1.206591
118 29 1.237898
118 21 1.287076
118 77 1.293994
118 22 1.463571
118 2 1.564883
118 20 1.553182
118 24 1.592595
118 7 1.608637
118 15 1.607608
118 23 1.698158
118 70 1.729934
118 67 1.856680
118 6 1.943779
118 59 1.877627
118 5 1.947628
118 73 1.865332
118 32 2.035668
118 36 2.032680
118 71 1.988843
118 31 2.126324
118 30 2.129465
118 27 2.233381
118 75 2.259238
118 53 2.291307
118 76 2.272214
118 19 2.372183
118 66 2.382706
118 56 2.397020
118 55 2.464665
118 58 2.461574
118 28 2.512071
118 62 2.475621
118 47 2.606927
118 60 2.682203
118 65 2.747986
118 18 2.814634
118 41 2.779750
118 33 2.794461
118 78 2.790014
118 17 3.051252
118 51 3.048325
118 82 3.006840
118 79 3.012859
118 80 3.011940
118 35 3.074347
118 25 3.108478
118 57 3.084517
118 69 3.071875
118 16 3.164528
118 64 3.114116
118 34 3.172141
118 37 3.169410
118 39 3.198434
118 72 3.157210
118 42 3.291466
118 38 3.296886
118 68 3.259252
118 63 3.266200
118 46 3.289186
118 43 3.293570
118 52 3.281806
118 49 3.288206
118 50 3.303175
118 26 3.372129
118 74 3.339437
118 81 3.330432
118 48 3.398078
118 40 3.409803
118 45 3.440831
118 54 3.482665
119 12 0.662133
119 14 0.699600
119 9 0.766721
119 77 0.935077
119 2 1.019736
119 1 1.055088
119 15 1.082894
119 3 1.116187
119 70 1.049462
119 0 1.199472
119 7 1.222529
119 5 1.225780
119 18 1.229250
119 78 1.185147
119 11 1.294305
119 28 1.288401
119 66 1.249165
119 41 1.309998
119 16 1.383303
119 76 1.334008
119 17 1.400245
119 32 1.413486
119 19 1.494843
119 62 1.457812
119 13 1.509930
119 59 1.462260
119 55 1.467490
119 44 1.491903
119 60 1.484692
119 30 1.647837
119 8 1.720432
119 10 1.721258
119 36 1.697928
119 71 1.659123
119 56 1.677754
119 61 1.674445
119 68 1.708292
119 21 1.760304
119 53 1.953038
119 33 2.096107
119 74 2.096221
119 29 2.163103
119 34 2.159899
119 26 2.200826
119 48 2.220293
119 75 2.191601
119 50 2.243260
119 58 2.252031
119 72 2.253398
119 6 2.321731
119 31 2.301950
119 45 2.329401
119 43 2.370444
119 40 2.395383
119 51 2.420535
119 39 2.436220
119 37 2.458888
119 57 2.449431
119 24 2.501721
119 46 2.496490
119 20 2.536306
119 35 2.521338
119 54 2.508404
119 23 2.561399
119 64 2.613478
119 52 2.628358
119 79 2.598525
119 49 2.634333
119 65 2.623947
119 4 2.685196
119 67 2.632761
119 63 2.662961
119 82 2.648956
119 73 2.703198
119 80 2.711250
119 22 2.798427
119 81 2.753560
119 42 2.806476
119 47 2.808230
119 25 2.858038
119 38 2.937861
119 27 2.956191
119 69 2.912134
120 10 0.645956
120 11 0.701482
120 9 0.703921
120 12 1.039242
120 8 1.042630
120 29 1.108159
120 13 1.144296
120 14 1.154040
120 5 1.288501
120 1 1.302750
120 0 1.345060
120 6 1.340409
120 31 1.404189
120 33 1.402022
120 16 1.559962
120 4 1.574966
120 20 1.559532
120 22 1.708660
120 25 1.702739
120 23 1.707605
120 61 1.571699
120 21 1.780086
120 66 1.634110
120 32 1.880265
120 7 1.926738
120 26 1.957336
120 27 2.112057
120 71 1.589774
120 34 2.099855
120 2 2.153166
120 30 2.207582
120 49 2.221915
120 53 2.275533
120 44 2.313483
120 54 2.274688
120 46 2.311257
120 52 2.291400
120 78 1.728639
120 47 2.421517
120 45 2.429097
120 19 2.491863
120 3 2.510390
120 51 2.441318
120 48 2.530552
120 18 2.608435
120 56 2.507356
120 73 2.063004
120 50 2.572490
120 70 2.162065
120 76 2.012625
120 60 2.591975
120 58 2.618693
120 59 2.598322
120 63 2.550845
120 77 2.131545
120 28 2.801417
120 62 2.639263
120 55 2.757620
120 24 2.991285
120 36 2.963404
120 57 2.893511
120 38 2.963560
120 42 2.957415
120 75 2.461849
120 65 2.841773
120 17 3.145187
120 43 3.199522
120 80 2.331997
120 15 3.266307
120 37 3.284579
120 41 3.367479
120 79 2.712526
120 68 3.108448
120 40 3.428120
120 72 3.025270
120 35 3.545441
120 39 3.538910
120 69 3.189908
120 64 3.364923
120 67 3.269708
120 82 2.561665
120 74 2.988799
120 81 2.765262
