21 1 0.180977
21 0 0.182117
21 2 0.180165
21 3 0.185902
21 9 0.182958
21 7 0.187941
21 6 0.204984
21 10 0.193752
21 5 0.219276
21 14 0.178210
21 8 0.218100
21 12 0.194666
21 4 0.239718
21 11 0.215965
21 15 0.194575
21 13 0.199114
21 20 0.154073
21 21 0.177086
21 22 0.177136
21 17 0.182932
21 19 0.224033
21 25 0.159466
21 26 0.155872
21 24 0.165647
21 16 0.256481
21 18 0.237401
21 23 0.190623
21 31 0.137763
21 32 0.137360
21 30 0.152532
21 28 0.155401
21 34 0.166484
21 36 0.160696
21 29 0.172741
21 35 0.178887
21 27 0.231140
21 33 0.200993
21 38 0.196419
21 37 0.198361
21 39 0.241565
21 44 0.253659
21 53 0.234917
21 77 0.202774
21 41 0.266246
21 47 0.259197
21 57 0.242617
21 51 0.255022
21 81 0.206512
21 42 0.268991
21 63 0.239322
21 68 0.236075
21 66 0.239171
21 71 0.238818
21 59 0.258151
21 61 0.254626
21 49 0.275825
21 75 0.242290
21 50 0.281698
21 56 0.276554
21 40 0.306232
21 43 0.299710
21 72 0.262732
21 60 0.276493
21 62 0.274188
21 65 0.273435
21 78 0.256528
21 58 0.285132
21 76 0.263628
21 74 0.268311
21 64 0.278599
21 45 0.312730
21 52 0.300690
21 82 0.248317
21 67 0.282126
21 73 0.277228
21 46 0.317721
21 69 0.282342
21 70 0.287259
21 79 0.278454
21 80 0.277760
21 55 0.315217
21 48 0.330308
21 54 0.318793
22 3 0.114377
22 0 0.120162
22 2 0.120829
22 4 0.119782
22 1 0.190746
22 5 0.203593
22 7 0.205146
22 8 0.211693
22 6 0.217107
22 11 0.240395
22 9 0.243807
22 12 0.253960
22 10 0.269635
22 14 0.289130
22 13 0.293375
22 29 0.310171
22 31 0.308678
22 28 0.311778
22 20 0.340013
22 33 0.329149
22 16 0.348737
22 63 0.337550
22 30 0.376971
22 24 0.384269
22 17 0.391999
22 34 0.376933
22 18 0.402143
22 61 0.356966
22 74 0.342747
22 36 0.385147
22 53 0.366136
22 22 0.403127
22 40 0.384864
22 46 0.382074
22 58 0.369980
22 56 0.373264
22 69 0.360167
22 38 0.391973
22 60 0.370565
22 52 0.379962
22 76 0.349835
22 26 0.408075
22 49 0.383840
22 44 0.388677
22 68 0.364020
22 75 0.352869
22 50 0.383936
22 32 0.404329
22 66 0.367215
22 43 0.391710
22 79 0.348946
22 78 0.350115
22 48 0.391079
22 42 0.396826
22 41 0.399432
22 71 0.368496
22 51 0.389895
22 35 0.406207
22 70 0.371443
22 27 0.417847
22 23 0.422884
22 77 0.361742
22 67 0.378486
22 15 0.433675
22 54 0.392860
22 47 0.401362
22 45 0.403941
22 62 0.386655
22 81 0.362170
22 80 0.363792
22 21 0.434133
22 65 0.387989
22 59 0.394602
22 73 0.380860
22 25 0.432979
22 55 0.401466
22 19 0.440913
22 57 0.401858
22 82 0.371697
22 39 0.423387
22 37 0.428410
22 72 0.393305
22 64 0.402719
23 0 0.128845
23 3 0.126963
23 1 0.173359
23 5 0.173553
23 4 0.177953
23 2 0.182883
23 10 0.188501
23 7 0.195092
23 6 0.209046
23 8 0.215058
23 13 0.235846
23 12 0.249655
23 9 0.252633
23 11 0.253964
23 14 0.251536
23 18 0.270125
23 15 0.355471
23 53 0.345666
23 29 0.378611
23 19 0.389683
23 71 0.335832
23 75 0.335157
23 32 0.383525
23 77 0.333171
23 37 0.379681
23 45 0.371520
23 73 0.342318
23 56 0.362307
23 79 0.338954
23 23 0.479085
23 51 0.448859
23 68 0.431329
23 39 0.463265
23 66 0.435555
23 65 0.436986
23 64 0.438168
23 27 0.479671
23 60 0.445172
23 35 0.474301
23 43 0.465164
23 58 0.450503
23 47 0.463512
23 21 0.492184
23 16 0.496957
23 41 0.471122
23 59 0.452146
23 46 0.466880
23 42 0.471796
23 67 0.444538
23 24 0.492083
23 30 0.485617
23 82 0.428150
23 33 0.483552
23 80 0.430861
23 31 0.486107
23 34 0.483085
23 52 0.463397
23 78 0.433902
23 57 0.457621
23 50 0.465950
23 81 0.431704
23 36 0.483018
23 62 0.454143
23 17 0.502569
23 63 0.453689
23 48 0.470273
23 22 0.499084
23 55 0.462664
23 76 0.440996
23 28 0.494467
23 38 0.485369
23 61 0.460921
23 69 0.452462
23 72 0.449760
23 25 0.502428
23 74 0.449079
23 26 0.501777
23 70 0.454422
23 44 0.485033
23 20 0.512864
23 49 0.482255
23 54 0.475940
23 40 0.496433
24 0 0.136585
24 1 0.150904
24 2 0.152233
24 3 0.187254
24 4 0.190231
24 5 0.192576
24 8 0.192824
24 7 0.213049
24 9 0.217481
24 10 0.249252
24 6 0.255772
24 12 0.251372
24 13 0.254892
24 11 0.297235
24 17 0.307947
24 14 0.320038
24 16 0.332834
24 29 0.356132
24 39 0.355108
24 33 0.362758
24 53 0.342002
24 58 0.337389
24 71 0.325646
24 74 0.322160
24 27 0.382997
24 28 0.372929
24 22 0.392791
24 44 0.358783
24 55 0.349668
24 15 0.386267
24 37 0.375843
24 31 0.384463
24 20 0.383581
24 41 0.381659
24 70 0.353581
24 61 0.362620
24 75 0.346756
24 42 0.386162
24 35 0.393427
24 51 0.378452
24 19 0.413959
24 69 0.361715
24 64 0.366906
24 26 0.407567
24 48 0.385320
24 24 0.411351
24 18 0.419105
24 78 0.353288
24 81 0.351283
24 77 0.354924
24 66 0.371569
24 32 0.408988
24 57 0.383002
24 79 0.358172
24 30 0.412664
24 56 0.385629
24 67 0.374916
24 54 0.387601
24 50 0.394614
24 21 0.426669
24 49 0.396860
24 62 0.383426
24 47 0.399385
24 59 0.387986
24 72 0.374358
24 36 0.411858
24 63 0.385053
24 65 0.383392
24 43 0.407731
24 23 0.429939
24 38 0.414022
24 40 0.412644
24 46 0.407129
24 76 0.373631
24 82 0.367940
24 34 0.423964
24 60 0.398530
24 68 0.394338
24 80 0.378491
24 52 0.411192
24 73 0.388672
24 25 0.440507
24 45 0.419528
25 3 0.116819
25 0 0.122874
25 4 0.141445
25 2 0.182395
25 5 0.180643
25 1 0.190586
25 7 0.195307
25 8 0.195358
25 9 0.201394
25 10 0.217445
25 6 0.228518
25 11 0.235637
25 14 0.240035
25 13 0.242950
25 12 0.245388
25 15 0.256076
25 18 0.282016
25 17 0.343048
25 33 0.342225
25 20 0.357609
25 44 0.348383
25 30 0.366689
25 32 0.373111
25 31 0.375986
25 28 0.379611
25 29 0.383974
25 58 0.354600
25 67 0.345760
25 19 0.399808
25 21 0.398699
25 42 0.376179
25 24 0.396627
25 40 0.379346
25 61 0.356819
25 76 0.341880
25 78 0.341004
25 64 0.355964
25 52 0.370619
25 22 0.403564
25 70 0.351234
25 43 0.381235
25 27 0.399451
25 55 0.369784
25 59 0.366756
25 26 0.403437
25 73 0.351832
25 51 0.377216
25 63 0.363675
25 36 0.393275
25 49 0.381338
25 45 0.385761
25 38 0.392921
25 23 0.410871
25 65 0.364442
25 75 0.354678
25 77 0.353819
25 66 0.364960
25 60 0.372028
25 53 0.380583
25 41 0.393085
25 16 0.419832
25 71 0.361267
25 35 0.400974
25 56 0.378657
25 48 0.388521
25 25 0.415495
25 34 0.404720
25 50 0.388838
25 47 0.393013
25 62 0.376934
25 46 0.395772
25 39 0.403421
25 81 0.357582
25 82 0.356895
25 79 0.362166
25 72 0.369125
25 68 0.374089
25 54 0.391376
25 80 0.363882
25 74 0.371206
25 57 0.389972
25 69 0.377285
25 37 0.412224
26 3 0.132481
26 0 0.148794
26 1 0.157808
26 5 0.162214
26 2 0.181312
26 8 0.193851
26 4 0.201478
26 6 0.205152
26 7 0.211582
26 13 0.208576
26 11 0.228784
26 10 0.256611
26 9 0.259350
26 12 0.258454
26 14 0.270732
26 15 0.272411
26 16 0.284574
26 17 0.313178
26 19 0.341562
26 20 0.343741
26 21 0.342560
26 51 0.323845
26 37 0.344776
26 33 0.349620
26 23 0.365068
26 63 0.314160
26 29 0.363100
26 53 0.330907
26 49 0.336432
26 39 0.350094
26 47 0.340557
26 27 0.369930
26 41 0.348589
26 58 0.332860
26 31 0.368895
26 43 0.369692
26 25 0.380490
26 56 0.347411
26 62 0.345282
26 46 0.376874
26 57 0.359873
26 54 0.365011
26 42 0.378138
26 35 0.366991
26 45 0.378718
26 44 0.380195
26 67 0.354537
26 76 0.343495
26 55 0.371790
26 22 0.416182
26 32 0.402590
26 75 0.350524
26 28 0.410556
26 38 0.397469
26 52 0.378815
26 64 0.365065
26 66 0.363439
26 72 0.357002
26 34 0.403625
26 77 0.351477
26 50 0.384960
26 65 0.368653
26 79 0.354006
26 59 0.378664
26 61 0.375797
26 30 0.417433
26 71 0.365393
26 24 0.425000
26 78 0.357629
26 74 0.362655
26 48 0.393336
26 70 0.370395
26 26 0.428159
26 18 0.440903
26 81 0.363852
26 68 0.380791
26 73 0.376529
26 36 0.422573
26 80 0.372850
26 40 0.422824
26 69 0.388669
26 60 0.403390
26 82 0.378303
27 0 0.119958
27 3 0.146560
27 1 0.148501
27 4 0.169758
27 2 0.172066
27 6 0.183831
27 5 0.189947
27 8 0.197267
27 9 0.200860
27 7 0.226216
27 12 0.226286
27 10 0.239146
27 13 0.245709
27 14 0.245551
27 11 0.250221
27 15 0.253416
27 16 0.327365
27 17 0.329388
27 19 0.353327
27 54 0.318761
27 22 0.358349
27 33 0.348429
27 21 0.366133
27 76 0.305945
27 34 0.355598
27 63 0.327179
27 30 0.364569
27 23 0.382519
27 51 0.342313
27 32 0.364212
27 71 0.320130
27 28 0.388725
27 52 0.367743
27 55 0.364942
27 37 0.387841
27 47 0.378583
27 35 0.391093
27 50 0.375715
27 57 0.368070
27 18 0.411464
27 62 0.365690
27 78 0.347681
27 69 0.359479
27 60 0.369584
27 29 0.405119
27 77 0.351130
27 31 0.404714
27 79 0.351545
27 25 0.411693
27 75 0.357431
27 81 0.351369
27 43 0.394520
27 74 0.360643
27 59 0.377456
27 68 0.368705
27 26 0.414236
27 65 0.372039
27 67 0.370745
27 42 0.398159
27 24 0.417167
27 44 0.397844
27 72 0.367219
27 61 0.379640
27 58 0.382973
27 40 0.403884
27 27 0.418733
27 70 0.372968
27 38 0.407442
27 45 0.400540
27 53 0.391649
27 82 0.360741
27 64 0.381138
27 36 0.412560
27 39 0.410675
27 46 0.405865
27 49 0.402515
27 56 0.394402
27 66 0.386259
27 41 0.415161
27 48 0.408014
27 80 0.373392
27 20 0.441300
27 73 0.382970
28 1 0.178311
28 0 0.189216
28 5 0.186561
28 2 0.190477
28 4 0.212026
28 3 0.213026
28 6 0.224250
28 9 0.224129
28 12 0.256713
28 11 0.260165
28 14 0.259601
28 8 0.268915
28 15 0.276510
28 7 0.283664
28 32 0.303331
28 41 0.298902
28 23 0.325546
28 30 0.319186
28 13 0.340467
28 29 0.321307
28 18 0.334090
28 33 0.321723
28 28 0.321769
28 26 0.329346
28 21 0.342605
28 36 0.327618
28 25 0.339683
28 16 0.351652
28 40 0.328199
28 44 0.326058
28 17 0.354621
28 43 0.327668
28 42 0.328901
28 35 0.339425
28 27 0.347427
28 31 0.346611
28 38 0.362072
28 39 0.361348
28 20 0.383750
28 45 0.358917
28 10 0.393537
28 34 0.371434
28 22 0.383950
28 46 0.364036
28 68 0.340651
28 24 0.387041
28 78 0.210656
28 47 0.365999
28 63 0.351072
28 48 0.366929
28 70 0.345776
28 19 0.398980
28 62 0.356076
28 76 0.223150
28 58 0.362323
28 59 0.362641
28 75 0.226521
28 37 0.389558
28 56 0.371082
28 52 0.377939
28 81 0.225275
28 53 0.378147
28 50 0.382023
28 69 0.362118
28 54 0.379360
28 64 0.369238
28 72 0.260729
28 77 0.237177
28 79 0.235603
28 60 0.378100
28 73 0.257659
28 67 0.374442
28 82 0.237579
28 57 0.385981
28 74 0.255727
28 66 0.382467
28 61 0.389890
28 65 0.385195
28 49 0.403502
28 51 0.401693
28 80 0.249021
28 71 0.282670
28 55 0.398258
29 0 0.134013
29 7 0.169351
29 3 0.186081
29 5 0.194673
29 4 0.198323
29 1 0.219683
29 8 0.217766
29 6 0.225081
29 10 0.238563
29 2 0.248090
29 13 0.257871
29 14 0.257800
29 9 0.266357
29 12 0.264634
29 11 0.269672
29 15 0.398014
29 30 0.383707
29 51 0.362089
29 70 0.340759
29 53 0.361884
29 62 0.352621
29 75 0.348180
29 16 0.415312
29 59 0.371442
29 31 0.414286
29 73 0.377066
29 23 0.458446
29 18 0.463795
29 35 0.453781
29 25 0.473812
29 41 0.463641
29 32 0.480975
29 17 0.508297
29 37 0.487260
29 67 0.457484
29 39 0.487894
29 54 0.472371
29 43 0.484531
29 29 0.500916
29 77 0.447534
29 79 0.445510
29 61 0.467184
29 57 0.472254
29 65 0.463931
29 48 0.482805
29 28 0.504654
29 34 0.499017
29 49 0.483559
29 69 0.461344
29 74 0.456533
29 44 0.489243
29 21 0.515269
29 33 0.502704
29 71 0.461690
29 27 0.510847
29 20 0.521428
29 56 0.483141
29 63 0.475643
29 45 0.495236
29 64 0.475590
29 38 0.502933
29 81 0.456158
29 60 0.481457
29 55 0.488162
29 78 0.462999
29 58 0.487381
29 66 0.478797
29 76 0.467377
29 40 0.512959
29 68 0.484826
29 24 0.548225
29 47 0.523510
29 46 0.525022
29 50 0.521787
29 42 0.531064
29 52 0.522929
29 22 0.560106
29 26 0.557855
29 72 0.508602
29 80 0.498892
29 36 0.549202
29 19 0.569537
29 82 0.503676
30 1 0.156041
30 0 0.157765
30 2 0.167242
30 4 0.176074
30 3 0.189523
30 5 0.195211
30 8 0.210311
30 9 0.215760
30 6 0.225842
30 10 0.242115
30 13 0.252691
30 11 0.254808
30 12 0.254216
30 7 0.261990
30 14 0.256661
30 15 0.345277
30 18 0.351197
30 19 0.399662
30 77 0.334734
30 28 0.389895
30 31 0.389446
30 32 0.389186
30 54 0.370342
30 21 0.407817
30 58 0.366090
30 30 0.398164
30 38 0.389220
30 20 0.410631
30 71 0.354458
30 79 0.343981
30 53 0.375104
30 37 0.393482
30 61 0.368069
30 51 0.379264
30 16 0.418242
30 73 0.355660
30 23 0.411011
30 29 0.405804
30 63 0.368567
30 25 0.411100
30 40 0.394910
30 34 0.403027
30 27 0.411171
30 76 0.357157
30 35 0.403646
30 66 0.369438
30 70 0.365019
30 81 0.351387
30 41 0.403943
30 24 0.424453
30 59 0.387314
30 62 0.385075
30 49 0.399634
30 22 0.430212
30 48 0.402311
30 33 0.419531
30 78 0.368799
30 43 0.410676
30 64 0.388121
30 46 0.408142
30 72 0.384332
30 44 0.414131
30 69 0.389556
30 47 0.414431
30 60 0.400278
30 75 0.385681
30 56 0.407417
30 57 0.406632
30 82 0.381070
30 42 0.427374
30 45 0.423925
30 80 0.386670
30 26 0.451877
30 74 0.398958
30 65 0.409080
30 55 0.420917
30 67 0.407933
30 52 0.425110
30 50 0.429530
30 17 0.466724
30 39 0.442973
30 68 0.413804
30 36 0.450913
31 5 0.203342
31 0 0.220300
31 2 0.222015
31 1 0.225443
31 3 0.253619
31 9 0.263799
31 4 0.273307
31 8 0.269917
31 6 0.273323
31 11 0.264019
31 14 0.245155
31 13 0.253402
31 10 0.276595
31 12 0.271443
31 7 0.293954
31 16 0.272656
31 15 0.296551
31 22 0.151253
31 17 0.291380
31 19 0.211025
31 18 0.215958
31 21 0.188049
31 20 0.203713
31 24 0.197053
31 23 0.211149
31 25 0.195077
31 26 0.200050
31 29 0.196753
31 31 0.199889
31 28 0.205314
31 33 0.231095
31 30 0.251173
31 27 0.272294
31 32 0.321878
31 75 0.271239
31 51 0.305636
31 35 0.345510
31 40 0.338834
31 77 0.297037
31 53 0.331815
31 36 0.357074
31 49 0.344325
31 38 0.395693
31 61 0.367718
31 58 0.371754
31 57 0.373725
31 67 0.361467
31 55 0.377159
31 78 0.345684
31 45 0.390731
31 79 0.344628
31 66 0.366013
31 37 0.403306
31 70 0.362386
31 59 0.376273
31 63 0.372717
31 81 0.345666
31 47 0.391527
31 41 0.399763
31 43 0.397711
31 46 0.395253
31 56 0.384766
31 42 0.401653
31 44 0.399553
31 62 0.380243
31 50 0.396471
31 72 0.371659
31 76 0.368627
31 64 0.388062
31 74 0.372121
31 54 0.401354
31 34 0.433126
31 52 0.410929
31 65 0.399003
31 71 0.392474
31 39 0.437238
31 68 0.408932
31 69 0.412211
31 60 0.427022
31 73 0.412028
31 48 0.445248
31 80 0.403807
31 82 0.406325
32 0 0.166004
32 5 0.188992
32 1 0.194044
32 2 0.199203
32 3 0.206107
32 6 0.213299
32 4 0.235395
32 7 0.234385
32 14 0.234379
32 13 0.237718
32 10 0.253183
32 9 0.283021
32 11 0.287469
32 8 0.304333
32 12 0.304762
32 56 0.374991
32 44 0.387829
32 19 0.415367
32 45 0.400900
32 20 0.431198
32 26 0.425922
32 23 0.429540
32 35 0.417131
32 46 0.406346
32 34 0.423125
32 74 0.382668
32 43 0.415937
32 30 0.429981
32 18 0.465640
32 36 0.446110
32 42 0.440335
32 38 0.445143
32 16 0.471158
32 28 0.455766
32 66 0.420637
32 24 0.466297
32 81 0.408515
32 76 0.414752
32 72 0.419191
32 62 0.434760
32 71 0.425700
32 32 0.466459
32 68 0.430245
32 69 0.429659
32 52 0.448843
32 80 0.423359
32 39 0.467647
32 70 0.438890
32 58 0.452858
32 65 0.445806
32 15 0.502065
32 78 0.433780
32 27 0.487974
32 57 0.456385
32 50 0.464349
32 17 0.502974
32 75 0.440465
32 77 0.438736
32 22 0.497568
32 53 0.465318
32 29 0.490817
32 49 0.471419
32 31 0.490820
32 63 0.459940
32 48 0.479077
32 79 0.447768
32 33 0.495367
32 59 0.469946
32 64 0.465925
32 61 0.470118
32 73 0.459450
32 51 0.481762
32 54 0.479646
32 40 0.498958
32 25 0.517097
32 41 0.499717
32 21 0.522870
32 82 0.462377
32 67 0.478866
32 60 0.488300
32 55 0.503934
32 47 0.512789
32 37 0.534401
33 0 0.161764
33 2 0.165078
33 3 0.175156
33 4 0.190544
33 8 0.190908
33 1 0.206998
33 5 0.215729
33 9 0.216331
33 7 0.226677
33 11 0.230132
33 10 0.245844
33 6 0.259127
33 14 0.253961
33 13 0.255278
33 12 0.259547
33 17 0.287939
33 28 0.404706
33 16 0.418410
33 29 0.405385
33 62 0.381514
33 30 0.419589
33 77 0.370270
33 31 0.433078
33 56 0.408985
33 15 0.454898
33 22 0.448164
33 55 0.410985
33 18 0.453617
33 20 0.452092
33 34 0.445617
33 21 0.460102
33 41 0.438125
33 57 0.419401
33 33 0.450240
33 58 0.422532
33 27 0.459297
33 48 0.437566
33 40 0.447878
33 45 0.443152
33 44 0.444704
33 52 0.436059
33 59 0.427870
33 46 0.445265
33 66 0.424336
33 35 0.459326
33 36 0.459556
33 70 0.423882
33 51 0.445076
33 24 0.476635
33 65 0.432296
33 71 0.427111
33 26 0.476904
33 53 0.447092
33 76 0.423251
33 75 0.425066
33 32 0.474447
33 78 0.422465
33 19 0.488589
33 49 0.455769
33 54 0.449804
33 38 0.471751
33 42 0.466821
33 61 0.447285
33 64 0.445701
33 25 0.490255
33 69 0.442452
33 73 0.440224
33 81 0.433215
33 23 0.501094
33 63 0.457521
33 43 0.481263
33 79 0.441663
33 82 0.441403
33 68 0.460112
33 80 0.446749
33 37 0.499122
33 72 0.461181
33 74 0.458709
33 47 0.489595
33 60 0.474428
33 67 0.470797
33 50 0.489788
33 39 0.507735
34 0 0.155320
34 2 0.169429
34 4 0.181210
34 3 0.184818
34 1 0.210597
34 5 0.211062
34 9 0.209170
34 8 0.215652
34 10 0.244196
34 7 0.253035
34 11 0.256900
34 14 0.258196
34 13 0.263077
34 12 0.264722
34 6 0.270366
34 17 0.332891
34 44 0.366599
34 18 0.395560
34 31 0.381756
34 30 0.385875
34 28 0.395908
34 71 0.348719
34 15 0.411309
34 38 0.397306
34 29 0.398051
34 20 0.410386
34 32 0.394213
34 21 0.413339
34 22 0.409882
34 26 0.428159
34 35 0.418345
34 19 0.436501
34 37 0.417154
34 42 0.411787
34 66 0.385072
34 64 0.386800
34 34 0.421981
34 55 0.398939
34 63 0.389734
34 59 0.395399
34 33 0.426015
34 53 0.405272
34 77 0.379888
34 58 0.406408
34 43 0.425403
34 23 0.448508
34 67 0.399738
34 78 0.397055
34 56 0.422568
34 36 0.446475
34 65 0.416217
34 74 0.407599
34 76 0.405553
34 41 0.445657
34 61 0.423383
34 47 0.441116
34 75 0.410416
34 52 0.437277
34 45 0.444946
34 24 0.469064
34 57 0.432630
34 16 0.478993
34 46 0.445957
34 70 0.419714
34 51 0.441740
34 69 0.423000
34 25 0.472762
34 60 0.433037
34 62 0.430818
34 82 0.409721
34 40 0.457189
34 68 0.430687
34 80 0.418008
34 73 0.426319
34 81 0.419223
34 72 0.429240
34 50 0.456964
34 79 0.425935
34 48 0.460787
34 49 0.459685
34 27 0.485080
34 54 0.457281
34 39 0.477317
35 0 0.186646
35 5 0.195519
35 10 0.200990
35 8 0.206752
35 3 0.214937
35 1 0.224273
35 4 0.225903
35 9 0.229074
35 2 0.250402
35 12 0.260607
35 11 0.266182
35 13 0.265026
35 14 0.265315
35 6 0.273774
35 7 0.311232
35 28 0.369798
35 17 0.384674
35 29 0.407498
35 50 0.390859
35 16 0.433947
35 47 0.414498
35 19 0.447545
35 22 0.444560
35 44 0.420827
35 21 0.475739
35 32 0.465968
35 20 0.479861
35 38 0.463608
35 56 0.445058
35 77 0.422787
35 27 0.477303
35 51 0.451985
35 30 0.474251
35 79 0.422133
35 75 0.432807
35 66 0.442559
35 74 0.434897
35 31 0.483199
35 54 0.459140
35 71 0.441762
35 26 0.491091
35 55 0.460353
35 35 0.481810
35 33 0.485068
35 15 0.506827
35 53 0.473297
35 46 0.481005
35 82 0.442936
35 42 0.485600
35 24 0.507400
35 69 0.458857
35 39 0.492419
35 23 0.511183
35 62 0.467939
35 59 0.473147
35 78 0.452469
35 45 0.489194
35 67 0.466062
35 61 0.473734
35 25 0.513297
35 70 0.464191
35 60 0.478926
35 64 0.476597
35 72 0.468654
35 52 0.492872
35 43 0.507559
35 76 0.477406
35 41 0.515681
35 68 0.491087
35 49 0.513058
35 18 0.547636
35 37 0.526036
35 34 0.530421
35 80 0.481809
35 57 0.506505
35 65 0.499476
35 58 0.516212
35 40 0.537040
35 36 0.541321
35 48 0.529896
35 73 0.503457
35 81 0.497660
35 63 0.525832
36 1 0.147062
36 0 0.158520
36 9 0.179788
36 2 0.193689
36 8 0.198609
36 3 0.208485
36 6 0.212542
36 4 0.227546
36 12 0.225921
36 5 0.259002
36 11 0.254650
36 7 0.261915
36 13 0.262285
36 14 0.270450
36 10 0.277677
36 15 0.292154
36 18 0.288545
36 16 0.388592
36 19 0.388921
36 28 0.382471
36 71 0.325208
36 17 0.401150
36 34 0.383338
36 56 0.350071
36 32 0.388172
36 24 0.401761
36 50 0.358707
36 64 0.343830
36 42 0.376265
36 21 0.406376
36 29 0.395753
36 76 0.352822
36 22 0.443094
36 31 0.429743
36 58 0.387984
36 38 0.419355
36 40 0.417360
36 78 0.369072
36 59 0.388970
36 48 0.402690
36 62 0.391672
36 30 0.438488
36 68 0.379542
36 80 0.368292
36 27 0.453566
36 43 0.442942
36 70 0.406813
36 26 0.467734
36 44 0.441251
36 74 0.404761
36 53 0.428688
36 20 0.488699
36 46 0.452348
36 54 0.443313
36 66 0.431355
36 36 0.471905
36 65 0.432811
36 55 0.444544
36 63 0.435498
36 41 0.469462
36 67 0.433530
36 25 0.495733
36 52 0.452183
36 47 0.458511
36 60 0.443693
36 82 0.414446
36 77 0.420225
36 73 0.434091
36 37 0.482588
36 33 0.491447
36 61 0.456348
36 72 0.446795
36 79 0.435902
36 81 0.434896
36 51 0.477560
36 75 0.452429
36 69 0.461442
36 57 0.474292
36 23 0.529166
36 45 0.492863
36 49 0.490131
36 39 0.514656
36 35 0.523821
37 0 0.190046
37 2 0.192624
37 4 0.216950
37 5 0.219561
37 3 0.227112
37 1 0.232654
37 6 0.236849
37 9 0.237831
37 8 0.239742
37 7 0.247229
37 10 0.249082
37 13 0.256834
37 14 0.266768
37 11 0.272822
37 15 0.304169
37 18 0.322426
37 12 0.338006
37 31 0.373902
37 59 0.359741
37 44 0.377649
37 62 0.361777
37 29 0.409527
37 26 0.418883
37 33 0.412069
37 37 0.421763
37 28 0.473736
37 56 0.443695
37 65 0.432870
37 38 0.464318
37 35 0.467794
37 78 0.419960
37 36 0.467334
37 16 0.490629
37 58 0.442790
37 45 0.458796
37 47 0.457408
37 57 0.445494
37 17 0.491989
37 30 0.476510
37 61 0.442961
37 22 0.486793
37 32 0.476109
37 21 0.488950
37 64 0.440565
37 53 0.454361
37 24 0.486535
37 77 0.429003
37 72 0.440249
37 34 0.483583
37 71 0.441696
37 76 0.438836
37 25 0.495797
37 75 0.440795
37 66 0.453345
37 23 0.504836
37 20 0.509646
37 70 0.457181
37 46 0.488087
37 27 0.509854
37 54 0.489440
37 67 0.477992
37 74 0.472055
37 50 0.499124
37 43 0.514507
37 73 0.482655
37 63 0.495423
37 48 0.513486
37 69 0.490935
37 68 0.492797
37 80 0.479970
37 52 0.513449
37 19 0.551267
37 40 0.527765
37 60 0.508624
37 82 0.484526
37 42 0.532273
37 81 0.492686
37 39 0.540672
37 79 0.496182
37 41 0.540839
37 49 0.539849
37 51 0.539899
37 55 0.539524
38 3 0.155535
38 1 0.212746
38 8 0.207969
38 5 0.219776
38 9 0.199508
38 0 0.243695
38 10 0.172661
38 2 0.262480
38 11 0.124071
38 12 0.124261
38 13 0.132102
38 4 0.306915
38 14 0.136465
38 7 0.310412
38 6 0.320970
38 18 0.185477
38 15 0.207657
38 16 0.203698
38 20 0.226648
38 19 0.244120
38 17 0.260946
38 22 0.239315
38 28 0.226778
38 30 0.228092
38 21 0.259406
38 23 0.260659
38 29 0.241947
38 24 0.280501
38 26 0.277965
38 31 0.275123
38 25 0.299942
38 32 0.276320
38 33 0.297528
38 27 0.321534
38 34 0.349403
38 44 0.335385
38 36 0.385908
38 78 0.277636
38 38 0.416444
38 40 0.411787
38 76 0.294054
38 56 0.366858
38 53 0.377457
38 41 0.431619
38 60 0.371312
38 62 0.371127
38 74 0.334623
38 66 0.382981
38 42 0.450949
38 70 0.376179
38 59 0.404612
38 48 0.438780
38 35 0.493137
38 55 0.429010
38 63 0.416290
38 39 0.496583
38 58 0.431897
38 37 0.503090
38 43 0.485066
38 68 0.416081
38 61 0.433005
38 45 0.479505
38 64 0.431654
38 71 0.403969
38 75 0.391450
38 46 0.487400
38 72 0.400748
38 80 0.377518
38 77 0.402364
38 50 0.494465
38 82 0.403535
38 69 0.463805
38 73 0.438829
38 65 0.487056
38 51 0.517635
38 54 0.514969
38 52 0.531475
38 57 0.525161
38 79 0.452694
38 47 0.559996
38 67 0.514393
38 49 0.553193
38 81 0.469760
39 5 0.193411
39 0 0.199217
39 3 0.206290
39 8 0.217925
39 2 0.224599
39 1 0.243546
39 4 0.247096
39 9 0.256283
39 10 0.264706
39 12 0.271286
39 6 0.276264
39 7 0.277733
39 13 0.284472
39 14 0.306795
39 11 0.337110
39 20 0.335637
39 29 0.365067
39 33 0.361076
39 55 0.344652
39 28 0.373860
39 32 0.371002
39 19 0.385392
39 39 0.366855
39 44 0.364734
39 30 0.394487
39 75 0.353446
39 41 0.396009
39 23 0.418451
39 25 0.417020
39 48 0.394384
39 66 0.376168
39 18 0.428899
39 21 0.430752
39 62 0.387584
39 63 0.387701
39 24 0.431934
39 78 0.276027
39 45 0.410035
39 81 0.256221
39 46 0.418223
39 61 0.403754
39 80 0.278279
39 58 0.411698
39 54 0.417055
39 34 0.439771
39 71 0.397635
39 52 0.420600
39 76 0.392899
39 42 0.432233
39 77 0.294223
39 17 0.460692
39 56 0.433963
39 16 0.477519
39 43 0.449378
39 31 0.462991
39 35 0.461212
39 67 0.426861
39 40 0.456533
39 51 0.445706
39 27 0.476573
39 53 0.450953
39 49 0.456435
39 74 0.428991
39 15 0.494347
39 72 0.437069
39 47 0.466906
39 82 0.310717
39 36 0.479865
39 70 0.443073
39 64 0.450713
39 22 0.499165
39 37 0.485433
39 73 0.445332
39 59 0.465489
39 68 0.456166
39 26 0.502426
39 79 0.350279
39 69 0.464718
39 50 0.494146
39 38 0.507590
39 57 0.488367
39 65 0.488402
39 60 0.497730
40 3 0.160558
40 0 0.181075
40 2 0.176999
40 5 0.174265
40 1 0.218278
40 6 0.215772
40 8 0.201081
40 4 0.243691
40 11 0.157947
40 10 0.159958
40 13 0.143120
40 9 0.234278
40 12 0.156332
40 7 0.292770
40 16 0.189781
40 14 0.199762
40 21 0.213914
40 17 0.222990
40 18 0.228561
40 19 0.232803
40 15 0.250723
40 22 0.297504
40 23 0.297222
40 24 0.319271
40 20 0.355922
40 78 0.262854
40 32 0.353385
40 26 0.370701
40 25 0.380064
40 63 0.338603
40 29 0.388420
40 38 0.397612
40 61 0.369584
40 70 0.358277
40 30 0.413376
40 50 0.385131
40 60 0.371459
40 40 0.397969
40 71 0.363672
40 56 0.384564
40 45 0.398974
40 76 0.360058
40 48 0.411186
40 58 0.398718
40 44 0.418338
40 66 0.390861
40 54 0.406033
40 31 0.444460
40 80 0.375930
40 34 0.448722
40 75 0.395393
40 52 0.443347
40 28 0.478620
40 53 0.449301
40 55 0.448386
40 82 0.408258
40 36 0.477833
40 72 0.434706
40 74 0.437160
40 51 0.467844
40 67 0.452681
40 33 0.499305
40 77 0.434201
40 42 0.487277
40 81 0.426083
40 79 0.430913
40 49 0.482765
40 68 0.459927
40 59 0.479694
40 47 0.498236
40 35 0.517928
40 27 0.537149
40 37 0.531606
40 69 0.497750
40 62 0.509049
40 46 0.534544
40 43 0.541276
40 65 0.520648
40 41 0.556995
40 39 0.563369
40 64 0.540547
40 57 0.553294
40 73 0.543314
41 5 0.200584
41 0 0.213108
41 9 0.209590
41 1 0.237068
41 3 0.250188
41 2 0.260237
41 10 0.256548
41 4 0.276086
41 8 0.277093
41 6 0.278920
41 13 0.284022
41 11 0.293778
41 14 0.296366
41 12 0.298296
41 7 0.309446
41 15 0.357335
41 32 0.377347
41 61 0.373649
41 33 0.409697
41 71 0.377595
41 54 0.395478
41 28 0.449923
41 19 0.459681
41 21 0.460728
41 70 0.417935
41 62 0.437604
41 50 0.469012
41 64 0.454057
41 63 0.455923
41 18 0.504998
41 38 0.484637
41 40 0.483065
41 30 0.495697
41 24 0.505222
41 44 0.489453
41 74 0.458478
41 56 0.486732
41 72 0.470635
41 46 0.516561
41 29 0.543098
41 60 0.510025
41 42 0.530392
41 67 0.502958
41 59 0.513065
41 25 0.551069
41 36 0.539023
41 49 0.524139
41 58 0.515457
41 75 0.497705
41 53 0.521368
41 77 0.499036
41 66 0.510898
41 17 0.564267
41 78 0.499329
41 16 0.565366
41 31 0.549818
41 76 0.501770
41 43 0.542431
41 34 0.556189
41 68 0.520822
41 82 0.508351
41 26 0.569462
41 51 0.542219
41 81 0.513106
41 48 0.553411
41 79 0.524210
41 27 0.581258
41 73 0.534790
41 45 0.570891
41 41 0.575402
41 65 0.552149
41 69 0.549029
41 39 0.582907
41 23 0.600440
41 52 0.571683
41 35 0.599672
41 20 0.618502
41 22 0.618106
41 55 0.585893
41 57 0.584719
41 80 0.560673
41 37 0.610448
41 47 0.622789
42 1 0.166601
42 0 0.182131
42 9 0.145864
42 8 0.150013
42 3 0.220487
42 10 0.184262
42 2 0.264320
42 11 0.166555
42 5 0.242855
42 13 0.130210
42 12 0.142641
42 7 0.230424
42 4 0.266508
42 6 0.276909
42 14 0.191989
42 20 0.208624
42 15 0.225799
42 16 0.225060
42 17 0.221221
42 21 0.246926
42 23 0.260862
42 18 0.291761
42 19 0.289905
42 22 0.279465
42 28 0.263582
42 24 0.284393
42 31 0.264065
42 29 0.268060
42 26 0.279600
42 32 0.272655
42 33 0.269260
42 25 0.291149
42 30 0.279822
42 27 0.301094
42 34 0.291175
42 35 0.406146
42 37 0.394721
42 39 0.390953
42 75 0.304957
42 41 0.401529
42 70 0.350953
42 78 0.324238
42 62 0.363481
42 40 0.414670
42 59 0.369683
42 71 0.358292
42 77 0.333226
42 52 0.382808
42 55 0.379604
42 49 0.395834
42 67 0.377053
42 47 0.404088
42 51 0.408355
42 45 0.430378
42 42 0.443400
42 57 0.411569
42 44 0.443124
42 65 0.404490
42 58 0.421834
42 66 0.414241
42 73 0.403024
42 69 0.420162
42 61 0.439176
42 76 0.401415
42 53 0.452719
42 60 0.447317
42 46 0.467451
42 81 0.403715
42 56 0.464069
42 74 0.438045
42 64 0.464619
42 43 0.510898
42 48 0.488167
42 63 0.470670
42 38 0.528349
42 54 0.485461
42 79 0.437847
42 72 0.463721
42 50 0.498677
42 82 0.433003
42 68 0.475485
42 80 0.440821
42 36 0.547805
43 5 0.184088
43 0 0.201795
43 3 0.208102
43 8 0.208161
43 9 0.222510
43 2 0.247301
43 4 0.261516
43 14 0.254336
43 1 0.267145
43 10 0.275028
43 11 0.277485
43 7 0.283038
43 13 0.287760
43 12 0.316185
43 6 0.371718
43 32 0.395470
43 31 0.472539
43 77 0.422632
43 15 0.489439
43 71 0.429661
43 19 0.487506
43 70 0.432275
43 17 0.490139
43 48 0.456181
43 16 0.491915
43 56 0.448647
43 33 0.475277
43 29 0.478912
43 20 0.489673
43 28 0.481004
43 30 0.479306
43 44 0.465472
43 62 0.446203
43 78 0.430791
43 51 0.460391
43 63 0.460242
43 66 0.457635
43 35 0.494563
43 46 0.486016
43 34 0.526583
43 61 0.499372
43 76 0.483912
43 53 0.510210
43 45 0.521227
43 59 0.506337
43 38 0.530717
43 25 0.545177
43 18 0.553158
43 23 0.548054
43 69 0.498023
43 26 0.545365
43 75 0.492892
43 57 0.512994
43 81 0.488808
43 41 0.533217
43 42 0.532959
43 49 0.524488
43 47 0.533130
43 22 0.564838
43 54 0.546059
43 60 0.550721
43 65 0.547681
43 72 0.545544
43 74 0.543625
43 21 0.605121
43 24 0.601490
43 82 0.540822
43 80 0.544572
43 27 0.602628
43 68 0.562310
43 58 0.575413
43 39 0.596521
43 50 0.584339
43 36 0.601876
43 40 0.599042
43 43 0.597436
43 67 0.571448
43 37 0.618146
43 73 0.579365
43 52 0.611066
43 64 0.601098
43 79 0.586885
43 55 0.613496
44 9 0.226576
44 0 0.234643
44 10 0.232954
44 11 0.235182
44 8 0.263554
44 4 0.277193
44 2 0.293403
44 14 0.291550
44 1 0.308126
44 12 0.306795
44 3 0.322898
44 5 0.332029
44 13 0.411940
44 6 0.432160
44 7 0.460555
44 29 0.477595
44 17 0.522124
44 18 0.521514
44 59 0.476074
44 61 0.483100
44 31 0.515162
44 40 0.511115
44 15 0.532654
44 78 0.477133
44 75 0.480988
44 57 0.506228
44 80 0.485741
44 73 0.495671
44 19 0.568810
44 64 0.524238
44 70 0.535081
44 71 0.535330
44 28 0.599419
44 53 0.569311
44 55 0.566955
44 56 0.568580
44 77 0.550010
44 35 0.600702
44 44 0.591528
44 25 0.622578
44 23 0.626287
44 63 0.587506
44 33 0.631770
44 76 0.599472
44 30 0.656022
44 16 0.673076
44 37 0.651733
44 67 0.657386
44 52 0.675510
44 60 0.667532
44 47 0.681802
44 49 0.679670
44 69 0.657146
44 43 0.717880
44 66 0.694045
44 79 0.677969
44 42 0.726827
44 51 0.715330
44 62 0.704985
44 39 0.734842
44 36 0.737419
44 38 0.739927
44 32 0.746962
44 45 0.732144
44 20 0.764788
44 24 0.777296
44 48 0.786332
44 72 0.770646
44 26 0.830340
44 68 0.779871
44 65 0.791735
44 81 0.773569
44 21 0.846483
44 50 0.814678
44 41 0.829130
44 46 0.821752
44 27 0.848829
44 54 0.819822
44 22 0.866689
44 82 0.798601
44 74 0.811895
44 34 0.861016
44 58 0.859797
45 12 0.190057
45 8 0.236836
45 6 0.353323
45 0 0.365930
45 14 0.321931
45 4 0.365172
45 2 0.369877
45 10 0.345392
45 5 0.397258
45 9 0.380685
45 3 0.407821
45 1 0.410441
45 13 0.376064
45 20 0.384312
45 11 0.469698
45 7 0.493453
45 32 0.264782
45 19 0.452297
45 25 0.434336
45 29 0.318760
45 30 0.316216
45 28 0.357749
45 15 0.496222
45 26 0.456992
45 22 0.476092
45 27 0.440814
45 16 0.508245
45 18 0.511252
45 31 0.332535
45 17 0.522695
45 24 0.556650
45 23 0.565232
45 21 0.596091
45 37 0.348667
45 38 0.353050
45 34 0.384944
45 33 0.449179
45 40 0.376024
45 53 0.346672
45 41 0.450348
45 36 0.460578
45 76 0.253098
45 59 0.328355
45 39 0.490038
45 35 0.499605
45 62 0.311921
45 52 0.425865
45 56 0.336553
45 44 0.421857
45 75 0.285364
45 77 0.289066
45 50 0.450844
45 47 0.452841
45 43 0.459705
45 51 0.464600
45 49 0.468697
45 61 0.389237
45 45 0.483951
45 46 0.486324
45 71 0.353603
45 78 0.343388
45 48 0.495662
45 66 0.374022
45 70 0.379262
45 54 0.511990
45 63 0.413073
45 42 0.590140
45 80 0.392869
45 79 0.399144
45 69 0.421925
45 58 0.467651
45 64 0.463276
45 60 0.494256
45 57 0.499239
45 82 0.430410
45 55 0.570928
45 68 0.472212
45 65 0.483253
45 72 0.478456
45 81 0.465224
45 67 0.500472
45 73 0.488896
45 74 0.490010
46 9 0.219859
46 5 0.275123
46 11 0.269499
46 3 0.300192
46 14 0.256551
46 12 0.260251
46 8 0.299706
46 7 0.310874
46 4 0.315108
46 10 0.303951
46 0 0.337692
46 13 0.287865
46 1 0.356404
46 2 0.354445
46 6 0.459745
46 16 0.347365
46 18 0.362823
46 30 0.190577
46 15 0.435962
46 17 0.405985
46 28 0.220676
46 20 0.307048
46 19 0.438145
46 21 0.354855
46 32 0.279127
46 33 0.299744
46 26 0.313665
46 31 0.310362
46 22 0.352597
46 27 0.362751
46 29 0.431955
46 24 0.465643
46 53 0.436746
46 35 0.492245
46 39 0.480672
46 38 0.483267
46 41 0.473923
46 76 0.401458
46 40 0.482210
46 25 0.505889
46 70 0.426389
46 59 0.447976
46 77 0.404177
46 71 0.436185
46 23 0.538225
46 37 0.522198
46 46 0.500615
46 78 0.435244
46 66 0.478018
46 62 0.487427
46 43 0.526144
46 44 0.539730
46 73 0.496402
46 61 0.543832
46 48 0.565059
46 79 0.484340
46 49 0.563393
46 36 0.602225
46 65 0.546652
46 75 0.532190
46 55 0.572646
46 52 0.580067
46 60 0.578139
46 47 0.603512
46 63 0.586607
46 56 0.597938
46 42 0.625960
46 74 0.571411
46 81 0.522914
46 51 0.613742
46 45 0.626486
46 34 0.669816
46 64 0.608454
46 67 0.602502
46 57 0.623726
46 68 0.613683
46 54 0.641205
46 69 0.619736
46 50 0.658620
46 72 0.623303
46 58 0.661793
46 82 0.585028
46 80 0.607103
47 8 0.225662
47 12 0.233357
47 0 0.253988
47 4 0.260282
47 11 0.267083
47 10 0.283886
47 9 0.301311
47 1 0.312991
47 2 0.327135
47 13 0.342890
47 3 0.459949
47 14 0.451142
47 7 0.496672
47 6 0.521229
47 32 0.539577
47 16 0.563149
47 5 0.576173
47 24 0.552645
47 28 0.544767
47 78 0.479469
47 66 0.496394
47 25 0.556103
47 23 0.557673
47 27 0.552359
47 40 0.531941
47 22 0.560992
47 30 0.553244
47 75 0.492800
47 35 0.569953
47 44 0.553955
47 15 0.602690
47 34 0.575088
47 81 0.519930
47 48 0.559119
47 71 0.531545
47 41 0.580789
47 46 0.572814
47 39 0.586220
47 63 0.560277
47 31 0.606598
47 21 0.629816
47 19 0.645732
47 80 0.580353
47 60 0.604504
47 33 0.645040
47 26 0.655501
47 82 0.586869
47 52 0.624750
47 62 0.612890
47 29 0.662102
47 67 0.610399
47 77 0.607032
47 61 0.627579
47 59 0.630043
47 76 0.612261
47 17 0.695558
47 56 0.642259
47 65 0.633960
47 70 0.628074
47 53 0.650867
47 37 0.678586
47 38 0.690927
47 20 0.723805
47 49 0.684531
47 57 0.679503
47 74 0.659878
47 68 0.673795
47 42 0.713581
47 36 0.732820
47 50 0.713634
47 58 0.703361
47 54 0.718202
47 43 0.733118
47 18 0.767638
47 47 0.728932
47 64 0.725211
47 45 0.747245
47 51 0.742388
47 73 0.725559
47 69 0.733725
47 72 0.732079
47 55 0.767704
47 79 0.749701
48 3 0.240930
48 4 0.255762
48 2 0.268405
48 9 0.268498
48 8 0.285267
48 0 0.299789
48 11 0.306595
48 14 0.308053
48 12 0.312051
48 5 0.330854
48 7 0.373516
48 13 0.374083
48 10 0.412287
48 6 0.419243
48 31 0.435237
48 32 0.437387
48 1 0.495255
48 76 0.436107
48 29 0.510491
48 17 0.523012
48 65 0.477849
48 56 0.499572
48 18 0.547072
48 22 0.558676
48 63 0.537475
48 50 0.554041
48 78 0.522121
48 26 0.625767
48 53 0.598359
48 60 0.590233
48 47 0.605969
48 15 0.641444
48 35 0.620026
48 39 0.616452
48 43 0.614028
48 23 0.637899
48 36 0.627533
48 61 0.601760
48 70 0.601237
48 41 0.632187
48 66 0.607687
48 55 0.618323
48 69 0.607359
48 59 0.616144
48 75 0.600375
48 44 0.635365
48 48 0.640014
48 20 0.670685
48 74 0.633332
48 28 0.686339
48 77 0.631328
48 33 0.688332
48 16 0.714742
48 62 0.672723
48 30 0.708455
48 42 0.700402
48 51 0.695894
48 68 0.684633
48 57 0.696177
48 71 0.687047
48 34 0.726771
48 21 0.752589
48 40 0.735353
48 45 0.733833
48 25 0.771800
48 58 0.736948
48 27 0.775739
48 19 0.788566
48 52 0.761809
48 81 0.729463
48 67 0.750765
48 24 0.796433
48 46 0.780332
48 73 0.757894
48 37 0.814211
48 80 0.766803
48 82 0.770816
48 38 0.821379
48 72 0.793153
48 54 0.813255
48 79 0.791401
48 64 0.812072
48 49 0.832750
49 8 0.206598
49 10 0.242327
49 9 0.252857
49 1 0.282138
49 11 0.268952
49 2 0.295191
49 0 0.314174
49 13 0.281203
49 12 0.305961
49 3 0.328872
49 5 0.319456
49 7 0.324621
49 14 0.303110
49 4 0.364970
49 6 0.366575
49 15 0.408475
49 28 0.373811
49 16 0.436732
49 30 0.378782
49 29 0.399342
49 32 0.385436
49 18 0.477907
49 31 0.427215
49 33 0.412852
49 17 0.521142
49 20 0.547043
49 24 0.548730
49 23 0.557062
49 19 0.582713
49 22 0.576776
49 35 0.583858
49 26 0.623131
49 25 0.646596
49 44 0.566903
49 27 0.621671
49 21 0.661267
49 38 0.604888
49 66 0.416299
49 56 0.482215
49 36 0.619362
49 78 0.413704
49 34 0.634875
49 40 0.632379
49 43 0.629182
49 62 0.475723
49 77 0.445095
49 39 0.659888
49 42 0.674986
49 63 0.544185
49 76 0.502680
49 65 0.527337
49 70 0.516093
49 75 0.508005
49 59 0.579484
49 48 0.693117
49 71 0.530053
49 72 0.533954
49 45 0.729778
49 50 0.679441
49 61 0.585791
49 53 0.633547
49 64 0.563599
49 79 0.547966
49 46 0.753090
49 57 0.659219
49 37 0.795073
49 74 0.589079
49 41 0.796296
49 82 0.571749
49 60 0.647765
49 54 0.689533
49 55 0.684392
49 67 0.627408
49 80 0.610252
49 68 0.635758
49 49 0.786103
49 58 0.699732
49 52 0.754747
49 47 0.819707
49 81 0.633127
49 51 0.799702
49 73 0.665934
49 69 0.682435
50 9 0.211241
50 10 0.267647
50 5 0.276622
50 8 0.277321
50 3 0.283107
50 0 0.290383
50 12 0.289114
50 6 0.297170
50 4 0.305993
50 13 0.307463
50 14 0.307066
50 11 0.316173
50 2 0.324577
50 7 0.351127
50 44 0.387760
50 59 0.370170
50 28 0.414823
50 33 0.423861
50 32 0.455375
50 1 0.488364
50 71 0.437195
50 30 0.485578
50 70 0.450469
50 21 0.538006
50 63 0.492165
50 24 0.556020
50 19 0.562842
50 17 0.624572
50 22 0.619438
50 35 0.607327
50 39 0.623447
50 40 0.623041
50 53 0.608836
50 51 0.611857
50 25 0.643013
50 56 0.607328
50 31 0.637130
50 15 0.653928
50 81 0.581531
50 75 0.589995
50 78 0.586860
50 45 0.624654
50 58 0.608600
50 82 0.583414
50 34 0.637584
50 77 0.589856
50 61 0.607414
50 29 0.645233
50 42 0.630427
50 27 0.648111
50 66 0.603734
50 16 0.660685
50 62 0.609866
50 18 0.660607
50 72 0.601090
50 36 0.645309
50 23 0.665644
50 38 0.654825
50 76 0.614577
50 65 0.639560
50 80 0.653434
50 49 0.688006
50 67 0.675351
50 37 0.712664
50 50 0.704850
50 55 0.700438
50 79 0.679632
50 41 0.722326
50 69 0.692512
50 64 0.698054
50 57 0.707652
50 73 0.702218
50 74 0.708442
50 26 0.771131
50 48 0.747332
50 68 0.726324
50 46 0.753713
50 52 0.746883
50 20 0.788383
50 43 0.763239
50 54 0.752382
50 60 0.747438
50 47 0.776560
51 9 0.213470
51 8 0.256052
51 5 0.265358
51 3 0.275103
51 10 0.284285
51 0 0.292325
51 12 0.283765
51 11 0.296287
51 13 0.295456
51 14 0.300454
51 1 0.328026
51 2 0.360385
51 53 0.392115
51 78 0.369358
51 28 0.429513
51 30 0.445916
51 56 0.417522
51 7 0.525102
51 32 0.512517
51 15 0.531651
51 66 0.474300
51 31 0.514563
51 75 0.468106
51 70 0.477741
51 54 0.503506
51 4 0.636074
51 29 0.613567
51 35 0.606551
51 19 0.625363
51 18 0.626864
51 21 0.681432
51 17 0.686098
51 16 0.687081
51 23 0.680704
51 26 0.677933
51 38 0.664157
51 76 0.624641
51 62 0.644338
51 82 0.622128
51 27 0.687884
51 33 0.681540
51 22 0.694649
51 20 0.698262
51 57 0.656146
51 77 0.631134
51 37 0.683546
51 36 0.685550
51 6 0.716395
51 44 0.678404
51 59 0.685074
51 61 0.682597
51 58 0.688297
51 71 0.673459
51 74 0.680990
51 79 0.680256
51 51 0.720775
51 73 0.710908
51 43 0.752122
51 40 0.763847
51 25 0.781743
51 80 0.723049
51 67 0.748080
51 72 0.742541
51 60 0.757352
51 50 0.781030
51 63 0.765577
51 24 0.815730
51 69 0.764856
51 81 0.751921
51 42 0.800847
51 41 0.806239
51 39 0.809666
51 47 0.802939
51 46 0.806592
51 55 0.796876
51 48 0.812150
51 45 0.817819
51 52 0.819887
51 34 0.842279
51 65 0.811900
51 64 0.813736
51 68 0.810528
51 49 0.862457
52 0 0.229753
52 1 0.245377
52 3 0.259455
52 4 0.258646
52 8 0.266489
52 9 0.274411
52 6 0.278357
52 2 0.286320
52 11 0.282285
52 10 0.286636
52 7 0.304408
52 13 0.306153
52 12 0.309233
52 14 0.316947
52 5 0.374718
52 15 0.429344
52 32 0.440145
52 31 0.471332
52 29 0.484841
52 61 0.469051
52 25 0.516149
52 22 0.550166
52 65 0.496663
52 24 0.548546
52 37 0.615492
52 16 0.641056
52 42 0.607073
52 28 0.628401
52 40 0.610694
52 77 0.568476
52 53 0.596474
52 36 0.620647
52 76 0.572348
52 39 0.615210
52 48 0.603652
52 81 0.567000
52 20 0.641715
52 19 0.643378
52 18 0.670389
52 62 0.616091
52 78 0.598513
52 71 0.607672
52 30 0.658053
52 45 0.637124
52 41 0.642445
52 44 0.654379
52 79 0.614941
52 80 0.614277
52 33 0.671933
52 63 0.638769
52 56 0.655687
52 74 0.637233
52 70 0.641745
52 23 0.701380
52 59 0.655325
52 66 0.651024
52 73 0.644033
52 57 0.666483
52 75 0.648098
52 67 0.666932
52 51 0.697198
52 82 0.666934
52 38 0.731548
52 27 0.751421
52 69 0.700871
52 47 0.728442
52 17 0.767937
52 58 0.716681
52 68 0.712924
52 35 0.757602
52 26 0.773836
52 34 0.774926
52 49 0.753966
52 54 0.749199
52 55 0.748608
52 72 0.734710
52 50 0.759086
52 21 0.801607
52 46 0.773125
52 64 0.753802
52 43 0.781028
52 52 0.775496
52 60 0.776468
53 8 0.266393
53 9 0.289223
53 10 0.312046
53 13 0.332123
53 12 0.340985
53 14 0.342224
53 0 0.376063
53 11 0.370361
53 3 0.393228
53 2 0.395928
53 5 0.402786
53 4 0.407421
53 1 0.415311
53 6 0.437266
53 7 0.447901
53 28 0.493333
53 31 0.506265
53 29 0.529420
53 16 0.564031
53 33 0.537521
53 15 0.667857
53 17 0.668331
53 71 0.518403
53 75 0.516019
53 66 0.551813
53 20 0.672877
53 23 0.664981
53 24 0.690636
53 22 0.700184
53 76 0.542377
53 30 0.679010
53 56 0.627100
53 18 0.718393
53 62 0.603824
53 26 0.701063
53 32 0.695846
53 21 0.734954
53 25 0.723825
53 78 0.605497
53 53 0.716998
53 27 0.768404
53 49 0.727033
53 80 0.621168
53 68 0.661944
53 19 0.833387
53 44 0.781919
53 79 0.666083
53 40 0.788272
53 77 0.671137
53 70 0.698298
53 39 0.815924
53 81 0.683073
53 42 0.813083
53 61 0.780920
53 36 0.831063
53 34 0.840138
53 59 0.795256
53 35 0.861654
53 52 0.847243
53 43 0.870080
53 64 0.802216
53 63 0.806030
53 45 0.869326
53 72 0.783029
53 37 0.900518
53 74 0.794355
53 54 0.874464
53 51 0.884009
53 46 0.896382
53 55 0.888198
53 50 0.901454
53 60 0.884572
53 82 0.792994
53 48 0.909275
53 73 0.828408
53 58 0.902771
53 65 0.876503
53 57 0.927132
53 38 0.988959
53 69 0.898382
53 67 0.911955
53 47 0.992775
53 41 1.013884
54 2 0.276724
54 11 0.174211
54 0 0.368850
54 1 0.369705
54 8 0.203407
54 3 0.369195
54 10 0.184214
54 4 0.429505
54 9 0.255330
54 12 0.248369
54 13 0.240567
54 5 0.436766
54 14 0.272704
54 7 0.359759
54 6 0.441708
54 28 0.226742
54 15 0.329095
54 17 0.309901
54 29 0.256032
54 31 0.328561
54 16 0.448171
54 20 0.377172
54 19 0.391030
54 33 0.349918
54 30 0.362944
54 26 0.407282
54 18 0.450475
54 25 0.420030
54 24 0.432325
54 32 0.411829
54 21 0.469641
54 27 0.507952
54 22 0.516615
54 23 0.566604
54 37 0.517942
54 53 0.510995
54 34 0.591671
54 66 0.469973
54 44 0.567693
54 76 0.426437
54 56 0.551880
54 78 0.432650
54 71 0.448735
54 43 0.597915
54 38 0.606967
54 42 0.601404
54 35 0.639217
54 41 0.626707
54 46 0.619330
54 39 0.641784
54 36 0.654197
54 75 0.503048
54 48 0.649597
54 62 0.571397
54 47 0.660902
54 70 0.542990
54 77 0.531993
54 59 0.626040
54 51 0.667903
54 45 0.688456
54 52 0.679508
54 49 0.690964
54 61 0.625558
54 40 0.719600
54 74 0.598809
54 64 0.652848
54 60 0.668770
54 54 0.734552
54 67 0.654576
54 80 0.612279
54 81 0.596157
54 79 0.633756
54 82 0.611767
54 63 0.704881
54 50 0.784011
54 58 0.765107
54 72 0.662538
54 69 0.674814
54 65 0.709392
54 57 0.789343
54 68 0.721597
54 55 0.814430
54 73 0.698157
55 8 0.199865
55 0 0.307139
55 1 0.364576
55 4 0.355962
55 2 0.404215
55 10 0.245461
55 13 0.180024
55 12 0.221748
55 9 0.281387
55 11 0.233571
55 3 0.426573
55 14 0.200982
55 5 0.424693
55 6 0.454654
55 7 0.489481
55 16 0.336335
55 15 0.396431
55 29 0.222793
55 30 0.234577
55 31 0.258093
55 32 0.260257
55 17 0.416959
55 18 0.436275
55 20 0.399442
55 22 0.358744
55 19 0.415082
55 28 0.311355
55 24 0.370035
55 27 0.330046
55 33 0.322217
55 38 0.331127
55 21 0.468694
55 44 0.316626
55 26 0.391247
55 25 0.405225
55 34 0.421310
55 40 0.422583
55 36 0.452304
55 47 0.442500
55 61 0.245409
55 37 0.523399
55 23 0.617039
55 43 0.531686
55 41 0.596190
55 46 0.532584
55 56 0.363540
55 70 0.315049
55 58 0.361885
55 50 0.527157
55 48 0.530074
55 35 0.614242
55 53 0.445265
55 42 0.595471
55 77 0.288748
55 51 0.498630
55 69 0.330393
55 45 0.561233
55 60 0.367151
55 78 0.325359
55 66 0.365252
55 55 0.412751
55 62 0.376126
55 39 0.664659
55 75 0.350583
55 71 0.378933
55 49 0.592382
55 59 0.446410
55 76 0.379225
55 72 0.411652
55 57 0.470600
55 54 0.493902
55 79 0.398851
55 52 0.628907
55 74 0.444046
55 63 0.484200
55 65 0.486226
55 73 0.450105
55 81 0.412246
55 64 0.495970
55 68 0.486206
55 80 0.455908
55 67 0.528953
55 82 0.461203
56 3 0.301120
56 8 0.294047
56 0 0.328399
56 9 0.296788
56 6 0.316209
56 5 0.320678
56 10 0.272802
56 2 0.346652
56 11 0.293244
56 7 0.345891
56 12 0.298059
56 1 0.378009
56 4 0.395592
56 14 0.269494
56 20 0.175883
56 13 0.341605
56 29 0.181273
56 17 0.276709
56 15 0.360224
56 30 0.212466
56 16 0.374066
56 25 0.235182
56 26 0.246114
56 31 0.342939
56 23 0.358898
56 18 0.392627
56 24 0.363443
56 58 0.342736
56 78 0.318248
56 21 0.431855
56 27 0.426833
56 33 0.408556
56 19 0.466385
56 28 0.433508
56 34 0.443538
56 32 0.456701
56 22 0.476870
56 68 0.458152
56 54 0.474161
56 35 0.509588
56 66 0.477992
56 56 0.496223
56 62 0.489876
56 37 0.535636
56 77 0.503400
56 39 0.554324
56 44 0.549037
56 47 0.547370
56 41 0.554047
56 59 0.551501
56 50 0.570920
56 36 0.604989
56 71 0.565035
56 75 0.559828
56 73 0.564510
56 40 0.610945
56 38 0.620811
56 61 0.597648
56 70 0.590450
56 76 0.588291
56 45 0.630604
56 67 0.606725
56 53 0.626036
56 63 0.618381
56 74 0.603461
56 60 0.636987
56 72 0.630138
56 81 0.623293
56 82 0.624432
56 42 0.679412
56 43 0.680696
56 65 0.661124
56 49 0.683594
56 69 0.662831
56 52 0.683726
56 55 0.688469
56 80 0.663459
56 46 0.752509
56 57 0.738123
56 64 0.746823
56 51 0.766898
56 48 0.793967
56 79 0.772022
57 3 0.292155
57 8 0.298214
57 11 0.313140
57 1 0.376475
57 9 0.376380
57 13 0.412766
57 2 0.503866
57 0 0.540030
57 12 0.531425
57 5 0.571383
57 10 0.567937
57 76 0.499682
57 61 0.515206
57 29 0.557317
57 53 0.531940
57 31 0.602533
57 16 0.622130
57 15 0.703650
57 43 0.673191
57 33 0.682884
57 80 0.633440
57 68 0.647239
57 7 0.712603
57 14 0.707813
57 22 0.700705
57 39 0.681119
57 63 0.654017
57 24 0.698435
57 4 0.717435
57 48 0.677390
57 19 0.730505
57 54 0.704504
57 32 0.739784
57 44 0.743445
57 59 0.726392
57 72 0.714475
57 51 0.755799
57 38 0.773426
57 81 0.735790
57 77 0.740802
57 26 0.819873
57 21 0.832645
57 55 0.795707
57 82 0.774169
57 45 0.817141
57 28 0.845617
57 46 0.827726
57 71 0.814244
57 56 0.832782
57 78 0.813860
57 66 0.835850
57 25 0.885916
57 30 0.886013
57 70 0.843475
57 62 0.859422
57 75 0.847019
57 69 0.873524
57 47 0.905345
57 57 0.903956
57 6 0.975045
57 79 0.897293
57 27 0.961623
57 40 0.951645
57 18 0.980802
57 34 0.963492
57 60 0.935273
57 64 0.947430
57 74 0.940803
57 73 0.943083
57 35 0.987929
57 52 0.976580
57 65 0.975616
57 50 1.002126
57 17 1.049942
57 36 1.030841
57 23 1.048853
57 37 1.045150
57 67 1.018902
57 42 1.052648
57 41 1.063134
57 20 1.103739
57 58 1.060522
57 49 1.105353
58 8 0.293733
58 9 0.331713
58 10 0.331343
58 12 0.330371
58 3 0.352124
58 14 0.340563
58 11 0.349926
58 13 0.365699
58 2 0.383351
58 0 0.411767
58 5 0.420831
58 4 0.446810
58 7 0.496210
58 1 0.519684
58 16 0.682452
58 33 0.656844
58 15 0.693735
58 75 0.590344
58 19 0.691186
58 18 0.693009
58 59 0.614493
58 62 0.611218
58 22 0.687364
58 57 0.662757
58 63 0.676864
58 69 0.677483
58 56 0.691936
58 28 0.786791
58 20 0.803297
58 68 0.738858
58 78 0.724947
58 29 0.812864
58 70 0.743902
58 30 0.814384
58 76 0.735286
58 77 0.738626
58 74 0.742992
58 23 0.842290
58 6 0.873268
58 71 0.766114
58 44 0.806545
58 38 0.835168
58 32 0.848043
58 24 0.879319
58 31 0.869200
58 51 0.837483
58 21 0.902371
58 25 0.930066
58 67 0.857215
58 66 0.871038
58 79 0.879439
58 53 0.918179
58 61 0.909242
58 60 0.925635
58 42 0.957996
58 26 1.005042
58 40 0.980704
58 27 1.017079
58 55 0.972251
58 17 1.056642
58 34 1.049550
58 65 0.997575
58 48 1.036580
58 54 1.023478
58 43 1.050906
58 73 1.023665
58 39 1.087932
58 41 1.076964
58 36 1.094342
58 82 1.016508
58 81 1.029696
58 52 1.071919
58 80 1.036173
58 35 1.132541
58 46 1.110869
58 64 1.083889
58 72 1.080699
58 58 1.102926
58 50 1.116659
58 47 1.131507
58 45 1.137384
58 49 1.158275
58 37 1.199943
59 8 0.218590
59 10 0.206587
59 9 0.231575
59 13 0.250346
59 1 0.339344
59 12 0.283271
59 11 0.301385
59 4 0.356124
59 5 0.375816
59 3 0.400225
59 14 0.310980
59 0 0.436622
59 2 0.475084
59 7 0.454791
59 6 0.469661
59 17 0.327533
59 16 0.365836
59 30 0.255765
59 29 0.271076
59 15 0.497383
59 31 0.294797
59 28 0.311083
59 18 0.445046
59 33 0.319754
59 32 0.345319
59 25 0.458347
59 26 0.450708
59 23 0.486198
59 44 0.365522
59 22 0.522655
59 21 0.529144
59 34 0.426572
59 19 0.582094
59 24 0.620938
59 43 0.542346
59 77 0.359712
59 51 0.522108
59 36 0.582095
59 53 0.498721
59 27 0.630942
59 20 0.724341
59 35 0.617235
59 37 0.629802
59 59 0.532852
59 41 0.631406
59 75 0.445426
59 63 0.501960
59 38 0.639681
59 71 0.475546
59 61 0.546849
59 45 0.633264
59 49 0.626819
59 42 0.669484
59 69 0.518917
59 39 0.691381
59 56 0.617241
59 78 0.495251
59 70 0.544087
59 46 0.678993
59 57 0.638901
59 66 0.582536
59 62 0.617073
59 76 0.548441
59 47 0.715626
59 52 0.699713
59 40 0.761249
59 54 0.696257
59 48 0.728536
59 50 0.731546
59 65 0.649288
59 64 0.657121
59 80 0.563669
59 79 0.580182
59 68 0.672127
59 73 0.663848
59 55 0.776551
59 82 0.608747
59 67 0.713074
59 58 0.777460
59 60 0.764519
59 81 0.625638
59 72 0.712308
59 74 0.760276
60 11 0.249819
60 8 0.264152
60 9 0.287840
60 5 0.375329
60 12 0.367713
60 14 0.362956
60 3 0.401366
60 13 0.369038
60 1 0.469017
60 0 0.477560
60 2 0.482503
60 10 0.452556
60 7 0.489623
60 28 0.379593
60 29 0.389156
60 4 0.551708
60 6 0.546962
60 32 0.277884
60 15 0.527870
60 31 0.400382
60 30 0.470134
60 20 0.585971
60 19 0.598664
60 17 0.626786
60 16 0.699313
60 36 0.403231
60 18 0.720613
60 33 0.505385
60 23 0.706087
60 24 0.720528
60 48 0.346170
60 27 0.714103
60 25 0.719745
60 22 0.770749
60 35 0.494761
60 44 0.383275
60 26 0.740507
60 39 0.462386
60 53 0.463296
60 56 0.451618
60 59 0.447464
60 34 0.738460
60 40 0.573906
60 21 0.959066
60 61 0.440096
60 45 0.527331
60 37 0.644393
60 66 0.392443
60 43 0.556622
60 42 0.594704
60 71 0.385011
60 62 0.478832
60 75 0.323495
60 70 0.392891
60 76 0.325184
60 38 0.630270
60 63 0.492995
60 52 0.576051
60 47 0.608888
60 51 0.591923
60 41 0.669160
60 54 0.552909
60 49 0.629982
60 50 0.620586
60 64 0.503875
60 77 0.395165
60 78 0.407486
60 58 0.593770
60 57 0.621219
60 46 0.703844
60 55 0.640876
60 60 0.643337
60 69 0.550889
60 68 0.560025
60 74 0.558672
60 73 0.566188
60 67 0.601980
60 72 0.597198
60 79 0.480971
60 65 0.653397
60 80 0.492599
60 81 0.527092
60 82 0.549304
61 10 0.298908
61 4 0.371585
61 3 0.426938
61 8 0.423721
61 5 0.442045
61 28 0.437406
61 12 0.466784
61 6 0.471553
61 1 0.494103
61 13 0.535332
61 2 0.547680
61 56 0.508701
61 70 0.518701
61 11 0.612953
61 66 0.564754
61 0 0.640148
61 60 0.582510
61 61 0.586226
61 9 0.639499
61 71 0.582052
61 14 0.654467
61 44 0.627977
61 75 0.615639
61 31 0.667988
61 7 0.692280
61 33 0.667994
61 17 0.719210
61 48 0.704764
61 45 0.731668
61 20 0.757829
61 51 0.727853
61 47 0.737569
61 77 0.723569
61 26 0.781321
61 39 0.768083
61 42 0.765921
61 78 0.751287
61 62 0.777320
61 55 0.801027
61 59 0.822712
61 80 0.804269
61 22 0.881512
61 40 0.863594
61 76 0.842075
61 18 0.907221
61 58 0.871583
61 53 0.878442
61 54 0.877939
61 15 0.936217
61 29 0.921832
61 32 0.919829
61 25 0.930814
61 73 0.886062
61 30 0.934081
61 57 0.922146
61 63 0.915686
61 34 0.951206
61 50 0.936499
61 23 0.975328
61 72 0.946765
61 36 0.987205
61 21 1.010063
61 79 0.967868
61 65 0.985874
61 81 0.976079
61 35 1.027334
61 52 1.011135
61 27 1.050039
61 24 1.057618
61 43 1.055666
61 64 1.047797
61 19 1.099345
61 37 1.085737
61 41 1.082464
61 49 1.074411
61 68 1.060366
61 82 1.047751
61 67 1.064593
61 46 1.089979
61 74 1.079875
61 16 1.152651
61 38 1.130800
61 69 1.156027
62 1 0.260677
62 5 0.262450
62 0 0.287982
62 12 0.284821
62 3 0.310099
62 8 0.333447
62 13 0.335597
62 2 0.362921
62 10 0.356865
62 11 0.358960
62 9 0.361872
62 14 0.372478
62 4 0.388495
62 6 0.546406
62 29 0.539549
62 7 0.588772
62 59 0.522288
62 21 0.595315
62 18 0.601753
62 20 0.666456
62 19 0.667481
62 24 0.750867
62 66 0.654457
62 77 0.635757
62 15 0.768062
62 23 0.753746
62 75 0.641415
62 54 0.705575
62 22 0.783007
62 42 0.776902
62 33 0.796425
62 32 0.802902
62 49 0.771898
62 61 0.757796
62 53 0.776258
62 30 0.826611
62 34 0.829186
62 82 0.726470
62 26 0.844827
62 17 0.874796
62 71 0.755160
62 16 0.880994
62 68 0.779090
62 73 0.789880
62 70 0.793811
62 25 0.899657
62 40 0.867984
62 78 0.785912
62 28 0.898187
62 56 0.848732
62 76 0.800774
62 44 0.881052
62 62 0.846685
62 36 0.898400
62 60 0.853213
62 31 0.916227
62 45 0.898596
62 65 0.859361
62 27 0.949586
62 52 0.911605
62 35 0.946284
62 48 0.933156
62 69 0.886765
62 79 0.874005
62 81 0.884742
62 67 0.906679
62 80 0.890509
62 58 0.948797
62 38 0.985611
62 74 0.906903
62 41 0.986579
62 63 0.967135
62 57 0.984555
62 39 1.021964
62 55 0.996621
62 43 1.021851
62 72 0.957365
62 37 1.054625
62 46 1.039825
62 50 1.045732
62 64 1.015097
62 47 1.071168
62 51 1.072210
63 9 0.263232
63 8 0.307649
63 10 0.313067
63 13 0.349044
63 11 0.355692
63 2 0.367722
63 12 0.393847
63 5 0.409667
63 4 0.427315
63 0 0.431004
63 78 0.348542
63 6 0.457380
63 31 0.458810
63 3 0.500652
63 1 0.504914
63 14 0.510327
63 16 0.521406
63 44 0.519563
63 70 0.521964
63 7 0.616742
63 53 0.566330
63 76 0.629925
63 33 0.679165
63 34 0.678390
63 40 0.673276
63 61 0.649812
63 69 0.642296
63 64 0.700292
63 75 0.686173
63 51 0.714688
63 68 0.697016
63 20 0.754614
63 30 0.739079
63 77 0.693134
63 47 0.735396
63 18 0.772870
63 32 0.753532
63 29 0.760519
63 41 0.754376
63 56 0.760890
63 65 0.753366
63 55 0.762752
63 63 0.755672
63 80 0.736061
63 66 0.753079
63 17 0.812616
63 37 0.786280
63 15 0.815746
63 43 0.785531
63 71 0.767619
63 28 0.825536
63 62 0.789420
63 25 0.843478
63 59 0.809963
63 22 0.854299
63 72 0.801616
63 67 0.827871
63 23 0.879806
63 19 0.892434
63 60 0.847787
63 49 0.862576
63 82 0.834962
63 45 0.885732
63 81 0.856387
63 50 0.894993
63 21 0.932304
63 73 0.876485
63 35 0.938317
63 58 0.929938
63 42 0.952633
63 74 0.917306
63 26 0.975952
63 27 0.996082
63 24 1.000993
63 57 0.969055
63 48 0.980393
63 52 0.981961
63 38 1.000189
63 39 1.012006
63 36 1.017650
63 54 1.000570
63 46 1.034902
63 79 1.001614
64 8 0.280663
64 13 0.309661
64 3 0.324440
64 12 0.320326
64 10 0.410102
64 1 0.439231
64 5 0.438351
64 11 0.438118
64 4 0.448908
64 76 0.373846
64 9 0.452475
64 66 0.456152
64 6 0.571033
64 32 0.582635
64 7 0.608719
64 14 0.617099
64 63 0.565522
64 59 0.572514
64 0 0.642841
64 31 0.630565
64 56 0.612086
64 29 0.654156
64 25 0.673702
64 71 0.636076
64 54 0.653883
64 26 0.695701
64 77 0.649566
64 61 0.688939
64 19 0.742514
64 60 0.702743
64 16 0.750778
64 75 0.689097
64 33 0.748717
64 70 0.714939
64 20 0.768695
64 36 0.755695
64 15 0.796525
64 52 0.762976
64 17 0.806782
64 44 0.822705
64 30 0.854327
64 40 0.844598
64 53 0.891351
64 47 0.898117
64 28 0.919009
64 43 0.903172
64 24 0.924206
64 62 0.884495
64 78 0.866068
64 80 0.906284
64 2 0.990960
64 67 0.941316
64 81 0.933840
64 82 0.933489
64 45 0.977803
64 38 0.992594
64 64 0.969342
64 58 0.976628
64 39 1.006757
64 68 0.980739
64 79 0.970459
64 22 1.043998
64 73 0.993001
64 69 1.013683
64 42 1.045274
64 55 1.031862
64 50 1.037307
64 34 1.058802
64 51 1.047315
64 27 1.073329
64 35 1.067502
64 72 1.030455
64 18 1.100325
64 21 1.102048
64 65 1.064434
64 41 1.092978
64 23 1.115900
64 48 1.089692
64 57 1.086127
64 49 1.117150
64 74 1.109859
64 46 1.160100
64 37 1.173455
65 5 0.273541
65 8 0.276851
65 3 0.297627
65 9 0.303260
65 10 0.338137
65 1 0.353443
65 11 0.348830
65 12 0.360508
65 13 0.368278
65 0 0.459114
65 14 0.469915
65 7 0.507928
65 32 0.486936
65 2 0.532154
65 70 0.477675
65 42 0.512988
65 50 0.515791
65 53 0.512982
65 54 0.511980
65 22 0.552490
65 25 0.557066
65 6 0.611019
65 27 0.581278
65 47 0.555290
65 30 0.579835
65 23 0.607616
65 28 0.611419
65 59 0.575006
65 18 0.638906
65 63 0.583083
65 76 0.564318
65 4 0.664252
65 29 0.639694
65 34 0.646797
65 43 0.636007
65 58 0.725243
65 77 0.699508
65 57 0.728002
65 61 0.723714
65 81 0.696332
65 72 0.708010
65 39 0.749643
65 71 0.710079
65 80 0.699239
65 31 0.759766
65 66 0.721707
65 33 0.758132
65 75 0.721304
65 26 0.796976
65 51 0.770113
65 44 0.776898
65 48 0.773684
65 15 0.829802
65 62 0.771073
65 49 0.790176
65 56 0.784383
65 45 0.802241
65 16 0.851600
65 67 0.790424
65 78 0.787662
65 60 0.826923
65 52 0.836303
65 17 0.894101
65 36 0.864838
65 35 0.881961
65 46 0.873886
65 37 0.886397
65 19 0.917660
65 74 0.843553
65 24 0.909692
65 64 0.871327
65 69 0.867891
65 20 0.931855
65 38 0.914538
65 79 0.875560
65 41 0.923841
65 40 0.925376
65 82 0.871324
65 68 0.895535
65 73 0.884735
65 21 0.973159
65 65 0.921379
65 55 0.941921
66 0 0.242625
66 11 0.185611
66 8 0.257672
66 10 0.242671
66 4 0.304368
66 12 0.238667
66 14 0.241180
66 9 0.263511
66 1 0.337046
66 13 0.289417
66 2 0.393047
66 6 0.360280
66 3 0.408463
66 15 0.360659
66 20 0.351054
66 7 0.433232
66 5 0.440393
66 18 0.393360
66 19 0.429769
66 21 0.417102
66 30 0.237038
66 29 0.259427
66 33 0.275488
66 31 0.293728
66 16 0.544628
66 17 0.542671
66 28 0.320342
66 22 0.514864
66 32 0.377074
66 44 0.312048
66 51 0.360902
66 36 0.482661
66 53 0.408680
66 35 0.508304
66 23 0.645865
66 37 0.532375
66 25 0.618995
66 76 0.373621
66 24 0.665648
66 27 0.618947
66 41 0.558894
66 77 0.441512
66 38 0.590016
66 40 0.567593
66 66 0.494173
66 49 0.542229
66 42 0.567564
66 34 0.624079
66 26 0.636169
66 78 0.445047
66 45 0.559234
66 58 0.542444
66 70 0.517425
66 61 0.546984
66 39 0.624119
66 46 0.593547
66 59 0.565967
66 71 0.546243
66 75 0.519908
66 43 0.630237
66 48 0.613644
66 50 0.619963
66 65 0.583729
66 62 0.611108
66 56 0.647507
66 47 0.676368
66 57 0.654829
66 68 0.635195
66 55 0.698083
66 60 0.679975
66 69 0.664058
66 73 0.645613
66 80 0.607457
66 63 0.703280
66 67 0.709612
66 82 0.647672
66 74 0.694311
66 52 0.779888
66 79 0.677740
66 54 0.804855
66 81 0.699951
66 72 0.751076
66 64 0.790454
67 10 0.345948
67 8 0.357870
67 11 0.364313
67 9 0.372834
67 12 0.401541
67 14 0.453544
67 3 0.482663
67 0 0.491881
67 7 0.515225
67 13 0.522549
67 1 0.544417
67 4 0.568632
67 6 0.588508
67 62 0.559067
67 61 0.570417
67 51 0.627231
67 75 0.620932
67 59 0.646594
67 17 0.698287
67 21 0.723901
67 76 0.689120
67 30 0.742592
67 28 0.766092
67 71 0.717694
67 66 0.725451
67 32 0.769555
67 44 0.762177
67 2 0.834002
67 78 0.766252
67 33 0.821857
67 49 0.804762
67 16 0.845022
67 69 0.788543
67 15 0.907250
67 5 0.939082
67 73 0.862287
67 20 0.925521
67 19 0.926906
67 50 0.889766
67 31 0.912947
67 77 0.880100
67 18 0.949399
67 74 0.884333
67 67 0.892766
67 29 0.939552
67 22 0.971677
67 54 0.940725
67 41 0.954834
67 53 0.972874
67 56 0.977396
67 46 0.997528
67 63 0.979100
67 35 1.023252
67 70 0.987339
67 24 1.064277
67 23 1.092966
67 27 1.110515
67 40 1.096358
67 45 1.103594
67 48 1.099876
67 47 1.111277
67 39 1.125081
67 79 1.114138
67 57 1.139052
67 52 1.158131
67 26 1.278057
67 81 1.216231
67 38 1.264859
67 82 1.216699
67 34 1.269715
67 37 1.267780
67 42 1.263250
67 64 1.238694
67 65 1.237926
67 80 1.221911
67 58 1.247031
67 72 1.230693
67 55 1.250999
67 68 1.235464
67 36 1.271522
67 43 1.264208
67 60 1.246823
67 25 1.311157
68 11 0.288927
68 10 0.299541
68 13 0.326057
68 8 0.333944
68 9 0.359239
68 12 0.365026
68 2 0.441400
68 14 0.428955
68 0 0.479918
68 6 0.480489
68 3 0.490842
68 4 0.504624
68 7 0.554460
68 1 0.586822
68 29 0.537863
68 5 0.600887
68 19 0.589176
68 15 0.615889
68 27 0.602093
68 21 0.628965
68 25 0.618574
68 22 0.645006
68 28 0.628071
68 20 0.664611
68 23 0.658422
68 17 0.676954
68 24 0.671228
68 26 0.664792
68 30 0.698671
68 31 0.693495
68 16 0.767857
68 32 0.723391
68 33 0.719449
68 35 0.717869
68 61 0.671450
68 53 0.699074
68 44 0.758401
68 18 0.828481
68 77 0.542548
68 78 0.546507
68 42 0.796080
68 75 0.566876
68 36 0.835596
68 34 0.842609
68 66 0.765591
68 72 0.679089
68 37 0.919848
68 38 0.937987
68 56 0.865367
68 59 0.863745
68 50 0.913146
68 62 0.856260
68 47 0.921509
68 70 0.746274
68 76 0.709401
68 45 0.950743
68 71 0.756993
68 39 0.965293
68 40 0.964192
68 41 0.969402
68 48 0.948420
68 54 0.907836
68 80 0.732691
68 55 0.946104
68 65 0.918146
68 58 0.966056
68 51 1.001752
68 49 1.019639
68 81 0.794698
68 73 0.828484
68 52 1.031725
68 43 1.094220
68 46 1.082667
68 67 0.991523
68 79 0.855829
68 68 0.987596
68 60 1.037242
68 57 1.050777
68 63 1.046608
68 64 1.050187
68 82 0.882336
68 69 1.034506
68 74 0.946283
69 4 0.313319
69 8 0.316627
69 14 0.333718
69 10 0.357781
69 9 0.472332
69 13 0.489789
69 12 0.501092
69 11 0.505484
69 0 0.551347
69 17 0.558931
69 6 0.596678
69 7 0.598610
69 44 0.560452
69 1 0.609842
69 77 0.524640
69 79 0.522645
69 5 0.608000
69 31 0.580721
69 62 0.542970
69 2 0.661477
69 76 0.592129
69 70 0.612906
69 48 0.636731
69 53 0.638905
69 15 0.693470
69 64 0.635667
69 40 0.679818
69 68 0.663042
69 74 0.663291
69 52 0.702268
69 46 0.711210
69 58 0.696820
69 72 0.683399
69 61 0.696766
69 75 0.700826
69 65 0.730790
69 32 0.772742
69 78 0.721371
69 26 0.805218
69 66 0.762327
69 30 0.806905
69 3 0.835599
69 33 0.815580
69 29 0.843903
69 28 0.845593
69 56 0.817322
69 60 0.813937
69 49 0.826900
69 80 0.800727
69 25 0.867890
69 81 0.802088
69 71 0.824690
69 54 0.855364
69 59 0.850907
69 47 0.869906
69 20 0.912488
69 63 0.861956
69 45 0.888367
69 82 0.847307
69 38 0.904619
69 39 0.903514
69 34 0.931390
69 41 0.922963
69 24 0.963480
69 73 0.941204
69 18 1.014883
69 16 1.022562
69 55 0.977039
69 19 1.029387
69 35 1.016181
69 69 0.978361
69 27 1.040134
69 67 0.992021
69 50 1.014803
69 23 1.053144
69 36 1.037986
69 21 1.058922
69 37 1.055397
69 57 1.030826
69 43 1.054739
69 51 1.051898
69 42 1.071234
69 22 1.111261
70 12 0.321284
70 5 0.454577
70 31 0.441043
70 11 0.466575
70 9 0.468559
70 2 0.480913
70 29 0.496196
70 8 0.526229
70 4 0.559318
70 1 0.592574
70 13 0.597365
70 10 0.637135
70 30 0.618829
70 3 0.643484
70 14 0.635784
70 53 0.610717
70 65 0.619712
70 32 0.663824
70 16 0.691799
70 6 0.735436
70 26 0.724152
70 56 0.696236
70 25 0.734514
70 38 0.737781
70 61 0.741814
70 75 0.734015
70 76 0.733336
70 71 0.744598
70 44 0.779937
70 20 0.848895
70 0 0.920595
70 81 0.837061
70 62 0.861757
70 66 0.859035
70 24 0.910311
70 77 0.850980
70 50 0.895753
70 70 0.873571
70 72 0.878788
70 15 0.951255
70 49 0.915405
70 7 0.959288
70 33 0.942810
70 48 0.927059
70 43 0.939364
70 60 0.922563
70 42 0.947544
70 63 0.930288
70 59 0.934788
70 41 0.955721
70 36 0.976324
70 28 0.987333
70 54 0.965632
70 78 0.937801
70 67 0.955332
70 45 0.982624
70 19 1.017401
70 69 0.999391
70 82 1.016742
70 23 1.086733
70 21 1.094051
70 40 1.080977
70 37 1.085691
70 55 1.093005
70 35 1.119617
70 74 1.077884
70 52 1.105484
70 46 1.113162
70 27 1.139744
70 80 1.081607
70 64 1.119446
70 22 1.174789
70 68 1.126815
70 73 1.125218
70 51 1.170794
70 17 1.213198
70 18 1.215441
70 47 1.185444
70 39 1.197441
70 58 1.186893
70 79 1.170753
70 34 1.233751
70 57 1.208044
71 8 0.296490
71 10 0.377796
71 11 0.385536
71 14 0.542437
71 13 0.546673
71 0 0.590453
71 3 0.590084
71 5 0.588976
71 31 0.594096
71 29 0.597316
71 66 0.564037
71 4 0.651414
71 1 0.667167
71 15 0.669346
71 38 0.642176
71 75 0.608606
71 12 0.690154
71 6 0.705774
71 9 0.714771
71 2 0.726689
71 16 0.752560
71 61 0.702260
71 28 0.751088
71 56 0.718347
71 39 0.754843
71 19 0.788745
71 78 0.715466
71 18 0.814554
71 33 0.832315
71 17 0.856436
71 36 0.865785
71 26 0.891144
71 59 0.868194
71 63 0.867645
71 57 0.873191
71 62 0.873762
71 73 0.876907
71 71 0.888789
71 44 0.919713
71 76 0.882785
71 7 0.971612
71 20 0.958316
71 74 0.891231
71 23 0.953349
71 70 0.903280
71 32 0.951926
71 30 0.980440
71 58 0.969438
71 60 0.975901
71 53 1.000854
71 50 1.006641
71 77 0.973904
71 43 1.035427
71 54 1.042173
71 47 1.066177
71 46 1.085644
71 21 1.119531
71 37 1.104718
71 55 1.111192
71 45 1.126229
71 49 1.127712
71 67 1.113904
71 80 1.102744
71 48 1.146399
71 69 1.128305
71 34 1.169027
71 27 1.185599
71 82 1.128483
71 25 1.219224
71 52 1.189918
71 40 1.207308
71 42 1.206659
71 51 1.199419
71 22 1.236414
71 35 1.220305
71 68 1.194705
71 24 1.252404
71 79 1.206148
71 64 1.235821
71 72 1.228655
71 81 1.216431
71 65 1.245259
71 41 1.291284
72 3 0.308136
72 2 0.320083
72 0 0.355025
72 8 0.342933
72 5 0.349275
72 1 0.382685
72 9 0.399503
72 11 0.409779
72 12 0.428647
72 10 0.433881
72 13 0.470068
72 20 0.474302
72 7 0.510973
72 4 0.524419
72 14 0.503683
72 6 0.582929
72 17 0.599849
72 15 0.665002
72 28 0.644512
72 31 0.639621
72 32 0.652209
72 29 0.661755
72 24 0.689009
72 25 0.694809
72 27 0.748208
72 16 0.777633
72 30 0.770979
72 26 0.783738
72 22 0.793831
72 66 0.709349
72 71 0.692448
72 19 0.834777
72 33 0.811037
72 61 0.730199
72 21 0.842219
72 35 0.819187
72 62 0.758865
72 44 0.824822
72 55 0.799279
72 18 0.885134
72 59 0.798356
72 70 0.760003
72 57 0.852911
72 75 0.762585
72 53 0.869096
72 38 0.928598
72 23 0.967276
72 34 0.993369
72 43 0.981185
72 74 0.868871
72 78 0.839831
72 39 1.016080
72 58 0.981518
72 76 0.877636
72 40 1.045528
72 42 1.051899
72 48 1.042128
72 45 1.048262
72 77 0.907255
72 72 0.971125
72 65 1.010192
72 56 1.062787
72 73 1.003032
72 51 1.097313
72 47 1.114674
72 41 1.152319
72 63 1.087341
72 37 1.171364
72 69 1.075364
72 49 1.150474
72 79 0.982730
72 46 1.171454
72 36 1.193388
72 68 1.093627
72 82 0.947169
72 54 1.181638
72 80 0.989412
72 81 1.000500
72 50 1.245442
72 52 1.247184
72 64 1.196178
72 67 1.186797
72 60 1.222550
73 8 0.366095
73 9 0.372150
73 10 0.384482
73 13 0.391224
73 12 0.422257
73 11 0.454368
73 14 0.460546
73 3 0.644358
73 5 0.643428
73 2 0.669370
73 66 0.663060
73 44 0.714001
73 1 0.777554
73 4 0.787475
73 7 0.792030
73 30 0.764309
73 21 0.840009
73 0 0.906093
73 17 0.912394
73 6 0.928943
73 25 0.909045
73 70 0.831385
73 74 0.850204
73 27 0.962447
73 15 0.988997
73 71 0.900055
73 61 0.932749
73 20 1.043439
73 22 1.049620
73 78 0.964452
73 55 1.010000
73 31 1.074257
73 51 1.043889
73 77 1.007879
73 42 1.084931
73 41 1.100698
73 19 1.143751
73 29 1.138312
73 53 1.098371
73 59 1.089912
73 48 1.120359
73 16 1.187243
73 33 1.179376
73 40 1.167027
73 28 1.205599
73 32 1.197194
73 56 1.163685
73 79 1.127343
73 45 1.199200
73 39 1.211379
73 75 1.150731
73 76 1.153266
73 23 1.254840
73 80 1.159664
73 50 1.208125
73 65 1.189803
73 62 1.207809
73 46 1.255203
73 49 1.256657
73 18 1.319628
73 69 1.232918
73 43 1.293773
73 24 1.333096
73 26 1.332107
73 35 1.319969
73 57 1.276785
73 34 1.326749
73 67 1.295645
73 68 1.298886
73 60 1.322313
73 36 1.377077
73 58 1.333737
73 52 1.339868
73 73 1.354480
73 38 1.430431
73 81 1.353669
73 54 1.404492
73 72 1.376765
73 37 1.449306
73 64 1.420643
73 63 1.430239
73 47 1.492559
73 82 1.485098
74 9 0.234076
74 8 0.236476
74 11 0.317100
74 10 0.329795
74 14 0.369017
74 12 0.414039
74 2 0.454833
74 7 0.472457
74 13 0.438298
74 4 0.494769
74 3 0.518470
74 16 0.470471
74 1 0.574183
74 6 0.563732
74 0 0.589343
74 5 0.571701
74 28 0.587560
74 15 0.635925
74 33 0.564567
74 32 0.576899
74 29 0.593501
74 22 0.780783
74 31 0.746515
74 21 0.785281
74 18 0.788079
74 30 0.749798
74 19 0.783737
74 23 0.806001
74 25 0.804427
74 26 0.816696
74 17 0.849377
74 27 0.847118
74 34 0.831506
74 20 0.919191
74 66 0.467865
74 42 0.757084
74 44 0.750535
74 70 0.502376
74 38 0.857383
74 75 0.479819
74 78 0.462470
74 24 0.989697
74 61 0.573554
74 76 0.490656
74 43 0.810538
74 37 0.949105
74 46 0.850958
74 62 0.661765
74 54 0.706661
74 40 0.935754
74 59 0.680471
74 77 0.593456
74 53 0.751815
74 51 0.795527
74 36 1.050912
74 56 0.745712
74 71 0.669699
74 52 0.799030
74 69 0.702963
74 50 0.885577
74 60 0.771237
74 35 1.129356
74 72 0.732901
74 39 1.054889
74 65 0.782989
74 45 1.015000
74 79 0.727361
74 74 0.782018
74 64 0.846242
74 68 0.830464
74 82 0.732800
74 81 0.773214
74 47 1.031492
74 41 1.143733
74 58 0.915460
74 48 1.054656
74 55 0.962589
74 67 0.895691
74 73 0.876110
74 80 0.848799
74 57 0.976227
74 63 1.002500
74 49 1.161234
75 11 0.343408
75 12 0.346434
75 8 0.370093
75 13 0.347843
75 9 0.476112
75 5 0.499369
75 10 0.480714
75 14 0.483945
75 0 0.582848
75 1 0.610864
75 3 0.612602
75 32 0.325296
75 17 0.748588
75 28 0.404529
75 15 0.753893
75 6 0.830500
75 29 0.414690
75 2 0.861424
75 16 0.784219
75 31 0.411786
75 18 0.827617
75 19 0.805277
75 7 0.921430
75 4 0.968966
75 21 0.834897
75 33 0.460565
75 20 0.875614
75 30 0.579405
75 24 0.796952
75 22 0.964223
75 23 0.873020
75 34 0.694877
75 61 0.399480
75 53 0.410374
75 56 0.418910
75 37 0.698228
75 27 0.875011
75 36 0.756746
75 35 0.788060
75 44 0.713239
75 26 0.973095
75 39 0.780743
75 43 0.752556
75 40 0.778625
75 41 0.801974
75 77 0.453630
75 46 0.775632
75 25 1.017867
75 76 0.476140
75 59 0.567978
75 71 0.487134
75 42 0.833551
75 45 0.810799
75 38 0.861218
75 78 0.496283
75 70 0.512796
75 62 0.578547
75 51 0.651145
75 66 0.574973
75 75 0.560400
75 49 0.855623
75 58 0.700517
75 47 0.919198
75 50 0.876875
75 52 0.762520
75 67 0.718991
75 73 0.712073
75 68 0.759618
75 54 0.846219
75 57 0.847577
75 74 0.770537
75 72 0.798462
75 81 0.793946
75 48 1.118228
75 64 0.858233
75 55 0.938810
75 63 0.882028
75 60 0.937437
75 80 0.834573
75 79 0.848548
75 82 0.846117
75 65 0.907545
75 69 0.962349
76 10 0.395540
76 8 0.420292
76 14 0.439426
76 13 0.501264
76 12 0.514809
76 11 0.580466
76 31 0.585940
76 4 0.713344
76 1 0.746264
76 62 0.695331
76 7 1.005872
76 6 1.129774
76 72 1.198806
76 71 1.200005
76 68 1.204093
76 76 1.196362
76 66 1.208299
76 78 1.194701
76 38 1.243045
76 2 1.280876
76 19 1.266295
76 30 1.254853
76 77 1.199189
76 0 1.285164
76 28 1.258040
76 9 1.277918
76 81 1.194804
76 75 1.204849
76 17 1.273137
76 44 1.242293
76 32 1.262519
76 42 1.255406
76 3 1.296924
76 5 1.308031
76 24 1.290623
76 53 1.259714
76 54 1.258841
76 15 1.303504
76 61 1.250444
76 46 1.269192
76 18 1.302146
76 37 1.289153
76 47 1.278817
76 52 1.273655
76 56 1.269411
76 41 1.301252
76 40 1.302629
76 33 1.310761
76 59 1.281508
76 25 1.349329
76 73 1.297152
76 55 1.319265
76 29 1.351071
76 51 1.326462
76 49 1.337423
76 58 1.371457
76 79 1.346779
76 74 1.367226
76 22 1.435626
76 70 1.386995
76 35 1.436404
76 67 1.404564
76 63 1.437990
76 23 1.517149
76 39 1.502526
76 69 1.503456
76 16 1.601360
76 50 1.563017
76 26 1.589746
76 57 1.572103
76 82 1.546538
76 45 1.592211
76 65 1.575052
76 60 1.602601
76 34 1.649144
76 64 1.620769
76 43 1.651535
76 21 1.676998
76 27 1.676389
76 80 1.624707
76 36 1.678781
76 20 1.727082
76 48 1.720209
77 8 0.372703
77 10 0.386590
77 9 0.391367
77 11 0.389220
77 12 0.392090
77 13 0.426490
77 14 0.557834
77 3 0.643957
77 1 0.657709
77 28 0.648419
77 5 0.722928
77 29 0.749364
77 2 0.797962
77 19 0.799985
77 32 0.773055
77 30 0.779869
77 0 0.845920
77 31 0.840550
77 7 0.902436
77 33 0.868840
77 6 0.929364
77 16 0.938367
77 17 0.942712
77 24 0.955066
77 44 0.918773
77 23 1.051280
77 27 1.046725
77 61 0.948269
77 59 0.977874
77 15 1.096852
77 25 1.078867
77 20 1.093647
77 18 1.096605
77 62 0.979233
77 37 1.067311
77 4 1.185652
77 38 1.116030
77 66 1.089097
77 36 1.171328
77 42 1.158948
77 77 1.014313
77 22 1.203441
77 21 1.235759
77 75 1.061535
77 26 1.249433
77 71 1.114360
77 63 1.147542
77 78 1.045700
77 40 1.231907
77 34 1.250191
77 76 1.099498
77 74 1.113760
77 56 1.200076
77 41 1.268122
77 70 1.182137
77 35 1.292142
77 53 1.263704
77 72 1.202552
77 47 1.347131
77 79 1.187282
77 73 1.273457
77 46 1.410655
77 45 1.417842
77 39 1.451884
77 64 1.387135
77 51 1.448213
77 49 1.483838
77 50 1.492382
77 81 1.302081
77 52 1.499536
77 43 1.522286
77 55 1.479448
77 67 1.474278
77 68 1.475592
77 69 1.471023
77 57 1.504854
77 80 1.358035
77 65 1.513800
77 48 1.615936
77 54 1.591649
77 58 1.601286
77 82 1.463140
77 60 1.618944
78 13 0.380324
78 10 0.404403
78 8 0.407092
78 9 0.427428
78 11 0.427166
78 12 0.477658
78 3 0.485842
78 1 0.524831
78 0 0.533849
78 5 0.751084
78 52 0.732131
78 29 0.765710
78 14 0.792537
78 6 0.798947
78 2 0.802390
78 75 0.727925
78 33 0.777203
78 77 0.769268
78 76 0.770966
78 66 0.784679
78 20 0.927440
78 22 0.925688
78 15 0.932803
78 53 0.894919
78 7 0.939636
78 32 0.925105
78 4 0.950765
78 68 0.902028
78 61 0.922160
78 16 1.045714
78 28 1.034758
78 82 0.974578
78 70 0.988753
78 27 1.036433
78 39 1.043318
78 62 1.016565
78 30 1.053118
78 31 1.070586
78 44 1.059816
78 71 1.040001
78 34 1.090977
78 26 1.131693
78 56 1.111695
78 38 1.170918
78 73 1.166956
78 18 1.245265
78 37 1.255300
78 49 1.243183
78 41 1.276062
78 40 1.278421
78 59 1.258230
78 25 1.332322
78 24 1.333925
78 78 1.275964
78 17 1.350908
78 81 1.323398
78 80 1.326845
78 42 1.392888
78 69 1.362370
78 23 1.414095
78 58 1.412824
78 21 1.452316
78 64 1.427910
78 63 1.436973
78 45 1.466511
78 65 1.448193
78 47 1.476091
78 79 1.445007
78 72 1.452414
78 48 1.482652
78 46 1.491086
78 54 1.488124
78 67 1.474380
78 43 1.507577
78 60 1.489730
78 55 1.511639
78 36 1.541930
78 57 1.531029
78 51 1.544734
78 50 1.554299
78 19 1.613115
78 35 1.634201
78 74 1.597302
79 9 0.268525
79 11 0.267896
79 10 0.278672
79 1 0.585221
79 13 0.453067
79 8 0.492658
79 14 0.466447
79 12 0.496548
79 3 0.652649
79 4 0.738389
79 5 0.727414
79 6 0.788545
79 2 0.851258
79 0 0.892733
79 15 0.764331
79 31 0.369598
79 17 0.830045
79 32 0.398922
79 27 0.519799
79 29 0.411612
79 7 0.880097
79 33 0.423505
79 21 0.657021
79 30 0.474054
79 16 0.907412
79 28 0.541711
79 18 0.884548
79 24 0.718322
79 44 0.510681
79 26 0.758144
79 23 0.841742
79 36 0.674733
79 22 0.891948
79 25 0.842284
79 19 0.976573
79 35 0.706939
79 56 0.390676
79 45 0.682631
79 52 0.532700
79 38 0.787793
79 40 0.754618
79 53 0.440862
79 20 1.022974
79 61 0.462113
79 76 0.400774
79 75 0.417926
79 62 0.503986
79 43 0.829937
79 41 0.852915
79 59 0.537061
79 34 0.951671
79 37 0.952254
79 47 0.798861
79 48 0.810193
79 71 0.530847
79 46 0.857406
79 66 0.585259
79 70 0.541011
79 77 0.525472
79 51 0.757187
79 49 0.867405
79 42 0.981667
79 39 1.019838
79 78 0.582203
79 58 0.731997
79 67 0.703541
79 50 0.869950
79 65 0.731435
79 79 0.648808
79 80 0.623509
79 55 0.828337
79 69 0.749160
79 63 0.829125
79 68 0.798227
79 60 0.863231
79 81 0.726782
79 82 0.652707
79 64 0.887919
79 54 0.951099
79 57 0.950869
79 73 0.862060
79 74 0.882792
79 72 0.903985
80 8 0.532781
80 12 0.530337
80 10 0.532124
80 14 0.541730
80 0 0.750480
80 44 0.722322
80 29 0.798945
80 7 0.827298
80 31 0.807301
80 5 0.830710
80 2 0.838287
80 32 0.850464
80 3 0.875577
80 18 0.903019
80 16 0.917583
80 17 0.929061
80 30 0.931908
80 11 0.954358
80 76 0.902862
80 28 0.955762
80 62 1.005839
80 72 0.996203
80 77 1.005779
80 15 1.071206
80 19 1.116284
80 66 1.109667
80 75 1.102425
80 64 1.135727
80 20 1.217728
80 71 1.213162
80 9 1.278238
80 82 1.228212
80 67 1.245108
80 40 1.274738
80 1 1.310903
80 53 1.275263
80 61 1.269189
80 33 1.299405
80 13 1.380827
80 38 1.356694
80 59 1.368515
80 81 1.344944
80 78 1.481487
80 74 1.486315
80 21 1.544327
80 49 1.515010
80 70 1.492432
80 34 1.531651
80 56 1.508416
80 26 1.577989
80 36 1.586995
80 58 1.597593
80 54 1.601859
80 42 1.615798
80 4 1.651590
80 27 1.645803
80 57 1.632159
80 69 1.638864
80 39 1.708760
80 63 1.695185
80 45 1.723024
80 25 1.769346
80 35 1.758894
80 73 1.719577
80 24 1.788217
80 79 1.747261
80 55 1.787252
80 43 1.809653
80 41 1.812429
80 46 1.837560
80 47 1.837171
80 60 1.833424
80 65 1.846849
80 48 1.865402
80 6 1.933594
80 68 1.871813
80 22 1.922739
80 50 1.908047
80 52 1.905400
80 23 1.938535
80 51 1.915598
80 37 1.940224
80 80 1.947526
81 9 0.270802
81 10 0.304931
81 8 0.390307
81 11 0.299526
81 3 0.426649
81 12 0.352868
81 5 0.494276
81 0 0.545133
81 1 0.565563
81 13 0.401774
81 14 0.465281
81 30 0.299913
81 29 0.307129
81 2 0.744803
81 4 0.750168
81 31 0.330947
81 6 0.851752
81 7 0.836738
81 33 0.482914
81 19 0.719537
81 28 0.579395
81 15 0.801482
81 17 0.762888
81 32 0.579952
81 20 0.871536
81 16 0.911280
81 18 0.884891
81 25 0.815294
81 71 0.451807
81 24 0.846476
81 21 0.903000
81 23 0.863239
81 44 0.685621
81 35 0.853020
81 34 0.854881
81 22 0.983851
81 38 0.824833
81 76 0.589524
81 77 0.624409
81 56 0.747734
81 61 0.743733
81 37 1.024234
81 43 1.002829
81 70 0.789299
81 62 0.869385
81 26 1.138986
81 40 1.014501
81 66 0.825884
81 53 0.965523
81 36 1.042758
81 78 0.781996
81 75 0.849063
81 59 0.955550
81 46 1.086930
81 39 1.125730
81 52 1.094436
81 41 1.140900
81 27 1.246888
81 63 1.010007
81 42 1.199732
81 58 1.076590
81 45 1.188482
81 82 0.957938
81 60 1.108853
81 50 1.212501
81 67 1.044476
81 47 1.226907
81 73 1.048625
81 51 1.242906
81 49 1.259931
81 68 1.080185
81 54 1.229664
81 64 1.136500
81 79 1.074448
81 69 1.133418
81 55 1.282738
81 80 1.127952
81 81 1.122279
81 74 1.161598
81 65 1.208942
81 57 1.269448
81 48 1.390117
81 72 1.231166
82 9 0.406817
82 0 0.594055
82 10 0.585282
82 11 0.584324
82 13 0.578475
82 1 0.594664
82 14 0.658425
82 53 0.635355
82 2 0.794318
82 8 0.804374
82 12 0.815123
82 4 0.846230
82 76 0.758346
82 21 0.840715
82 18 0.920121
82 15 0.928620
82 61 0.886919
82 59 0.889050
82 27 0.930518
82 62 0.887936
82 31 0.926761
82 3 0.974463
82 38 1.014136
82 7 1.067685
82 45 1.019538
82 5 1.070560
82 16 1.055890
82 71 1.015305
82 29 1.073562
82 23 1.110920
82 63 1.131002
82 56 1.146101
82 60 1.149648
82 26 1.295244
82 70 1.242605
82 40 1.278519
82 52 1.265642
82 55 1.262322
82 50 1.268483
82 30 1.293198
82 66 1.249724
82 73 1.242118
82 36 1.295495
82 25 1.309375
82 77 1.246915
82 57 1.270108
82 75 1.309174
82 33 1.359000
82 22 1.373783
82 28 1.368227
82 44 1.347727
82 32 1.384005
82 67 1.342991
82 6 1.419938
82 24 1.396286
82 64 1.374557
82 80 1.369507
82 78 1.385435
82 69 1.409002
82 34 1.451944
82 47 1.444317
82 81 1.428579
82 42 1.474572
82 20 1.523804
82 65 1.494097
82 68 1.501392
82 48 1.533013
82 39 1.561730
82 17 1.604251
82 19 1.614711
82 54 1.572780
82 43 1.600302
82 74 1.579039
82 51 1.613268
82 35 1.637201
82 72 1.612798
82 49 1.646035
82 37 1.683988
82 41 1.690115
82 82 1.648071
82 79 1.652477
82 46 1.692941
82 58 1.698520
83 9 0.321190
83 8 0.356410
83 10 0.428411
83 11 0.438216
83 12 0.456592
83 14 0.477090
83 5 0.535717
83 13 0.608809
83 3 0.618198
83 1 0.638994
83 2 0.639372
83 4 0.642736
83 7 0.793588
83 16 0.787275
83 30 0.756914
83 63 0.719140
83 66 0.766256
83 32 0.807072
83 53 0.816835
83 75 0.810496
83 6 0.941131
83 18 0.963940
83 29 0.947135
83 62 0.924988
83 61 0.929167
83 0 1.035247
83 15 1.024580
83 22 1.014631
83 56 0.983903
83 55 1.002304
83 24 1.089452
83 45 1.092115
83 59 1.101553
83 73 1.092816
83 71 1.097740
83 33 1.147215
83 51 1.124855
83 80 1.094767
83 52 1.132355
83 70 1.117559
83 35 1.179522
83 38 1.177598
83 23 1.223600
83 76 1.164658
83 48 1.209266
83 42 1.222088
83 46 1.250498
83 74 1.214155
83 31 1.271884
83 44 1.288453
83 28 1.309882
83 57 1.301739
83 77 1.273885
83 49 1.312671
83 34 1.345476
83 78 1.326841
83 20 1.459700
83 60 1.430834
83 40 1.460745
83 43 1.510336
83 64 1.498558
83 65 1.498881
83 81 1.513431
83 79 1.516233
83 41 1.571854
83 58 1.566641
83 36 1.598563
83 67 1.573252
83 72 1.579221
83 19 1.665187
83 68 1.604133
83 54 1.631612
83 21 1.688313
83 26 1.681455
83 82 1.612160
83 69 1.663489
83 39 1.707197
83 17 1.765824
83 25 1.756372
83 50 1.717606
83 27 1.755072
83 47 1.733243
83 37 1.770952
84 9 0.350570
84 10 0.398103
84 11 0.411263
84 8 0.463618
84 12 0.462115
84 13 0.475685
84 14 0.539458
84 5 0.707735
84 1 0.770163
84 17 0.806386
84 2 0.825201
84 70 0.715497
84 0 0.844746
84 6 0.840782
84 7 0.859085
84 77 0.751463
84 4 0.914800
84 15 0.914852
84 16 0.927940
84 20 0.967052
84 44 0.907859
84 18 0.981334
84 56 0.914817
84 21 1.023217
84 38 0.984045
84 31 1.015787
84 32 1.017263
84 28 1.090951
84 61 1.017859
84 64 1.084092
84 55 1.133960
84 71 1.133933
84 78 1.126233
84 76 1.129320
84 62 1.146754
84 66 1.141456
84 53 1.161998
84 43 1.191329
84 3 1.287356
84 27 1.258090
84 30 1.249283
84 59 1.220944
84 75 1.254291
84 22 1.357556
84 36 1.331957
84 72 1.277246
84 63 1.302110
84 40 1.364208
84 24 1.409800
84 65 1.338436
84 47 1.375358
84 19 1.443268
84 67 1.353474
84 29 1.437672
84 33 1.441172
84 41 1.432640
84 42 1.475251
84 25 1.524534
84 23 1.532991
84 54 1.467504
84 39 1.526074
84 60 1.489604
84 46 1.523908
84 45 1.539186
84 26 1.594337
84 50 1.541313
84 74 1.511108
84 68 1.530724
84 57 1.545382
84 58 1.559671
84 48 1.598842
84 79 1.565589
84 37 1.636865
84 49 1.611313
84 81 1.568926
84 34 1.653709
84 52 1.625222
84 51 1.640809
84 80 1.611133
84 82 1.621583
84 73 1.675087
84 69 1.695118
84 35 1.781837
85 11 0.395394
85 8 0.408452
85 10 0.409810
85 9 0.458264
85 3 0.476015
85 13 0.501679
85 12 0.515004
85 14 0.582765
85 5 0.625928
85 1 0.652105
85 30 0.706262
85 78 0.645569
85 32 0.705299
85 6 0.729196
85 0 0.813477
85 4 0.811136
85 66 0.746858
85 24 0.795658
85 28 0.831741
85 2 0.859206
85 15 0.856714
85 7 0.886701
85 31 0.869793
85 19 0.982920
85 79 0.921964
85 62 0.958129
85 59 0.981827
85 16 1.047731
85 33 1.031126
85 27 1.082818
85 53 1.071170
85 36 1.131797
85 75 1.089546
85 80 1.111824
85 61 1.138479
85 44 1.159032
85 47 1.160022
85 29 1.207447
85 76 1.148634
85 38 1.244256
85 63 1.212735
85 54 1.257569
85 17 1.302212
85 71 1.249078
85 26 1.305624
85 56 1.286427
85 70 1.278735
85 22 1.416571
85 21 1.418657
85 77 1.357135
85 18 1.464680
85 55 1.420748
85 82 1.397662
85 20 1.474971
85 74 1.442068
85 69 1.463287
85 34 1.510773
85 48 1.511073
85 37 1.534640
85 67 1.501909
85 50 1.543497
85 52 1.548822
85 35 1.572225
85 72 1.525068
85 46 1.613615
85 65 1.599276
85 73 1.587980
85 49 1.626030
85 40 1.651309
85 42 1.652748
85 45 1.659248
85 51 1.663770
85 64 1.664835
85 60 1.669736
85 43 1.695770
85 23 1.725809
85 25 1.723926
85 58 1.691149
85 68 1.682629
85 41 1.720857
85 81 1.675443
85 39 1.748584
85 57 1.743479
86 9 0.406027
86 11 0.558537
86 10 0.559663
86 8 0.654811
86 77 0.582918
86 63 0.710537
86 12 0.763374
86 78 0.704661
86 1 0.783478
86 14 0.776465
86 32 0.787374
86 4 0.842888
86 15 0.836710
86 53 0.883238
86 0 0.951319
86 62 0.900527
86 6 0.984211
86 2 1.129712
86 19 1.137156
86 17 1.148151
86 5 1.166681
86 56 1.117693
86 31 1.159138
86 70 1.119354
86 43 1.175332
86 30 1.196950
86 3 1.229912
86 45 1.195404
86 13 1.236204
86 28 1.222579
86 72 1.180199
86 39 1.245209
86 26 1.290778
86 66 1.249268
86 59 1.260236
86 61 1.280361
86 29 1.315816
86 76 1.286705
86 16 1.381109
86 33 1.383475
86 73 1.387042
86 36 1.461365
86 75 1.419997
86 74 1.433860
86 81 1.444062
86 68 1.477385
86 7 1.538851
86 46 1.549503
86 64 1.542172
86 21 1.590484
86 37 1.586287
86 35 1.588741
86 71 1.549047
86 38 1.587915
86 44 1.587121
86 79 1.592043
86 40 1.651804
86 57 1.643593
86 49 1.655670
86 34 1.698567
86 80 1.675986
86 58 1.717444
86 52 1.752570
86 25 1.788580
86 20 1.794519
86 67 1.746092
86 60 1.768761
86 27 1.809874
86 18 1.825071
86 55 1.794457
86 69 1.785375
86 47 1.815330
86 22 1.883993
86 48 1.860990
86 41 1.875988
86 23 1.909910
86 65 1.887998
86 54 1.912923
86 51 1.941676
86 82 1.911866
86 50 1.964638
86 42 1.995124
86 24 2.026180
87 8 0.339289
87 10 0.381563
87 9 0.435279
87 11 0.416755
87 14 0.409656
87 13 0.436774
87 12 0.555006
87 1 0.682358
87 28 0.511944
87 6 0.694564
87 4 0.749848
87 30 0.550401
87 3 0.783853
87 31 0.548505
87 0 0.832867
87 2 0.827076
87 22 0.757641
87 29 0.687553
87 7 0.887333
87 21 0.784943
87 32 0.613237
87 25 0.817306
87 15 0.869317
87 17 0.871412
87 24 0.863988
87 33 0.651813
87 5 1.075607
87 26 0.913256
87 44 0.375597
87 34 0.720843
87 18 1.011114
87 19 1.038958
87 40 0.679459
87 56 0.392620
87 59 0.395508
87 20 1.108144
87 27 1.065225
87 61 0.372722
87 38 0.801737
87 35 0.919145
87 36 0.832692
87 53 0.525262
87 16 1.226218
87 62 0.464521
87 63 0.475046
87 66 0.475006
87 46 0.733586
87 54 0.651061
87 42 0.923451
87 39 0.952262
87 45 0.761670
87 47 0.777751
87 23 1.367696
87 71 0.523064
87 41 0.984419
87 70 0.578783
87 48 0.846367
87 77 0.582920
87 78 0.586670
87 37 1.141499
87 75 0.604706
87 76 0.603451
87 57 0.807174
87 43 0.949721
87 80 0.606500
87 52 0.897246
87 55 0.879938
87 73 0.711008
87 50 0.918170
87 49 0.953464
87 65 0.815289
87 51 0.973136
87 67 0.820197
87 60 0.893349
87 82 0.757317
87 58 1.027062
87 69 0.907636
87 79 0.820430
87 68 0.960827
87 74 0.896798
87 72 0.920021
87 81 0.856460
87 64 1.036552
88 11 0.345790
88 9 0.356906
88 10 0.356195
88 8 0.395278
88 12 0.437760
88 13 0.496769
88 14 0.498116
88 1 0.637196
88 3 0.683542
88 5 0.713034
88 2 0.770922
88 29 0.628092
88 28 0.633917
88 0 0.821363
88 4 0.808976
88 31 0.630122
88 7 0.830778
88 30 0.678527
88 33 0.756269
88 6 1.005384
88 32 0.813379
88 44 0.503488
88 18 0.960564
88 15 1.015736
88 16 1.140437
88 17 1.164756
88 19 1.178800
88 56 0.567216
88 21 1.207546
88 53 0.638277
88 25 1.265660
88 23 1.309620
88 22 1.323226
88 26 1.292129
88 61 0.638627
88 36 1.157928
88 24 1.444022
88 42 1.097731
88 35 1.210689
88 59 0.813143
88 27 1.453307
88 39 1.180634
88 78 0.618362
88 77 0.703458
88 62 0.867024
88 70 0.834160
88 40 1.195040
88 66 0.878668
88 76 0.730986
88 38 1.273505
88 71 0.876611
88 20 1.611183
88 34 1.394637
88 41 1.241174
88 45 1.189629
88 48 1.206285
88 37 1.366107
88 75 0.884835
88 46 1.270568
88 50 1.238219
88 57 1.119982
88 43 1.343527
88 55 1.168503
88 63 1.101885
88 60 1.124792
88 51 1.347509
88 68 1.182481
88 64 1.200662
88 47 1.446078
88 73 1.189576
88 49 1.449834
88 69 1.289286
88 54 1.409402
88 79 1.116472
88 58 1.382044
88 65 1.333753
88 82 1.099869
88 67 1.343643
88 52 1.521388
88 74 1.346367
88 80 1.259748
88 81 1.268988
88 72 1.456293
89 8 0.396706
89 9 0.416943
89 10 0.450750
89 12 0.448715
89 11 0.461232
89 14 0.490751
89 13 0.540663
89 3 0.633259
89 1 0.709598
89 62 0.717973
89 0 0.825312
89 30 0.775190
89 31 0.787914
89 5 0.843139
89 2 0.956408
89 77 0.846304
89 4 1.001891
89 29 1.036871
89 61 1.010179
89 7 1.120248
89 15 1.120253
89 44 1.085463
89 71 1.073440
89 76 1.073166
89 16 1.210642
89 20 1.234857
89 6 1.283946
89 22 1.255076
89 33 1.290655
89 28 1.297646
89 18 1.358004
89 23 1.411782
89 70 1.346185
89 73 1.345168
89 78 1.347654
89 17 1.449973
89 53 1.401378
89 74 1.435917
89 66 1.478311
89 27 1.546743
89 72 1.497505
89 59 1.538181
89 56 1.572688
89 32 1.619059
89 25 1.660914
89 75 1.624797
89 21 1.704124
89 41 1.696853
89 40 1.751517
89 58 1.743952
89 81 1.707582
89 19 1.829029
89 43 1.825189
89 35 1.843052
89 57 1.821036
89 49 1.843911
89 24 1.887765
89 26 1.893599
89 38 1.895063
89 37 1.899692
89 64 1.925350
89 52 2.041282
89 69 2.025190
89 47 2.065860
89 42 2.073295
89 45 2.083947
89 65 2.127337
89 48 2.166993
89 68 2.144363
89 39 2.196754
89 55 2.179535
89 36 2.217166
89 63 2.191098
89 60 2.197045
89 50 2.209183
89 54 2.220285
89 67 2.205242
89 34 2.249327
89 79 2.191641
89 80 2.197340
89 82 2.221330
89 51 2.385646
89 46 2.412780
90 11 0.373397
90 9 0.381466
90 10 0.458568
90 13 0.454574
90 12 0.458043
90 8 0.487848
90 3 0.515293
90 5 0.534082
90 16 0.607820
90 14 0.617876
90 0 0.731063
90 1 0.746488
90 7 0.730041
90 33 0.730920
90 18 0.777595
90 6 0.852289
90 20 0.828203
90 28 0.827478
90 17 0.869081
90 29 0.865669
90 19 0.902533
90 31 0.990061
90 21 1.008161
90 4 1.056479
90 44 0.994897
90 2 1.090455
90 43 1.038622
90 36 1.055312
90 53 1.032915
90 25 1.068597
90 32 1.084741
90 56 1.049039
90 22 1.098373
90 24 1.096957
90 78 0.921133
90 71 1.047530
90 27 1.264078
90 51 1.234751
90 61 1.196142
90 76 1.024203
90 30 1.262560
90 77 1.014654
90 23 1.285457
90 75 1.046468
90 62 1.206305
90 37 1.309014
90 66 1.214874
90 35 1.343275
90 52 1.356840
90 26 1.390785
90 70 1.281196
90 59 1.375264
90 47 1.425170
90 60 1.397601
90 69 1.320787
90 45 1.453385
90 55 1.464085
90 34 1.491355
90 57 1.471443
90 58 1.471004
90 79 1.291831
90 38 1.585084
90 68 1.479426
90 73 1.431020
90 41 1.588244
90 80 1.297420
90 46 1.624561
90 74 1.430605
90 49 1.629075
90 63 1.570844
90 82 1.311396
90 65 1.572970
90 40 1.660207
90 50 1.649761
90 15 1.691245
90 81 1.367655
90 64 1.614038
90 39 1.696102
90 67 1.611635
90 72 1.591293
90 48 1.783337
90 54 1.799073
90 42 1.828220
91 8 0.368685
91 9 0.463679
91 12 0.469926
91 10 0.473829
91 13 0.541484
91 11 0.546920
91 4 0.778338
91 2 0.800252
91 0 0.863188
91 7 0.855791
91 31 0.824864
91 3 0.878839
91 5 0.877712
91 1 0.912129
91 17 0.891482
91 15 0.899506
91 29 0.883839
91 62 0.863047
91 16 0.918475
91 70 0.908935
91 33 1.029275
91 56 1.004489
91 78 0.983523
91 35 1.051708
91 77 1.041210
91 14 1.120844
91 32 1.112249
91 24 1.133465
91 71 1.077465
91 6 1.182416
91 53 1.176162
91 20 1.268262
91 18 1.277736
91 21 1.294583
91 76 1.249400
91 22 1.317968
91 28 1.375774
91 75 1.319265
91 30 1.436784
91 54 1.412028
91 49 1.418876
91 65 1.402604
91 46 1.424925
91 44 1.477887
91 61 1.477477
91 19 1.524417
91 59 1.500444
91 37 1.525157
91 63 1.501412
91 23 1.677783
91 38 1.661665
91 47 1.652448
91 51 1.648860
91 66 1.631653
91 55 1.645013
91 50 1.651799
91 27 1.692671
91 58 1.667429
91 40 1.710599
91 52 1.701787
91 34 1.727216
91 45 1.726310
91 72 1.696536
91 48 1.736693
91 42 1.744605
91 68 1.727593
91 79 1.709381
91 82 1.720770
91 67 1.750642
91 60 1.759000
91 64 1.785660
91 36 1.825652
91 25 1.841803
91 69 1.790295
91 80 1.781691
91 41 1.851233
91 43 1.859457
91 81 1.814022
91 26 1.904681
91 74 1.849561
91 73 1.858148
91 57 1.908144
91 39 1.997512
92 9 0.354284
92 13 0.468033
92 8 0.499899
92 14 0.499029
92 10 0.502594
92 12 0.502215
92 11 0.618488
92 78 0.544820
92 2 0.735098
92 3 0.745819
92 71 0.684141
92 77 0.690398
92 21 0.819626
92 63 0.792602
92 28 0.893105
92 29 0.937394
92 0 0.982530
92 44 0.968259
92 1 1.031153
92 5 1.029312
92 42 1.008823
92 15 1.051321
92 17 1.205392
92 61 1.157453
92 4 1.216681
92 49 1.171126
92 59 1.198519
92 80 1.253920
92 62 1.277570
92 31 1.333082
92 53 1.321648
92 32 1.356642
92 35 1.393963
92 70 1.404854
92 76 1.448713
92 24 1.509492
92 56 1.473131
92 51 1.485338
92 65 1.471834
92 75 1.489035
92 66 1.502149
92 43 1.565646
92 16 1.594855
92 68 1.559591
92 33 1.617926
92 41 1.622362
92 30 1.635228
92 55 1.618642
92 25 1.706915
92 19 1.746766
92 74 1.703788
92 45 1.760481
92 50 1.797096
92 69 1.787750
92 18 1.846853
92 64 1.824311
92 40 1.870028
92 22 1.890422
92 27 1.973511
92 54 1.944124
92 6 1.995856
92 7 1.995151
92 67 1.931732
92 37 1.970606
92 73 1.939616
92 20 2.004341
92 23 2.026574
92 38 2.030535
92 57 2.010155
92 46 2.024830
92 81 1.997858
92 47 2.038784
92 26 2.062707
92 60 2.082368
92 39 2.113076
92 82 2.063955
92 34 2.141181
92 72 2.117967
92 36 2.170602
92 48 2.166030
92 52 2.161579
92 79 2.175001
92 58 2.293690
93 10 0.518869
93 11 0.547692
93 9 0.549669
93 13 0.601710
93 12 0.624296
93 14 0.696336
93 8 0.748258
93 75 0.781464
93 59 0.835486
93 19 0.900399
93 0 0.913455
93 21 0.944805
93 62 0.903791
93 3 0.982807
93 4 1.009607
93 64 0.973145
93 44 1.145785
93 5 1.184107
93 1 1.242401
93 7 1.239087
93 2 1.242967
93 32 1.217522
93 78 1.164096
93 56 1.256695
93 63 1.340814
93 17 1.421129
93 51 1.383951
93 53 1.425350
93 29 1.454065
93 68 1.465683
93 50 1.485406
93 16 1.558352
93 72 1.506657
93 74 1.501473
93 42 1.540285
93 15 1.570838
93 61 1.520041
93 28 1.600758
93 71 1.576700
93 40 1.612570
93 66 1.681796
93 82 1.661552
93 30 1.725393
93 76 1.670605
93 31 1.728387
93 70 1.723135
93 20 1.780690
93 77 1.713857
93 33 1.814242
93 54 1.791413
93 52 1.794769
93 57 1.789961
93 73 1.781255
93 80 1.820681
93 25 1.952675
93 58 1.914318
93 38 1.946965
93 67 1.925931
93 26 2.013224
93 35 2.032848
93 18 2.082400
93 55 2.049887
93 81 2.026884
93 41 2.178022
93 6 2.222502
93 34 2.240792
93 65 2.214010
93 24 2.271940
93 36 2.273631
93 47 2.260285
93 27 2.299812
93 49 2.283576
93 37 2.393487
93 60 2.367176
93 39 2.392517
93 69 2.360199
93 46 2.386090
93 22 2.415035
93 23 2.414677
93 48 2.384498
93 79 2.347928
93 45 2.389603
93 43 2.398164
94 9 0.863439
94 11 0.862453
94 75 0.821145
94 1 0.902179
94 59 0.843610
94 0 0.904600
94 5 0.902056
94 13 0.896765
94 14 0.896945
94 7 0.902740
94 3 0.946537
94 8 0.995305
94 4 0.998686
94 10 0.995932
94 12 0.995649
94 2 1.003464
94 77 0.962496
94 18 1.139712
94 53 1.106618
94 62 1.098146
94 71 1.087359
94 6 1.159115
94 32 1.304827
94 79 1.290049
94 28 1.352178
94 29 1.352257
94 70 1.303796
94 44 1.335083
94 54 1.367858
94 66 1.354816
94 17 1.471644
94 33 1.477775
94 38 1.471257
94 56 1.451528
94 16 1.509257
94 43 1.502192
94 20 1.554829
94 74 1.492387
94 58 1.513706
94 19 1.586208
94 35 1.569530
94 30 1.600479
94 26 1.606500
94 61 1.603332
94 63 1.623197
94 78 1.605185
94 60 1.641159
94 24 1.683693
94 45 1.671907
94 21 1.722591
94 36 1.818282
94 76 1.770908
94 31 1.825555
94 81 1.765931
94 23 1.884100
94 48 1.869894
94 37 1.883023
94 69 1.873925
94 15 1.935175
94 68 1.899418
94 27 1.957217
94 42 1.940189
94 34 1.961930
94 72 1.935478
94 52 1.969168
94 64 1.958352
94 57 1.976238
94 25 2.014726
94 47 2.039761
94 22 2.070152
94 40 2.073021
94 51 2.080587
94 67 2.071760
94 46 2.107058
94 73 2.086839
94 41 2.134791
94 80 2.088499
94 50 2.140856
94 39 2.174651
94 82 2.161189
94 55 2.242480
94 65 2.240692
94 49 2.379395
95 9 0.510798
95 10 0.526608
95 8 0.573289
95 14 0.569031
95 13 0.587814
95 11 0.589830
95 3 0.701479
95 12 0.760043
95 44 0.725615
95 1 0.846659
95 4 0.903863
95 0 0.926879
95 76 0.869572
95 5 0.962356
95 77 0.884362
95 75 0.894048
95 16 1.014126
95 56 1.006347
95 32 1.049300
95 30 1.101916
95 40 1.143035
95 61 1.125293
95 78 1.123765
95 27 1.234928
95 33 1.250263
95 60 1.218746
95 74 1.224006
95 2 1.320718
95 7 1.317631
95 66 1.293029
95 70 1.286422
95 25 1.346888
95 29 1.366376
95 31 1.384239
95 18 1.425093
95 15 1.427762
95 6 1.437356
95 71 1.381542
95 80 1.420812
95 24 1.488994
95 53 1.466830
95 57 1.461747
95 17 1.519057
95 28 1.516100
95 62 1.475546
95 59 1.483017
95 79 1.520125
95 50 1.582949
95 82 1.562890
95 65 1.604242
95 73 1.645913
95 67 1.655319
95 49 1.695994
95 43 1.718227
95 22 1.744710
95 45 1.718215
95 19 1.764708
95 64 1.730131
95 55 1.849348
95 37 1.874181
95 23 1.891242
95 81 1.821266
95 34 1.879949
95 69 1.837293
95 63 1.846471
95 51 1.861851
95 35 1.881965
95 38 1.879034
95 42 1.880751
95 58 1.869488
95 36 1.898555
95 20 1.917917
95 21 1.930734
95 68 1.873663
95 48 1.899411
95 52 1.921911
95 54 1.948374
95 26 1.995073
95 46 1.972727
95 47 1.995530
95 39 2.007786
95 72 2.001268
95 41 2.062071
96 8 0.397129
96 11 0.362199
96 10 0.473584
96 14 0.386786
96 9 0.516506
96 12 0.491251
96 13 0.520299
96 7 0.655380
96 5 0.674607
96 3 0.705090
96 6 0.737366
96 0 0.767285
96 1 0.795753
96 2 0.791205
96 29 0.452336
96 4 0.926222
96 16 0.778730
96 32 0.484885
96 28 0.498407
96 31 0.578455
96 30 0.581271
96 15 0.889763
96 33 0.572718
96 17 0.932882
96 20 0.917857
96 18 1.042699
96 42 0.670535
96 62 0.697198
96 23 1.032111
96 35 0.920838
96 44 0.859754
96 21 1.141527
96 19 1.206097
96 47 0.864279
96 63 0.740633
96 27 1.030038
96 22 1.122881
96 50 0.874038
96 25 1.057537
96 43 0.912052
96 59 0.819001
96 38 0.971404
96 24 1.104848
96 53 0.891930
96 36 1.057190
96 39 1.036551
96 56 0.914901
96 45 1.012822
96 61 0.921966
96 34 1.111452
96 71 0.849274
96 78 0.751827
96 70 0.873393
96 48 1.055763
96 76 0.840810
96 66 0.938018
96 64 0.965886
96 40 1.128853
96 77 0.855481
96 26 1.256491
96 60 1.013818
96 37 1.243535
96 75 0.965350
96 41 1.269985
96 72 1.097066
96 55 1.217670
96 52 1.243075
96 68 1.139790
96 54 1.248169
96 57 1.246997
96 51 1.297295
96 81 1.015592
96 58 1.256527
96 46 1.351449
96 73 1.208185
96 80 1.093114
96 65 1.280732
96 74 1.241051
96 82 1.105063
96 67 1.310597
96 79 1.162460
96 69 1.304466
96 49 1.477760
97 9 0.367807
97 12 0.550857
97 10 0.584824
97 11 0.636591
97 8 0.648458
97 3 0.679590
97 0 0.684446
97 19 0.705711
97 13 0.722835
97 32 0.703927
97 6 0.857737
97 4 0.874005
97 29 0.850838
97 17 0.899600
97 14 0.924484
97 7 0.999521
97 2 1.010714
97 39 1.059445
97 16 1.121315
97 5 1.149580
97 22 1.204694
97 66 1.165694
97 76 1.243628
97 34 1.301484
97 28 1.343410
97 35 1.335836
97 61 1.337006
97 75 1.321306
97 30 1.373851
97 27 1.378503
97 1 1.403227
97 70 1.353653
97 20 1.411983
97 38 1.391203
97 44 1.386721
97 78 1.285612
97 43 1.432570
97 24 1.473156
97 23 1.477436
97 80 1.299047
97 59 1.474170
97 81 1.305234
97 26 1.580986
97 62 1.540103
97 57 1.566709
97 56 1.584345
97 71 1.567629
97 15 1.633770
97 53 1.601391
97 69 1.583923
97 21 1.641733
97 58 1.599107
97 33 1.645800
97 48 1.659760
97 45 1.674495
97 77 1.658386
97 31 1.723614
97 82 1.519900
97 41 1.731906
97 60 1.725299
97 37 1.762660
97 18 1.800975
97 46 1.770370
97 68 1.766711
97 47 1.798092
97 40 1.806050
97 74 1.781066
97 65 1.824172
97 54 1.843748
97 49 1.848788
97 72 1.830686
97 67 1.845571
97 50 1.863970
97 36 1.882435
97 51 1.895115
97 25 1.926958
97 42 1.915140
97 52 1.921724
97 73 1.908200
97 79 1.846638
97 55 2.002131
97 63 2.067608
97 64 2.103205
98 8 0.568646
98 12 0.605232
98 14 0.732577
98 13 0.777379
98 1 0.848811
98 0 0.896776
98 30 0.871588
98 66 0.890577
98 70 0.901097
98 10 1.077668
98 77 1.056993
98 75 1.061212
98 17 1.134317
98 9 1.195476
98 2 1.251887
98 4 1.251284
98 50 1.253820
98 29 1.282724
98 76 1.225373
98 20 1.336966
98 32 1.414657
98 57 1.384832
98 22 1.478024
98 56 1.441768
98 31 1.530185
98 19 1.544878
98 35 1.583534
98 44 1.571479
98 23 1.631391
98 3 1.647199
98 58 1.623149
98 79 1.608678
98 15 1.718258
98 11 1.749925
98 28 1.736683
98 82 1.692271
98 43 1.743713
98 5 1.829978
98 16 1.823252
98 53 1.792848
98 78 1.759116
98 71 1.770913
98 18 1.909741
98 38 1.886971
98 59 1.862541
98 61 1.860185
98 25 1.925875
98 34 1.953555
98 63 1.917744
98 27 1.979168
98 62 1.950201
98 6 2.013552
98 72 2.135800
98 55 2.162063
98 24 2.201251
98 52 2.166842
98 7 2.248234
98 80 2.177373
98 60 2.207239
98 33 2.295937
98 21 2.346453
98 67 2.339165
98 42 2.371597
98 49 2.388743
98 81 2.370670
98 51 2.429615
98 68 2.432053
98 74 2.435422
98 65 2.463310
98 26 2.536391
98 36 2.537053
98 45 2.537255
98 40 2.568440
98 64 2.549701
98 73 2.546448
98 41 2.610251
98 47 2.641132
98 69 2.626191
98 37 2.682818
98 48 2.682355
98 46 2.696670
98 39 2.719229
98 54 2.734822
99 10 0.564096
99 8 0.589663
99 11 0.588811
99 12 0.626825
99 9 0.687851
99 13 0.685798
99 78 0.854476
99 14 1.072835
99 3 1.081169
99 1 1.107924
99 16 1.116691
99 33 1.098642
99 4 1.210450
99 20 1.197575
99 5 1.234298
99 2 1.261051
99 75 1.167060
99 38 1.287273
99 41 1.316953
99 64 1.304692
99 19 1.403704
99 7 1.415539
99 71 1.330577
99 53 1.437332
99 21 1.518650
99 55 1.509160
99 66 1.545765
99 76 1.554083
99 31 1.621608
99 17 1.640398
99 59 1.611421
99 36 1.644059
99 47 1.628167
99 23 1.855162
99 77 1.776705
99 44 1.826271
99 6 1.874554
99 30 1.850002
99 32 1.848370
99 62 1.804998
99 61 1.807326
99 50 1.841267
99 28 1.939334
99 68 1.935414
99 18 2.006325
99 29 2.010909
99 0 2.040060
99 56 1.973443
99 70 1.968256
99 49 2.019105
99 63 2.044411
99 54 2.062695
99 26 2.142555
99 79 2.066060
99 15 2.158421
99 45 2.181622
99 35 2.215636
99 65 2.174705
99 67 2.190129
99 24 2.270414
99 58 2.250224
99 72 2.229167
99 42 2.274920
99 43 2.321730
99 57 2.321689
99 22 2.391668
99 39 2.384001
99 37 2.404844
99 48 2.389434
99 80 2.342301
99 82 2.354575
99 46 2.427427
99 81 2.391427
99 60 2.441978
99 69 2.439738
99 27 2.515850
99 52 2.504150
99 40 2.530823
99 74 2.500329
99 34 2.560606
99 73 2.532862
99 51 2.567047
99 25 2.623212
100 9 0.284133
100 8 0.386117
100 11 0.369408
100 3 0.518305
100 10 0.508236
100 13 0.432112
100 12 0.482660
100 0 0.654875
100 14 0.542396
100 1 0.675933
100 5 0.725125
100 32 0.312451
100 2 0.808188
100 33 0.332986
100 31 0.401593
100 28 0.516834
100 29 0.484967
100 7 0.899455
100 4 0.917977
100 30 0.562391
100 19 0.837806
100 21 0.852930
100 25 0.811895
100 17 0.958964
100 61 0.453569
100 53 0.567696
100 27 0.901414
100 15 1.084019
100 23 0.961238
100 56 0.580069
100 26 0.969586
100 6 1.327144
100 44 0.680811
100 63 0.587773
100 59 0.625808
100 39 0.825702
100 62 0.645659
100 16 1.209749
100 24 1.119018
100 20 1.205782
100 22 1.219931
100 42 0.915513
100 18 1.252314
100 41 0.987733
100 76 0.649815
100 55 0.912985
100 66 0.815128
100 77 0.670840
100 49 1.021169
100 47 1.045816
100 75 0.780396
100 43 1.122119
100 45 1.095752
100 71 0.864690
100 54 1.064913
100 38 1.214241
100 48 1.141040
100 70 0.914064
100 50 1.129377
100 51 1.143029
100 57 1.136427
100 78 0.871113
100 36 1.320467
100 80 0.861208
100 34 1.335759
100 40 1.327092
100 69 1.021802
100 46 1.258176
100 37 1.364598
100 68 1.081480
100 52 1.280441
100 64 1.202617
100 65 1.209083
100 73 1.124813
100 35 1.479845
100 67 1.233094
100 58 1.363000
100 79 1.106029
100 74 1.212440
100 60 1.394923
100 72 1.309869
100 82 1.229945
100 81 1.269332
101 10 0.511199
101 14 0.572430
101 13 0.573611
101 11 0.778842
101 9 0.782324
101 5 0.786088
101 0 0.790664
101 3 0.788901
101 77 0.807023
101 56 0.835632
101 4 0.890978
101 71 0.819490
101 59 0.834024
101 61 0.832242
101 6 0.894250
101 7 0.982963
101 70 0.914355
101 44 0.947872
101 16 0.978934
101 12 0.982133
101 2 0.994928
101 15 1.030491
101 8 1.051198
101 58 0.997071
101 1 1.090553
101 81 1.029352
101 17 1.113164
101 29 1.118842
101 76 1.114970
101 64 1.192598
101 66 1.235059
101 32 1.277517
101 68 1.255935
101 63 1.324792
101 48 1.389614
101 54 1.383422
101 24 1.419862
101 67 1.368765
101 75 1.357167
101 69 1.384309
101 49 1.454516
101 51 1.455657
101 53 1.467537
101 28 1.530540
101 40 1.517648
101 38 1.520226
101 55 1.516066
101 33 1.561350
101 52 1.540642
101 20 1.593208
101 43 1.585862
101 65 1.559647
101 37 1.594929
101 27 1.608399
101 31 1.604693
101 30 1.605625
101 45 1.601186
101 62 1.623669
101 78 1.602237
101 19 1.702314
101 60 1.669320
101 80 1.643328
101 22 1.813978
101 41 1.793641
101 72 1.756601
101 73 1.755070
101 57 1.774839
101 36 1.801291
101 39 1.821276
101 21 1.854986
101 18 1.901205
101 23 1.896597
101 50 1.886933
101 35 1.906329
101 46 1.925076
101 82 1.889585
101 42 1.942900
101 47 1.937285
101 74 1.905285
101 79 1.919600
101 25 2.008834
101 26 2.042553
101 34 2.052603
102 8 0.388865
102 9 0.430143
102 10 0.448757
102 14 0.511060
102 12 0.520281
102 11 0.550832
102 13 0.605687
102 0 0.644297
102 3 0.647793
102 5 0.731257
102 1 0.736013
102 4 0.792708
102 29 0.757166
102 2 0.819296
102 28 0.789319
102 76 0.735661
102 15 0.881052
102 77 0.834232
102 32 0.892092
102 53 0.871444
102 31 0.914676
102 17 0.951459
102 6 1.019932
102 75 0.955131
102 7 1.082358
102 66 1.098195
102 56 1.119525
102 33 1.210674
102 78 1.156297
102 73 1.164182
102 21 1.260616
102 38 1.242770
102 40 1.265542
102 18 1.344109
102 22 1.345604
102 34 1.334544
102 62 1.310668
102 44 1.376844
102 71 1.343572
102 42 1.381075
102 60 1.360029
102 58 1.405871
102 63 1.422635
102 59 1.427490
102 37 1.462172
102 61 1.451062
102 30 1.487414
102 19 1.501554
102 70 1.475867
102 74 1.481660
102 24 1.541180
102 57 1.504712
102 68 1.514200
102 64 1.531623
102 80 1.510059
102 48 1.566591
102 81 1.532462
102 39 1.592356
102 72 1.552114
102 79 1.561948
102 67 1.586553
102 52 1.614843
102 46 1.630487
102 50 1.627515
102 51 1.639812
102 25 1.680643
102 36 1.674502
102 27 1.685531
102 54 1.677520
102 16 1.729615
102 41 1.702203
102 47 1.696314
102 23 1.729437
102 69 1.767966
102 55 1.787051
102 26 1.822168
102 35 1.812149
102 43 1.805037
102 20 1.829570
102 45 1.803016
102 65 1.807348
102 49 1.826577
102 82 1.798957
103 13 0.458479
103 9 0.480321
103 12 0.548924
103 10 0.550676
103 11 0.550666
103 8 0.639620
103 14 0.674604
103 2 0.775100
103 0 0.797705
103 1 0.819378
103 3 0.852720
103 6 1.001398
103 28 0.983798
103 16 0.995557
103 15 0.996780
103 59 0.944261
103 78 0.963408
103 71 0.972393
103 44 1.011212
103 7 1.051192
103 33 1.123666
103 57 1.092490
103 68 1.122089
103 75 1.114779
103 4 1.248523
103 58 1.190308
103 43 1.264255
103 21 1.296667
103 56 1.267742
103 60 1.293109
103 61 1.307720
103 67 1.301146
103 29 1.396771
103 62 1.393309
103 38 1.425449
103 19 1.450377
103 27 1.457028
103 72 1.416164
103 70 1.436125
103 48 1.510372
103 32 1.531331
103 77 1.474047
103 63 1.496780
103 76 1.491730
103 66 1.505853
103 52 1.524990
103 53 1.524492
103 5 1.576538
103 30 1.615097
103 26 1.625758
103 80 1.555696
103 49 1.612540
103 50 1.612549
103 31 1.638300
103 42 1.624039
103 22 1.678108
103 18 1.695629
103 65 1.651352
103 64 1.666981
103 25 1.745123
103 36 1.732106
103 24 1.760840
103 40 1.739395
103 20 1.777864
103 47 1.745274
103 45 1.847256
103 69 1.839698
103 46 1.870826
103 37 1.894148
103 82 1.836964
103 54 1.875257
103 73 1.869362
103 35 1.940889
103 39 1.983634
103 23 2.017563
103 74 1.952437
103 17 2.024535
103 34 2.007475
103 79 1.979292
103 81 1.989579
103 41 2.072316
103 51 2.109445
103 55 2.125995
104 9 0.357840
104 8 0.405609
104 11 0.422181
104 10 0.437349
104 12 0.460274
104 14 0.487565
104 2 0.733132
104 5 0.753190
104 4 0.754411
104 0 0.957019
104 16 0.940887
104 18 0.956126
104 75 0.861404
104 33 0.963075
104 15 1.036126
104 13 1.065892
104 44 1.031917
104 6 1.104330
104 70 1.029578
104 7 1.178008
104 3 1.181902
104 1 1.255405
104 59 1.168211
104 77 1.128072
104 31 1.211065
104 79 1.139509
104 45 1.221844
104 53 1.212615
104 40 1.231379
104 22 1.268835
104 21 1.304021
104 17 1.415516
104 24 1.392459
104 19 1.408852
104 35 1.379449
104 28 1.405069
104 80 1.332376
104 29 1.421938
104 56 1.435083
104 76 1.393207
104 62 1.429615
104 71 1.445436
104 47 1.480939
104 61 1.468900
104 78 1.432736
104 42 1.501920
104 23 1.530435
104 20 1.553913
104 37 1.528683
104 66 1.516064
104 34 1.554676
104 64 1.520409
104 65 1.520327
104 32 1.598202
104 30 1.613677
104 72 1.575988
104 73 1.579469
104 43 1.650426
104 81 1.600611
104 38 1.698813
104 36 1.710282
104 51 1.692876
104 25 1.728696
104 63 1.718322
104 50 1.733705
104 52 1.736462
104 55 1.764057
104 57 1.771503
104 60 1.794722
104 39 1.820585
104 82 1.739497
104 27 1.842727
104 26 1.843681
104 54 1.839398
104 74 1.822081
104 67 1.843716
104 46 1.952891
104 69 1.922751
104 68 1.924952
104 49 1.952098
104 41 1.964244
104 48 1.953643
104 58 1.965555
105 10 0.414282
105 12 0.477488
105 9 0.499449
105 8 0.509147
105 0 0.555343
105 14 0.559378
105 13 0.563710
105 11 0.616631
105 1 0.771475
105 6 0.798611
105 3 0.850307
105 2 0.870393
105 31 0.796766
105 5 0.858798
105 7 0.952950
105 28 0.906500
105 29 0.915036
105 4 1.072116
105 30 1.036319
105 33 1.032853
105 44 0.992845
105 15 1.151127
105 32 1.116003
105 17 1.370629
105 16 1.428623
105 56 1.201001
105 77 0.807935
105 40 1.502154
105 18 1.570938
105 23 1.559793
105 22 1.562938
105 19 1.572061
105 37 1.548279
105 45 1.516342
105 24 1.653979
105 76 1.076139
105 38 1.646062
105 21 1.684854
105 35 1.689920
105 39 1.680919
105 25 1.731136
105 34 1.708126
105 26 1.730236
105 41 1.712623
105 62 1.332698
105 57 1.472787
105 71 1.257705
105 66 1.297799
105 70 1.292920
105 46 1.755475
105 78 1.196838
105 61 1.452851
105 59 1.480446
105 36 1.850110
105 53 1.716559
105 75 1.327729
105 20 1.928892
105 73 1.386353
105 68 1.484685
105 50 1.890082
105 27 1.989136
105 54 1.806434
105 43 1.979919
105 52 1.960381
105 51 1.986686
105 60 1.738177
105 47 2.039360
105 58 1.864468
105 69 1.683940
105 42 2.171368
105 80 1.517480
105 74 1.641613
105 48 2.137305
105 64 1.804498
105 63 1.831025
105 82 1.550436
105 67 1.817893
105 55 2.117388
105 72 1.792012
105 65 1.863914
105 81 1.658214
105 49 2.284087
105 79 1.758302
106 9 0.566960
106 14 0.604532
106 32 0.585040
106 8 0.660090
106 12 0.658144
106 10 0.744230
106 1 0.847808
106 29 0.853133
106 33 1.015275
106 0 1.049897
106 16 1.038047
106 11 1.042619
106 5 1.047725
106 44 1.004961
106 40 1.010806
106 13 1.043419
106 6 1.085672
106 4 1.087876
106 61 1.086174
106 15 1.165814
106 31 1.181558
106 2 1.230053
106 78 0.975065
106 53 1.275777
106 35 1.330960
106 24 1.348129
106 3 1.366464
106 30 1.341546
106 59 1.307379
106 45 1.338483
106 39 1.346824
106 27 1.385658
106 26 1.398398
106 17 1.443321
106 19 1.441792
106 66 1.443658
106 20 1.515837
106 71 1.319311
106 56 1.538280
106 22 1.582881
106 42 1.640290
106 62 1.614938
106 70 1.485608
106 72 1.510355
106 77 1.474308
106 63 1.665742
106 75 1.488854
106 7 1.744644
106 28 1.725881
106 68 1.739152
106 54 1.763673
106 58 1.771741
106 43 1.792369
106 69 1.660932
106 76 1.594484
106 50 1.815859
106 25 1.872152
106 67 1.876325
106 23 1.948955
106 57 1.903868
106 79 1.709494
106 18 1.974798
106 60 1.931513
106 74 1.778230
106 34 2.029044
106 73 1.854927
106 65 2.023793
106 41 2.066181
106 37 2.081785
106 82 1.834464
106 48 2.080191
106 51 2.076553
106 47 2.082983
106 55 2.081484
106 38 2.113540
106 80 1.897878
106 46 2.126633
106 21 2.160890
106 52 2.141151
106 36 2.161814
106 81 1.939358
106 49 2.170387
106 64 2.187214
107 8 0.525568
107 9 0.552681
107 14 0.571492
107 11 0.617003
107 12 0.637949
107 10 0.712749
107 0 0.720993
107 3 0.768725
107 61 0.799008
107 2 0.879466
107 1 0.898870
107 56 0.841189
107 70 0.838847
107 78 0.829171
107 75 0.929384
107 5 1.055188
107 4 1.060995
107 53 1.011466
107 13 1.056800
107 32 1.037842
107 6 1.065372
107 7 1.137783
107 66 1.077043
107 30 1.152127
107 16 1.197790
107 29 1.318696
107 33 1.314923
107 31 1.335014
107 28 1.339208
107 77 1.404044
107 71 1.412019
107 47 1.447927
107 80 1.415927
107 79 1.458966
107 45 1.577940
107 44 1.580752
107 35 1.591282
107 76 1.536769
107 62 1.556147
107 23 1.629928
107 51 1.640377
107 65 1.675940
107 19 1.735706
107 59 1.759184
107 82 1.725172
107 21 1.805195
107 15 1.812902
107 41 1.804503
107 37 1.810217
107 67 1.825625
107 68 1.865826
107 34 1.910622
107 22 1.990052
107 26 2.000316
107 64 1.951317
107 58 1.974709
107 69 1.984717
107 40 2.039364
107 49 2.041542
107 74 2.006608
107 57 2.057179
107 54 2.062070
107 36 2.104227
107 17 2.153472
107 25 2.163640
107 18 2.171802
107 73 2.120611
107 52 2.176158
107 24 2.209756
107 42 2.212835
107 43 2.212488
107 27 2.245679
107 48 2.222637
107 39 2.234036
107 63 2.213853
107 60 2.232652
107 46 2.250752
107 72 2.225942
107 50 2.266807
107 55 2.295767
107 38 2.340628
107 81 2.316925
107 20 2.413221
108 14 0.608898
108 8 0.634729
108 10 0.684780
108 30 0.743721
108 77 0.739802
108 44 0.849596
108 0 0.960336
108 33 0.936202
108 2 1.025611
108 4 1.025155
108 1 1.046790
108 75 1.229291
108 78 1.263686
108 26 1.375588
108 45 1.360530
108 11 1.397262
108 27 1.382918
108 74 1.350210
108 13 1.441598
108 62 1.411391
108 22 1.464516
108 32 1.458575
108 12 1.541465
108 76 1.484019
108 48 1.519994
108 53 1.552734
108 15 1.611377
108 21 1.636207
108 9 1.699651
108 81 1.618053
108 70 1.631462
108 49 1.722681
108 56 1.721780
108 71 1.704879
108 37 1.752915
108 63 1.745777
108 6 1.806348
108 55 1.762444
108 3 1.845414
108 66 1.812026
108 28 1.869558
108 50 1.844027
108 43 1.907391
108 58 1.891364
108 31 1.987324
108 29 2.015833
108 39 2.035719
108 59 2.038307
108 61 2.053557
108 7 2.110810
108 42 2.077991
108 82 2.046422
108 40 2.125209
108 65 2.130942
108 68 2.135230
108 79 2.132624
108 34 2.207303
108 19 2.290433
108 72 2.240706
108 36 2.302776
108 60 2.277319
108 16 2.341487
108 5 2.395443
108 41 2.387375
108 46 2.389511
108 25 2.414449
108 80 2.353354
108 20 2.433657
108 73 2.420878
108 67 2.451092
108 35 2.496415
108 69 2.490354
108 52 2.527465
108 38 2.551009
108 23 2.589068
108 17 2.601201
108 18 2.671967
108 54 2.649194
108 51 2.688251
108 24 2.751194
108 57 2.719264
108 64 2.806130
108 47 2.907810
109 10 0.509389
109 9 0.527258
109 8 0.532795
109 11 0.564126
109 12 0.591244
109 14 0.756738
109 0 0.804642
109 7 0.840788
109 1 0.856480
109 5 0.855254
109 62 0.816093
109 3 0.894112
109 13 0.933676
109 66 0.928250
109 6 1.009146
109 2 1.040724
109 59 1.050576
109 29 1.185401
109 4 1.219525
109 16 1.232672
109 31 1.223080
109 61 1.194431
109 70 1.195355
109 15 1.293770
109 53 1.266559
109 19 1.365706
109 30 1.389143
109 33 1.384158
109 71 1.359507
109 75 1.356440
109 17 1.470522
109 77 1.390540
109 39 1.468107
109 48 1.457064
109 18 1.499977
109 25 1.617509
109 56 1.577478
109 28 1.616516
109 22 1.625118
109 23 1.622930
109 32 1.612189
109 43 1.594754
109 40 1.645671
109 65 1.613929
109 44 1.650692
109 76 1.609953
109 24 1.709373
109 37 1.713053
109 78 1.718777
109 67 1.746169
109 58 1.763665
109 47 1.780704
109 42 1.807175
109 26 1.831861
109 55 1.810787
109 79 1.778168
109 27 1.857908
109 36 1.864730
109 63 1.845943
109 45 1.878308
109 74 1.898467
109 50 1.934465
109 41 1.951683
109 51 1.949144
109 34 1.989944
109 82 1.924187
109 69 1.948800
109 21 2.021616
109 49 2.003682
109 73 1.981580
109 57 2.011506
109 38 2.055977
109 46 2.068737
109 35 2.085529
109 72 2.035097
109 68 2.051273
109 52 2.094451
109 81 2.081779
109 54 2.126418
109 80 2.126439
109 60 2.168944
109 64 2.159429
109 20 2.232733
110 12 0.477072
110 8 0.530512
110 9 0.530242
110 11 0.558331
110 14 0.605054
110 10 0.632162
110 0 0.907548
110 2 0.943732
110 13 0.965396
110 62 0.916476
110 7 0.975762
110 3 0.979531
110 56 0.966021
110 4 1.019706
110 1 1.022126
110 30 1.004977
110 76 0.989929
110 31 1.055702
110 6 1.079307
110 71 1.055321
110 28 1.153525
110 29 1.371036
110 66 1.357403
110 37 1.464879
110 65 1.496533
110 61 1.503508
110 48 1.520329
110 70 1.518658
110 75 1.527438
110 78 1.578349
110 34 1.642332
110 44 1.652959
110 16 1.716102
110 17 1.832404
110 5 1.842067
110 40 1.809659
110 54 1.793189
110 32 1.821605
110 42 1.809625
110 21 1.834496
110 68 1.779185
110 50 1.801260
110 64 1.785633
110 52 1.800232
110 82 1.765731
110 46 1.809387
110 18 1.841908
110 43 1.814063
110 77 1.790724
110 47 1.829409
110 53 1.844596
110 27 1.882348
110 59 1.869051
110 33 1.923757
110 24 1.946215
110 69 1.912072
110 22 2.039004
110 39 2.052058
110 57 2.041082
110 74 2.020839
110 20 2.092974
110 81 2.055481
110 80 2.074967
110 36 2.136844
110 15 2.160770
110 55 2.136401
110 25 2.184462
110 45 2.160653
110 67 2.146885
110 41 2.196928
110 51 2.183984
110 73 2.170107
110 49 2.222049
110 60 2.231508
110 19 2.294165
110 79 2.243891
110 35 2.305802
110 63 2.273689
110 58 2.282230
110 38 2.344424
110 72 2.312802
110 26 2.490050
110 23 2.508924
111 8 0.376986
111 9 0.459403
111 13 0.462699
111 5 0.556895
111 11 0.607741
111 12 0.653475
111 2 0.666918
111 71 0.603773
111 61 0.676105
111 77 0.665749
111 44 0.712762
111 7 0.800844
111 33 0.785314
111 1 0.818239
111 28 0.793246
111 31 0.799622
111 3 0.890722
111 10 0.901640
111 75 0.888507
111 6 0.978289
111 73 0.918500
111 15 0.983492
111 18 1.004643
111 59 0.969692
111 62 0.990695
111 66 1.083046
111 65 1.105911
111 0 1.172903
111 32 1.181255
111 4 1.208566
111 30 1.245742
111 19 1.269284
111 74 1.210625
111 70 1.264742
111 16 1.324455
111 76 1.259759
111 49 1.323004
111 52 1.365589
111 53 1.365198
111 72 1.344803
111 35 1.387061
111 29 1.410925
111 14 1.436899
111 48 1.400413
111 79 1.377169
111 38 1.460333
111 42 1.460275
111 41 1.461721
111 23 1.488925
111 17 1.496840
111 34 1.510326
111 21 1.543988
111 20 1.546007
111 40 1.527020
111 45 1.530028
111 47 1.538595
111 36 1.553894
111 56 1.555401
111 58 1.554819
111 78 1.532259
111 37 1.579938
111 43 1.601195
111 67 1.581738
111 64 1.590667
111 22 1.642386
111 25 1.656538
111 82 1.595650
111 54 1.696017
111 50 1.700291
111 55 1.702037
111 51 1.707228
111 26 1.751119
111 81 1.711919
111 60 1.745524
111 63 1.750170
111 80 1.758287
111 69 1.777774
111 68 1.780387
111 27 1.832801
111 24 1.872677
111 39 1.885104
111 46 1.883560
111 57 1.911457
112 8 0.567915
112 10 0.567249
112 13 0.648441
112 9 0.699310
112 14 0.701317
112 12 0.703974
112 11 0.713878
112 3 1.085075
112 62 1.007647
112 77 0.987455
112 1 1.088456
112 0 1.089833
112 31 1.091278
112 2 1.192587
112 75 1.313964
112 7 1.408364
112 30 1.383924
112 71 1.320936
112 16 1.403456
112 20 1.398857
112 17 1.403427
112 76 1.317334
112 19 1.477236
112 6 1.489837
112 18 1.579938
112 59 1.523320
112 61 1.566349
112 51 1.583809
112 32 1.628816
112 65 1.594920
112 33 1.698461
112 72 1.637170
112 23 1.712156
112 27 1.743679
112 63 1.689158
112 70 1.733830
112 66 1.740583
112 15 1.888325
112 41 1.856514
112 81 1.869129
112 38 1.937191
112 28 1.950630
112 53 1.915164
112 44 2.004553
112 42 2.010015
112 56 2.198292
112 29 2.239083
112 24 2.248953
112 45 2.221024
112 5 2.269764
112 78 2.171412
112 22 2.255666
112 46 2.223234
112 34 2.242075
112 26 2.252197
112 4 2.275447
112 52 2.217031
112 73 2.219527
112 69 2.245309
112 39 2.322729
112 67 2.302930
112 55 2.351040
112 35 2.393846
112 79 2.340843
112 80 2.364848
112 60 2.447849
112 64 2.437355
112 43 2.484750
112 25 2.537753
112 58 2.492569
112 37 2.548215
112 49 2.543707
112 40 2.560846
112 68 2.515822
112 36 2.657774
112 74 2.597553
112 48 2.639976
112 21 2.679213
112 50 2.638527
112 47 2.643730
112 57 2.629835
112 82 2.605070
112 54 2.647702
113 9 0.466350
113 11 0.498349
113 10 0.499794
113 8 0.513583
113 12 0.528056
113 13 0.588997
113 14 0.725636
113 1 0.821246
113 0 0.874269
113 7 0.882949
113 2 0.921492
113 4 0.956745
113 5 0.961816
113 3 0.968735
113 15 0.991035
113 6 1.027393
113 29 1.037562
113 75 1.009182
113 62 1.178593
113 30 1.220011
113 18 1.261345
113 16 1.275074
113 76 1.215378
113 61 1.309019
113 31 1.353155
113 17 1.418136
113 70 1.388879
113 53 1.418140
113 59 1.451363
113 71 1.471177
113 33 1.554412
113 65 1.559241
113 79 1.547409
113 32 1.655964
113 77 1.603875
113 19 1.684227
113 44 1.710734
113 28 1.762942
113 56 1.733806
113 55 1.735988
113 37 1.770918
113 35 1.773854
113 81 1.730759
113 72 1.779769
113 78 1.789777
113 26 1.856270
113 20 1.862527
113 38 1.865001
113 47 1.862841
113 36 1.875399
113 66 1.845649
113 58 1.884758
113 63 1.890077
113 49 1.906865
113 73 1.889233
113 80 1.879191
113 21 1.959541
113 25 1.975751
113 41 1.970161
113 68 1.974866
113 43 2.012765
113 54 2.019802
113 67 2.040639
113 50 2.086256
113 24 2.125037
113 51 2.131721
113 82 2.099095
113 39 2.164294
113 69 2.140747
113 48 2.181329
113 42 2.195908
113 57 2.184845
113 52 2.221950
113 40 2.251914
113 34 2.263371
113 46 2.252204
113 74 2.231097
113 60 2.259703
113 45 2.277255
113 27 2.324644
113 23 2.402754
113 22 2.411443
113 64 2.371709
114 8 0.463194
114 10 0.486949
114 9 0.495294
114 14 0.632763
114 11 0.661890
114 13 0.716498
114 0 0.749341
114 12 0.733603
114 3 0.824350
114 2 1.036286
114 32 0.989177
114 77 0.935936
114 76 0.958795
114 4 1.067693
114 28 1.027117
114 16 1.141863
114 53 1.129406
114 1 1.282717
114 7 1.281545
114 15 1.315136
114 59 1.306963
114 56 1.320662
114 6 1.412822
114 33 1.411686
114 75 1.404533
114 70 1.409973
114 60 1.437540
114 61 1.516862
114 24 1.575662
114 30 1.673536
114 78 1.623891
114 50 1.671264
114 66 1.674742
114 18 1.758973
114 23 1.820132
114 26 1.905241
114 5 1.968703
114 46 1.940623
114 44 1.943515
114 72 1.945910
114 71 1.948227
114 58 1.977532
114 73 1.978935
114 29 2.063865
114 31 2.145688
114 52 2.136361
114 37 2.158644
114 40 2.158991
114 20 2.203358
114 68 2.148163
114 42 2.194596
114 62 2.181066
114 17 2.260428
114 39 2.232789
114 74 2.205229
114 21 2.278636
114 19 2.281538
114 38 2.275570
114 48 2.267992
114 57 2.273414
114 27 2.307508
114 79 2.257106
114 22 2.345584
114 45 2.345920
114 36 2.361002
114 34 2.376174
114 63 2.362552
114 82 2.374622
114 69 2.417855
114 80 2.414418
114 81 2.419601
114 54 2.475763
114 49 2.510425
114 51 2.552722
114 64 2.570413
114 25 2.621549
114 43 2.636665
114 35 2.650753
114 55 2.635469
114 65 2.650653
114 41 2.762851
114 67 2.756164
114 47 2.892825
115 12 0.491568
115 8 0.561899
115 14 0.740116
115 32 0.723211
115 13 0.743786
115 1 0.800301
115 4 0.798760
115 11 0.843164
115 33 0.887783
115 71 0.862894
115 62 0.876583
115 7 0.944683
115 59 0.943125
115 61 1.073448
115 51 1.086393
115 53 1.084260
115 6 1.132196
115 44 1.095415
115 56 1.082889
115 5 1.193615
115 9 1.191477
115 77 1.115546
115 55 1.170519
115 70 1.150044
115 37 1.191423
115 64 1.203255
115 16 1.258634
115 78 1.185352
115 42 1.232378
115 29 1.264527
115 30 1.274851
115 0 1.301053
115 68 1.229782
115 75 1.344152
115 74 1.346503
115 73 1.348659
115 17 1.415273
115 27 1.404961
115 28 1.404438
115 36 1.397620
115 41 1.430310
115 76 1.387904
115 2 1.486699
115 47 1.444335
115 10 1.531157
115 3 1.536684
115 63 1.475573
115 45 1.497853
115 15 1.531180
115 66 1.474372
115 52 1.570669
115 65 1.553116
115 31 1.596669
115 48 1.587703
115 57 1.580641
115 72 1.584052
115 49 1.615470
115 39 1.658603
115 24 1.698667
115 79 1.633279
115 19 1.714886
115 18 1.726025
115 25 1.737849
115 34 1.730732
115 21 1.773964
115 22 1.774189
115 80 1.703496
115 50 1.775941
115 26 1.814221
115 43 1.814620
115 20 1.852691
115 67 1.798505
115 54 1.826352
115 46 1.836371
115 69 1.825461
115 23 1.889650
115 58 1.850776
115 81 1.842013
115 82 1.841895
115 40 1.918048
115 60 1.896627
115 38 1.932112
115 35 1.984695
116 12 0.510279
116 11 0.537179
116 8 0.541345
116 9 0.587890
116 77 0.675114
116 66 0.716589
116 70 0.748959
116 75 0.742141
116 4 0.855289
116 14 0.853626
116 13 0.933633
116 5 0.948377
116 56 0.931460
116 10 0.996281
116 15 1.024214
116 7 1.030531
116 71 0.954096
116 0 1.127513
116 17 1.255800
116 32 1.241049
116 78 1.177712
116 30 1.244403
116 2 1.268315
116 33 1.427279
116 39 1.419730
116 53 1.400459
116 1 1.458966
116 3 1.459046
116 76 1.373909
116 16 1.451764
116 72 1.380886
116 61 1.396510
116 41 1.421765
116 68 1.386903
116 44 1.469631
116 34 1.497434
116 18 1.527383
116 28 1.519108
116 81 1.497383
116 47 1.541563
116 6 1.606053
116 31 1.598897
116 20 1.667717
116 21 1.728990
116 42 1.751426
116 40 1.754996
116 23 1.803281
116 29 1.814645
116 59 1.786004
116 65 1.809483
116 67 1.807438
116 62 1.874279
116 82 1.863586
116 27 1.938836
116 57 1.911240
116 48 1.939519
116 60 1.927208
116 24 2.033051
116 64 1.979021
116 54 2.005092
116 80 1.998025
116 50 2.037508
116 22 2.087607
116 79 2.012475
116 55 2.057634
116 52 2.061863
116 74 2.044980
116 58 2.077685
116 26 2.122541
116 35 2.130597
116 46 2.133879
116 37 2.158228
116 25 2.293239
116 38 2.276124
116 73 2.229725
116 49 2.261459
116 45 2.266513
116 69 2.236719
116 43 2.304870
116 19 2.347596
116 63 2.319632
116 36 2.367852
116 51 2.416394
117 11 0.586497
117 13 0.759918
117 14 0.912789
117 8 0.928661
117 31 0.956789
117 44 0.954718
117 1 1.228909
117 0 1.231701
117 30 1.261282
117 2 1.294616
117 7 1.307817
117 18 1.311188
117 3 1.328951
117 15 1.322300
117 28 1.334961
117 12 1.362913
117 4 1.370495
117 25 1.390414
117 59 0.949892
117 42 1.503825
117 53 1.314675
117 26 1.537838
117 23 1.544822
117 29 1.582213
117 10 1.628324
117 27 1.648755
117 9 1.665778
117 21 1.660791
117 36 1.644016
117 32 1.705611
117 66 0.966442
117 55 1.370779
117 40 1.834635
117 56 1.363175
117 62 1.276299
117 43 1.832595
117 52 1.727897
117 16 1.995312
117 61 1.432376
117 20 2.017147
117 38 2.065410
117 58 1.530260
117 24 2.082372
117 39 2.066398
117 22 2.184127
117 37 2.168123
117 34 2.206350
117 46 2.189356
117 71 1.288509
117 77 0.989995
117 45 2.232503
117 33 2.270682
117 5 2.340418
117 19 2.332422
117 6 2.341957
117 64 1.696355
117 47 2.299695
117 70 1.418424
117 78 1.084679
117 69 1.448045
117 50 2.215092
117 72 1.430658
117 68 1.531599
117 67 1.761378
117 35 2.514898
117 75 1.547774
117 76 1.319724
117 60 1.984153
117 65 1.879014
117 17 2.635257
117 57 2.131905
117 51 2.502829
117 63 2.096517
117 48 2.679902
117 74 1.771173
117 54 2.374340
117 49 2.661959
117 73 1.871654
117 41 2.844279
117 79 1.597323
117 81 1.388167
117 80 1.456062
117 82 1.519000
118 12 0.526336
118 9 0.556907
118 11 0.556239
118 10 0.605360
118 14 0.713324
118 8 0.898686
118 28 0.878297
118 0 1.007243
118 77 0.932068
118 13 1.017233
118 4 1.039959
118 76 0.989004
118 29 1.057011
118 2 1.165405
118 6 1.163933
118 7 1.181680
118 78 1.145080
118 16 1.229155
118 3 1.241438
118 70 1.189883
118 17 1.359481
118 15 1.361368
118 66 1.389136
118 32 1.499671
118 26 1.508973
118 60 1.464716
118 19 1.520145
118 44 1.488607
118 72 1.549462
118 31 1.634892
118 62 1.668602
118 56 1.678723
118 53 1.716410
118 34 1.812515
118 50 1.809863
118 59 1.799021
118 22 1.849094
118 58 1.806617
118 18 1.862378
118 65 1.853686
118 75 1.840184
118 71 1.846559
118 30 1.901328
118 57 1.867216
118 55 1.871792
118 33 1.984809
118 36 1.980616
118 43 1.972685
118 38 1.982791
118 1 2.073741
118 61 2.005904
118 63 2.006276
118 20 2.080713
118 54 2.054722
118 5 2.143759
118 21 2.149405
118 47 2.129906
118 39 2.186850
118 25 2.235581
118 80 2.185479
118 24 2.275199
118 64 2.266872
118 42 2.368189
118 51 2.357821
118 45 2.378799
118 74 2.354124
118 67 2.491310
118 73 2.484971
118 69 2.490917
118 52 2.515155
118 82 2.473005
118 40 2.531062
118 37 2.535545
118 35 2.539329
118 46 2.524060
118 49 2.532923
118 68 2.508704
118 48 2.570960
118 79 2.529083
118 81 2.529023
118 41 2.593434
118 23 2.672498
118 27 2.667144
119 12 0.626232
119 8 0.643801
119 11 0.642313
119 10 0.643832
119 13 0.642482
119 14 0.752180
119 78 0.680366
119 9 0.757201
119 0 0.951152
119 2 0.984610
119 53 1.069783
119 77 1.101679
119 61 1.124205
119 4 1.189984
119 70 1.176419
119 6 1.245986
119 71 1.180899
119 63 1.233980
119 29 1.290161
119 15 1.305562
119 44 1.311464
119 21 1.366871
119 39 1.355799
119 31 1.375809
119 5 1.428791
119 76 1.384618
119 3 1.496130
119 24 1.530753
119 32 1.522219
119 66 1.532595
119 19 1.588551
119 18 1.605612
119 37 1.630935
119 80 1.607666
119 35 1.674514
119 16 1.696737
119 56 1.702563
119 75 1.704444
119 7 1.803218
119 43 1.780434
119 48 1.796953
119 36 1.812490
119 1 1.848280
119 17 1.865812
119 79 1.825983
119 54 1.880293
119 49 1.920918
119 30 1.942444
119 26 1.982992
119 62 1.943740
119 28 2.018108
119 65 1.975508
119 59 2.025825
119 40 2.047126
119 33 2.065813
119 38 2.060370
119 23 2.086340
119 74 2.035202
119 58 2.056545
119 46 2.142520
119 55 2.157464
119 64 2.155131
119 41 2.199235
119 42 2.261183
119 34 2.297052
119 68 2.270937
119 57 2.307265
119 45 2.334325
119 51 2.341010
119 82 2.320724
119 22 2.395487
119 60 2.355795
119 67 2.345364
119 72 2.342702
119 25 2.403301
119 52 2.379900
119 73 2.356641
119 81 2.359314
119 50 2.404699
119 69 2.399375
119 20 2.470945
119 27 2.519205
119 47 2.538092
120 8 0.851743
120 12 0.825263
120 13 0.821805
120 11 0.855867
120 9 0.935179
120 10 1.058057
120 14 1.031043
120 0 1.130535
120 1 1.178632
120 5 1.212627
120 2 1.255951
120 3 1.267161
120 4 1.289688
120 7 1.329327
120 6 1.343785
120 29 0.603268
120 32 0.598881
120 30 0.628894
120 28 0.725578
120 31 0.684568
120 15 1.551426
120 17 1.263132
120 33 0.978289
120 16 1.462770
120 23 1.227014
120 19 1.367778
120 44 0.772690
120 18 1.394632
120 25 1.230831
120 26 1.215755
120 24 1.348272
120 21 1.482160
120 22 1.456826
120 34 1.276005
120 27 1.414157
120 39 1.201497
120 41 1.220489
120 59 0.895008
120 35 1.379627
120 56 0.970658
120 71 0.847991
120 63 0.938172
120 53 1.121533
120 42 1.301605
120 40 1.397158
120 45 1.255879
120 66 0.949242
120 43 1.331035
120 50 1.478689
120 77 1.073153
120 75 1.147054
120 55 1.422062
120 52 1.446556
120 20 2.183392
120 47 1.553711
120 49 1.517696
120 76 1.138984
120 61 1.366435
120 70 1.251464
120 62 1.371707
120 78 1.122035
120 54 1.510194
120 36 1.921696
120 48 1.687841
120 67 1.429947
120 38 1.955706
120 37 1.995988
120 64 1.523483
120 65 1.540049
120 46 1.816499
120 60 1.618592
120 79 1.347439
120 80 1.351731
120 68 1.581392
120 73 1.605555
120 57 1.845997
120 51 1.939511
120 69 1.679188
120 58 1.858415
120 74 1.647039
120 81 1.544884
120 72 1.821263
120 82 1.606435
