120
500.0000000000 230.0000000000 270.0000000000 35.0000000000 152.0000000000 184.0000000000 102.0000000000 437.0000000000 99.0000000000 126.0000000000 270.0000000000 594.0000000000 840.0000000000 368.0000000000 234.0000000000 270.0000000000 242.0000000000 420.0000000000 425.0000000000 589.0000000000 204.0000000000 304.0000000000 50.0000000000 841.0000000000 380.0000000000 240.0000000000 126.0000000000 651.0000000000 72.0000000000 285.0000000000 483.0000000000 272.0000000000 99.0000000000 216.0000000000 184.0000000000 448.0000000000 132.0000000000 216.0000000000 648.0000000000 400.0000000000 165.0000000000 552.0000000000 80.0000000000 196.0000000000 297.0000000000 696.0000000000 260.0000000000 420.0000000000 20.0000000000 448.0000000000 420.0000000000 330.0000000000 306.0000000000 242.0000000000 170.0000000000 108.0000000000 30.0000000000 338.0000000000 462.0000000000 187.0000000000 342.0000000000 90.0000000000 552.0000000000 408.0000000000 30.0000000000 270.0000000000 270.0000000000 60.0000000000 390.0000000000 48.0000000000 357.0000000000 140.0000000000 256.0000000000 600.0000000000 192.0000000000 182.0000000000 352.0000000000 630.0000000000 675.0000000000 483.0000000000 270.0000000000 165.0000000000 36.0000000000 247.0000000000 120.0000000000 348.0000000000 77.0000000000 168.0000000000 500.0000000000 42.0000000000 550.0000000000 90.0000000000 234.0000000000 44.0000000000 120.0000000000 360.0000000000 528.0000000000 270.0000000000 288.0000000000 408.0000000000 198.0000000000 35.0000000000 264.0000000000 342.0000000000 25.0000000000 221.0000000000 32.0000000000 336.0000000000 294.0000000000 132.0000000000 117.0000000000 198.0000000000 289.0000000000 184.0000000000 108.0000000000 340.0000000000 152.0000000000 102.0000000000 420.0000000000 198.0000000000
7056
0 1 0.0022975302
0 2 0.0017231476
0 3 0.0011487651
0 4 0.0017231476
0 5 0.0022975302
0 6 0.0022975302
0 7 0.0011487651
0 11 0.0022975302
0 12 0.0017231476
0 14 0.0017231476
0 15 0.0011487651
0 16 0.0028719127
0 17 0.0022975302
0 18 0.0011487651
0 19 0.0045950604
0 21 0.0086157378
0 22 0.0028719127
0 25 0.0017231476
0 26 0.0011487651
0 29 0.0005743825
0 30 0.0005743825
0 32 0.0011487651
0 34 0.0005743825
0 35 0.0028719127
0 36 0.0011487651
0 38 0.0017231476
0 39 0.0011487651
0 40 0.0011487651
0 41 0.0051694429
0 42 0.0005743825
0 46 0.0011487651
0 47 0.0045950604
0 48 0.0114876507
0 50 0.0017231476
0 51 0.0011487651
0 52 0.0005743825
0 53 0.0011487651
0 54 0.0114876507
0 58 0.0028719127
0 62 0.0028719127
0 63 0.0011487651
0 65 0.0028719127
0 66 0.0017231476
0 68 0.0017231476
0 71 0.0028719127
0 73 0.0017231476
0 74 0.0022975302
0 75 0.0005743825
0 76 0.0011487651
0 79 0.0011487651
0 84 0.0017231476
0 87 0.0011487651
0 90 0.0005743825
0 92 0.0017231476
0 94 0.0005743825
0 96 0.0017231476
0 98 0.0011487651
0 99 0.0005743825
0 100 0.0005743825
0 102 0.0103388857
0 103 0.0005743825
0 106 0.0022975302
0 108 0.0051694429
0 109 0.0022975302
0 110 0.0011487651
0 112 0.0028719127
0 115 0.0028719127
0 117 0.0017231476
1 0 0.0022975302
1 3 0.0051694429
1 4 0.0028719127
1 5 0.0005743825
1 6 0.0011487651
1 7 0.0005743825
1 8 0.0022975302
1 14 0.0017231476
1 15 0.0114876507
1 18 0.0022975302
1 19 0.0034462952
1 20 0.0017231476
1 21 0.0011487651
1 27 0.0011487651
1 28 0.0017231476
1 29 0.0028719127
1 32 0.0132107986
1 33 0.0005743825
1 37 0.0028719127
1 38 0.0017231476
1 40 0.0022975302
1 44 0.0051694429
1 46 0.0045950604
1 47 0.0017231476
1 48 0.0011487651
1 51 0.0028719127
1 53 0.0017231476
1 54 0.0051694429
1 55 0.0028719127
1 59 0.0017231476
1 61 0.0028719127
1 62 0.0011487651
1 65 0.0034462952
1 66 0.0017231476
1 68 0.0005743825
1 70 0.0011487651
1 71 0.0017231476
1 75 0.0011487651
1 76 0.0022975302
1 81 0.0011487651
1 82 0.0005743825
1 83 0.0045950604
1 84 0.0338885710
1 85 0.0017231476
1 86 0.0011487651
1 87 0.0086157378
1 89 0.0045950604
1 93 0.0028719127
1 96 0.0017231476
1 98 0.0086157378
1 99 0.0011487651
1 101 0.0028719127
1 102 0.0068925903
1 104 0.0034462952
1 105 0.0028719127
1 106 0.0005743825
1 107 0.0005743825
1 108 0.0034462952
1 109 0.0034462952
1 110 0.0017231476
1 111 0.0005743825
1 114 0.0028719127
1 115 0.0028719127
1 117 0.0068925903
2 4 0.0017231476
2 5 0.0017231476
2 7 0.0034462952
2 8 0.0034462952
2 12 0.0017231476
2 13 0.0005743825
2 15 0.0005743825
2 17 0.0022975302
2 22 0.0017231476
2 26 0.0011487651
2 27 0.0086157378
2 28 0.0028719127
2 29 0.0028719127
2 30 0.0017231476
2 32 0.0028719127
2 34 0.0011487651
2 37 0.0005743825
2 38 0.0011487651
2 40 0.0011487651
2 41 0.0017231476
2 42 0.0022975302
2 44 0.0011487651
2 45 0.0017231476
2 46 0.0011487651
2 49 0.0028719127
2 50 0.0011487651
2 55 0.0022975302
2 56 0.0132107986
2 58 0.0028719127
2 59 0.0005743825
2 60 0.0051694429
2 61 0.0017231476
2 62 0.0022975302
2 63 0.0005743825
2 65 0.0011487651
2 67 0.0132107986
2 71 0.0022975302
2 72 0.0011487651
2 73 0.0011487651
2 75 0.0068925903
2 76 0.0034462952
2 81 0.0086157378
2 84 0.0005743825
2 85 0.0005743825
2 86 0.0011487651
2 87 0.0011487651
2 89 0.0051694429
2 91 0.0017231476
2 92 0.0011487651
2 93 0.0086157378
2 94 0.0028719127
2 96 0.0017231476
2 97 0.0022975302
2 98 0.0011487651
2 99 0.0017231476
2 101 0.0045950604
2 104 0.0022975302
2 105 0.0114876507
2 107 0.0017231476
2 108 0.0011487651
2 109 0.0132107986
2 112 0.0028719127
2 113 0.0011487651
2 114 0.0011487651
2 115 0.0028719127
3 1 0.0051694429
3 4 0.0017231476
3 6 0.0022975302
3 8 0.0338885710
3 15 0.0017231476
3 18 0.0005743825
3 21 0.0011487651
3 23 0.0011487651
3 25 0.0028719127
3 27 0.0028719127
3 28 0.0034462952
3 35 0.0005743825
3 38 0.0017231476
3 41 0.0017231476
3 42 0.0017231476
3 43 0.0005743825
3 44 0.0114876507
3 45 0.0011487651
3 46 0.0011487651
3 48 0.0034462952
3 49 0.0045950604
3 50 0.0045950604
3 53 0.0086157378
3 54 0.0017231476
3 60 0.0028719127
3 61 0.0022975302
3 62 0.0011487651
3 63 0.0028719127
3 67 0.0017231476
3 71 0.0005743825
3 72 0.0011487651
3 75 0.0017231476
3 81 0.0034462952
3 82 0.0028719127
3 84 0.0017231476
3 88 0.0017231476
3 89 0.0028719127
3 92 0.0011487651
3 94 0.0114876507
3 96 0.0011487651
3 97 0.0005743825
3 98 0.0103388857
3 99 0.0017231476
3 100 0.0086157378
3 101 0.0028719127
3 104 0.0017231476
3 105 0.0028719127
3 107 0.0034462952
3 109 0.0028719127
3 111 0.0011487651
3 113 0.0068925903
3 114 0.0103388857
3 117 0.0028719127
3 119 0.0017231476
4 0 0.0017231476
4 1 0.0028719127
4 2 0.0017231476
4 3 0.0017231476
4 6 0.0005743825
4 7 0.0051694429
4 8 0.0017231476
4 12 0.0028719127
4 14 0.0017231476
4 15 0.0017231476
4 16 0.0005743825
4 18 0.0005743825
4 20 0.0028719127
4 25 0.0011487651
4 26 0.0028719127
4 27 0.0028719127
4 28 0.0114876507
4 29 0.0017231476
4 30 0.0005743825
4 31 0.0017231476
4 32 0.0022975302
4 34 0.0034462952
4 38 0.0103388857
4 40 0.0011487651
4 41 0.0051694429
4 42 0.0068925903
4 43 0.0017231476
4 44 0.0051694429
4 45 0.0017231476
4 46 0.0114876507
4 47 0.0011487651
4 48 0.0028719127
4 49 0.0051694429
4 50 0.0017231476
4 53 0.0011487651
4 56 0.0017231476
4 58 0.0028719127
4 61 0.0017231476
4 63 0.0017231476
4 65 0.0011487651
4 66 0.0005743825
4 67 0.0028719127
4 68 0.0017231476
4 70 0.0028719127
4 71 0.0022975302
4 72 0.0011487651
4 73 0.0017231476
4 75 0.0011487651
4 76 0.0011487651
4 79 0.0005743825
4 81 0.0034462952
4 82 0.0051694429
4 83 0.0011487651
4 84 0.0017231476
4 85 0.0011487651
4 86 0.0068925903
4 87 0.0114876507
4 88 0.0011487651
4 89 0.0132107986
4 91 0.0017231476
4 92 0.0005743825
4 93 0.0011487651
4 94 0.0045950604
4 95 0.0005743825
4 96 0.0017231476
4 97 0.0017231476
4 98 0.0045950604
4 99 0.0086157378
4 100 0.0017231476
4 101 0.0028719127
4 102 0.0017231476
4 103 0.0005743825
4 104 0.0011487651
4 105 0.0011487651
4 106 0.0022975302
4 109 0.0011487651
4 111 0.0022975302
4 112 0.0028719127
4 113 0.0028719127
4 114 0.0028719127
4 115 0.0011487651
4 117 0.0017231476
4 119 0.0017231476
5 0 0.0022975302
5 2 0.0017231476
5 4 0.0034462952
5 7 0.0011487651
5 11 0.0011487651
5 12 0.0005743825
5 15 0.0005743825
5 17 0.0028719127
5 19 0.0005743825
5 22 0.0114876507
5 24 0.0005743825
5 25 0.0034462952
5 26 0.0011487651
5 27 0.0051694429
5 29 0.0086157378
5 30 0.0045950604
5 33 0.0005743825
5 34 0.0017231476
5 37 0.0028719127
5 38 0.0022975302
5 40 0.0034462952
5 41 0.0017231476
5 42 0.0028719127
5 43 0.0132107986
5 49 0.0028719127
5 51 0.0005743825
5 53 0.0011487651
5 54 0.0017231476
5 56 0.0051694429
5 58 0.0011487651
5 59 0.0034462952
5 60 0.0017231476
5 61 0.0005743825
5 64 0.0011487651
5 67 0.0022975302
5 72 0.0011487651
5 73 0.0011487651
5 75 0.0017231476
5 76 0.0051694429
5 80 0.0028719127
5 81 0.0011487651
5 82 0.0005743825
5 85 0.0028719127
5 86 0.0011487651
5 87 0.0028719127
5 89 0.0011487651
5 92 0.0017231476
5 93 0.0028719127
5 95 0.0005743825
5 99 0.0034462952
5 103 0.0005743825
5 104 0.0028719127
5 106 0.0028719127
5 108 0.0034462952
5 110 0.0011487651
5 111 0.0005743825
5 112 0.0086157378
5 113 0.0005743825
5 115 0.0005743825
5 117 0.0005743825
5 119 0.0005743825
6 0 0.0022975302
6 1 0.0011487651
6 4 0.0005743825
6 8 0.0017231476
6 12 0.0022975302
6 14 0.0045950604
6 15 0.0028719127
6 21 0.0005743825
6 32 0.0017231476
6 37 0.0017231476
6 38 0.0011487651
6 41 0.0011487651
6 42 0.0005743825
6 45 0.0028719127
6 46 0.0005743825
6 49 0.0011487651
6 50 0.0017231476
6 53 0.0022975302
6 54 0.0028719127
6 58 0.0011487651
6 61 0.0045950604
6 63 0.0132107986
6 67 0.0011487651
6 70 0.0086157378
6 72 0.0028719127
6 75 0.0028719127
6 81 0.0005743825
6 86 0.0028719127
6 87 0.0028719127
6 88 0.0028719127
6 89 0.0005743825
6 93 0.0005743825
6 94 0.0011487651
6 96 0.0011487651
6 98 0.0017231476
6 99 0.0005743825
6 100 0.0068925903
6 101 0.0017231476
6 102 0.0017231476
6 104 0.0005743825
6 105 0.0005743825
6 110 0.0005743825
6 114 0.0011487651
6 115 0.0011487651
6 117 0.0034462952
7 0 0.0011487651
7 4 0.0051694429
7 5 0.0011487651
7 10 0.0022975302
7 11 0.0017231476
7 12 0.0022975302
7 13 0.0028719127
7 14 0.0022975302
7 19 0.0005743825
7 20 0.0045950604
7 22 0.0017231476
7 25 0.0028719127
7 26 0.0022975302
7 27 0.0011487651
7 28 0.0011487651
7 29 0.0022975302
7 33 0.0028719127
7 34 0.0017231476
7 37 0.0028719127
7 38 0.0086157378
7 40 0.0028719127
7 41 0.0086157378
7 45 0.0017231476
7 46 0.0017231476
7 48 0.0045950604
7 49 0.0011487651
7 51 0.0017231476
7 53 0.0028719127
7 54 0.0017231476
7 57 0.0005743825
7 58 0.0045950604
7 59 0.0011487651
7 61 0.0022975302
7 64 0.0011487651
7 65 0.0028719127
7 67 0.0028719127
7 68 0.0022975302
7 69 0.0022975302
7 71 0.0103388857
7 73 0.0114876507
7 75 0.0005743825
7 76 0.0068925903
7 79 0.0011487651
7 82 0.0034462952
7 83 0.0005743825
7 85 0.0022975302
7 87 0.0017231476
7 88 0.0005743825
7 89 0.0028719127
7 92 0.0011487651
7 93 0.0034462952
7 94 0.0028719127
7 96 0.0011487651
7 98 0.0028719127
7 99 0.0051694429
7 100 0.0022975302
7 101 0.0028719127
7 102 0.0017231476
7 106 0.0017231476
7 107 0.0022975302
7 108 0.0028719127
7 109 0.0017231476
7 110 0.0011487651
7 113 0.0034462952
7 116 0.0028719127
7 118 0.0022975302
7 119 0.0034462952
8 0 0.0028719127
8 1 0.0022975302
8 2 0.0034462952
8 6 0.0017231476
8 7 0.0017231476
8 12 0.0022975302
8 14 0.0086157378
8 15 0.0028719127
8 20 0.0017231476
8 22 0.0011487651
8 25 0.0011487651
8 26 0.0005743825
8 27 0.0017231476
8 28 0.0011487651
8 32 0.0011487651
8 37 0.0017231476
8 38 0.0005743825
8 41 0.0017231476
8 45 0.0045950604
8 46 0.0011487651
8 48 0.0017231476
8 49 0.0011487651
8 50 0.0017231476
8 51 0.0011487651
8 53 0.0132107986
8 55 0.0005743825
8 60 0.0017231476
8 62 0.0028719127
8 63 0.0051694429
8 65 0.0011487651
8 67 0.0017231476
8 70 0.0028719127
8 72 0.0011487651
8 73 0.0005743825
8 75 0.0045950604
8 77 0.0005743825
8 81 0.0011487651
8 82 0.0068925903
8 83 0.0114876507
8 84 0.0011487651
8 85 0.0005743825
8 86 0.0028719127
8 88 0.0103388857
8 89 0.0011487651
8 90 0.0005743825
8 91 0.0005743825
8 92 0.0005743825
8 94 0.0338885710
8 96 0.0028719127
8 97 0.0011487651
8 98 0.0017231476
8 99 0.0017231476
8 100 0.0068925903
8 101 0.0017231476
8 102 0.0034462952
8 104 0.0068925903
8 106 0.0005743825
8 107 0.0028719127
8 108 0.0017231476
8 110 0.0011487651
8 111 0.0017231476
8 114 0.0086157378
8 115 0.0011487651
8 117 0.0034462952
9 0 0.0005743825
9 7 0.0011487651
9 10 0.0011487651
9 11 0.0011487651
9 16 0.0045950604
9 18 0.0022975302
9 19 0.0011487651
9 23 0.0068925903
9 25 0.0028719127
9 31 0.0028719127
9 33 0.0028719127
9 35 0.0086157378
9 36 0.0103388857
9 39 0.0017231476
9 40 0.0028719127
9 41 0.0011487651
9 47 0.0028719127
9 51 0.0017231476
9 57 0.0028719127
9 58 0.0005743825
9 64 0.0011487651
9 66 0.0017231476
9 68 0.0017231476
9 69 0.0114876507
9 77 0.0017231476
9 78 0.0103388857
9 79 0.0011487651
9 80 0.0017231476
9 85 0.0017231476
9 90 0.0017231476
9 92 0.0005743825
9 95 0.0017231476
9 96 0.0005743825
9 103 0.0028719127
9 116 0.0022975302
9 117 0.0017231476
9 118 0.0011487651
9 119 0.0017231476
10 2 0.0005743825
10 5 0.0022975302
10 11 0.0051694429
10 13 0.0068925903
10 17 0.0045950604
10 19 0.0022975302
10 20 0.0005743825
10 22 0.0011487651
10 23 0.0011487651
10 24 0.0132107986
10 26 0.0005743825
10 29 0.0005743825
10 31 0.0011487651
10 34 0.0011487651
10 36 0.0011487651
10 38 0.0005743825
10 39 0.0011487651
10 55 0.0028719127
10 58 0.0005743825
10 59 0.0011487651
10 64 0.0045950604
10 68 0.0017231476
10 69 0.0011487651
10 71 0.0005743825
10 74 0.0011487651
10 77 0.0068925903
10 78 0.0017231476
10 79 0.0017231476
10 80 0.0132107986
10 85 0.0005743825
10 87 0.0005743825
10 92 0.0005743825
10 95 0.0045950604
10 103 0.0103388857
10 106 0.0011487651
10 109 0.0005743825
10 112 0.0017231476
10 116 0.0028719127
10 118 0.0011487651
11 1 0.0005743825
11 2 0.0022975302
11 4 0.0022975302
11 5 0.0011487651
11 10 0.0051694429
11 12 0.0011487651
11 13 0.0114876507
11 17 0.0068925903
11 19 0.0017231476
11 20 0.0005743825
11 21 0.0005743825
11 22 0.0022975302
11 23 0.0017231476
11 24 0.0011487651
11 25 0.0005743825
11 26 0.0028719127
11 28 0.0011487651
11 29 0.0034462952
11 30 0.0086157378
11 35 0.0028719127
11 39 0.0022975302
11 40 0.0011487651
11 43 0.0011487651
11 46 0.0005743825
11 47 0.0028719127
11 51 0.0034462952
11 55 0.0011487651
11 57 0.0017231476
11 58 0.0028719127
11 59 0.0086157378
11 64 0.0011487651
11 66 0.0022975302
11 68 0.0051694429
11 74 0.0011487651
11 76 0.0011487651
11 77 0.0028719127
11 80 0.0017231476
11 81 0.0005743825
11 85 0.0011487651
11 86 0.0005743825
11 87 0.0017231476
11 89 0.0005743825
11 91 0.0011487651
11 93 0.0028719127
11 94 0.0005743825
11 95 0.0011487651
11 96 0.0017231476
11 103 0.0051694429
11 105 0.0005743825
11 106 0.0103388857
11 108 0.0017231476
11 112 0.0051694429
11 118 0.0005743825
12 0 0.0017231476
12 4 0.0028719127
12 5 0.0005743825
12 6 0.0022975302
12 7 0.0022975302
12 8 0.0022975302
12 9 0.0005743825
12 13 0.0005743825
12 15 0.0028719127
12 16 0.0034462952
12 18 0.0017231476
12 19 0.0011487651
12 20 0.0028719127
12 21 0.0011487651
12 22 0.0005743825
12 28 0.0022975302
12 29 0.0011487651
12 32 0.0114876507
12 33 0.0005743825
12 34 0.0005743825
12 37 0.0028719127
12 38 0.0017231476
12 40 0.0034462952
12 41 0.0017231476
12 44 0.0051694429
12 45 0.0011487651
12 46 0.0114876507
12 47 0.0028719127
12 48 0.0028719127
12 50 0.0022975302
12 51 0.0017231476
12 53 0.0017231476
12 54 0.0045950604
12 56 0.0011487651
12 57 0.0017231476
12 58 0.0011487651
12 59 0.0011487651
12 60 0.0011487651
12 61 0.0028719127
12 63 0.0028719127
12 65 0.0022975302
12 66 0.0017231476
12 68 0.0028719127
12 70 0.0017231476
12 71 0.0017231476
12 72 0.0022975302
12 73 0.0011487651
12 76 0.0034462952
12 81 0.0005743825
12 82 0.0034462952
12 83 0.0028719127
12 84 0.0068925903
12 85 0.0028719127
12 86 0.0017231476
12 87 0.0114876507
12 88 0.0011487651
12 89 0.0045950604
12 91 0.0017231476
12 93 0.0028719127
12 94 0.0011487651
12 96 0.0017231476
12 98 0.0051694429
12 101 0.0028719127
12 102 0.0068925903
12 105 0.0017231476
12 106 0.0005743825
12 107 0.0005743825
12 111 0.0005743825
12 112 0.0011487651
12 114 0.0011487651
12 117 0.0068925903
12 118 0.0005743825
12 119 0.0017231476
13 0 0.0005743825
13 4 0.0005743825
13 5 0.0017231476
13 7 0.0028719127
13 9 0.0011487651
13 11 0.0114876507
13 15 0.0005743825
13 16 0.0005743825
13 17 0.0086157378
13 18 0.0017231476
13 20 0.0022975302
13 22 0.0028719127
13 23 0.0011487651
13 24 0.0011487651
13 25 0.0005743825
13 26 0.0017231476
13 27 0.0011487651
13 30 0.0028719127
13 31 0.0005743825
13 34 0.0028719127
13 35 0.0017231476
13 36 0.0011487651
13 38 0.0005743825
13 39 0.0017231476
13 43 0.0017231476
13 55 0.0034462952
13 57 0.0011487651
13 59 0.0011487651
13 69 0.0017231476
13 74 0.0005743825
13 77 0.0022975302
13 79 0.0028719127
13 80 0.0132107986
13 91 0.0028719127
13 93 0.0005743825
13 95 0.0011487651
13 99 0.0005743825
13 103 0.0068925903
13 106 0.0011487651
13 107 0.0005743825
13 108 0.0028719127
13 112 0.0017231476
13 116 0.0045950604
13 118 0.0011487651
13 119 0.0017231476
14 0 0.0017231476
14 1 0.0017231476
14 3 0.0132107986
14 4 0.0017231476
14 6 0.0045950604
14 7 0.0022975302
14 15 0.0022975302
14 19 0.0022975302
14 20 0.0005743825
14 22 0.0005743825
14 25 0.0028719127
14 27 0.0011487651
14 29 0.0005743825
14 32 0.0051694429
14 34 0.0005743825
14 37 0.0011487651
14 38 0.0017231476
14 40 0.0011487651
14 41 0.0028719127
14 42 0.0028719127
14 44 0.0086157378
14 45 0.0028719127
14 47 0.0022975302
14 49 0.0045950604
14 50 0.0028719127
14 51 0.0005743825
14 57 0.0011487651
14 60 0.0022975302
14 61 0.0017231476
14 62 0.0051694429
14 63 0.0028719127
14 65 0.0028719127
14 66 0.0005743825
14 67 0.0028719127
14 69 0.0005743825
14 70 0.0068925903
14 72 0.0034462952
14 75 0.0011487651
14 81 0.0005743825
14 82 0.0045950604
14 84 0.0017231476
14 86 0.0045950604
14 87 0.0045950604
14 88 0.0051694429
14 94 0.0068925903
14 97 0.0028719127
14 98 0.0114876507
14 100 0.0086157378
14 101 0.0011487651
14 105 0.0011487651
14 107 0.0028719127
14 109 0.0011487651
14 110 0.0011487651
14 111 0.0022975302
14 113 0.0068925903
14 114 0.0028719127
14 117 0.0011487651
14 119 0.0005743825
15 1 0.0114876507
15 3 0.0017231476
15 4 0.0017231476
15 6 0.0028719127
15 7 0.0017231476
15 8 0.0028719127
15 9 0.0005743825
15 12 0.0028719127
15 14 0.0022975302
15 16 0.0022975302
15 18 0.0011487651
15 19 0.0017231476
15 20 0.0017231476
15 21 0.0017231476
15 22 0.0005743825
15 25 0.0022975302
15 26 0.0011487651
15 28 0.0011487651
15 32 0.0086157378
15 33 0.0005743825
15 36 0.0005743825
15 37 0.0114876507
15 40 0.0011487651
15 41 0.0028719127
15 42 0.0034462952
15 44 0.0017231476
15 46 0.0017231476
15 48 0.0045950604
15 49 0.0011487651
15 50 0.0132107986
15 51 0.0011487651
15 53 0.0005743825
15 54 0.0103388857
15 56 0.0005743825
15 60 0.0005743825
15 62 0.0011487651
15 63 0.0017231476
15 65 0.0005743825
15 66 0.0028719127
15 67 0.0005743825
15 73 0.0028719127
15 78 0.0005743825
15 82 0.0011487651
15 83 0.0017231476
15 84 0.0068925903
15 85 0.0022975302
15 86 0.0005743825
15 87 0.0028719127
15 88 0.0028719127
15 89 0.0011487651
15 91 0.0017231476
15 92 0.0011487651
15 94 0.0034462952
15 96 0.0028719127
15 98 0.0028719127
15 102 0.0017231476
15 107 0.0005743825
15 108 0.0017231476
15 109 0.0011487651
15 112 0.0011487651
15 113 0.0051694429
15 114 0.0017231476
15 115 0.0017231476
15 117 0.0338885710
16 0 0.0028719127
16 9 0.0045950604
16 11 0.0011487651
16 12 0.0034462952
16 13 0.0005743825
16 15 0.0022975302
16 17 0.0011487651
16 18 0.0068925903
16 19 0.0086157378
16 20 0.0045950604
16 21 0.0017231476
16 23 0.0051694429
16 25 0.0011487651
16 26 0.0028719127
16 30 0.0017231476
16 31 0.0034462952
16 32 0.0017231476
16 33 0.0086157378
16 35 0.0028719127
16 36 0.0028719127
16 37 0.0028719127
16 38 0.0022975302
16 40 0.0017231476
16 41 0.0028719127
16 42 0.0011487651
16 45 0.0005743825
16 47 0.0103388857
16 48 0.0017231476
16 51 0.0338885710
16 52 0.0011487651
16 54 0.0017231476
16 57 0.0086157378
16 58 0.0011487651
16 59 0.0017231476
16 61 0.0011487651
16 63 0.0005743825
16 64 0.0017231476
16 66 0.0051694429
16 67 0.0005743825
16 68 0.0011487651
16 69 0.0017231476
16 71 0.0011487651
16 73 0.0011487651
16 76 0.0017231476
16 77 0.0017231476
16 79 0.0045950604
16 80 0.0011487651
16 87 0.0011487651
16 90 0.0017231476
16 92 0.0017231476
16 95 0.0011487651
16 96 0.0028719127
16 102 0.0034462952
16 103 0.0005743825
16 106 0.0011487651
16 108 0.0017231476
16 114 0.0017231476
16 118 0.0017231476
16 119 0.0114876507
17 4 0.0005743825
17 5 0.0028719127
17 7 0.0005743825
17 10 0.0045950604
17 11 0.0068925903
17 14 0.0005743825
17 18 0.0028719127
17 20 0.0022975302
17 21 0.0011487651
17 22 0.0034462952
17 23 0.0011487651
17 24 0.0017231476
17 25 0.0005743825
17 26 0.0017231476
17 27 0.0022975302
17 28 0.0005743825
17 30 0.0045950604
17 34 0.0017231476
17 35 0.0034462952
17 36 0.0017231476
17 38 0.0017231476
17 39 0.0005743825
17 40 0.0017231476
17 41 0.0017231476
17 46 0.0011487651
17 47 0.0017231476
17 54 0.0017231476
17 55 0.0034462952
17 56 0.0011487651
17 57 0.0011487651
17 58 0.0028719127
17 60 0.0005743825
17 64 0.0045950604
17 68 0.0011487651
17 69 0.0005743825
17 71 0.0034462952
17 73 0.0011487651
17 74 0.0028719127
17 77 0.0011487651
17 78 0.0005743825
17 79 0.0114876507
17 80 0.0028719127
17 87 0.0005743825
17 89 0.0005743825
17 90 0.0011487651
17 91 0.0028719127
17 92 0.0011487651
17 95 0.0017231476
17 96 0.0011487651
17 102 0.0011487651
17 104 0.0005743825
17 105 0.0005743825
17 106 0.0086157378
17 108 0.0017231476
17 112 0.0028719127
17 116 0.0028719127
17 117 0.0005743825
17 118 0.0017231476
18 1 0.0022975302
18 9 0.0022975302
18 11 0.0011487651
18 13 0.0017231476
18 16 0.0068925903
18 17 0.0028719127
18 19 0.0022975302
18 20 0.0011487651
18 21 0.0017231476
18 23 0.0086157378
18 30 0.0017231476
18 31 0.0022975302
18 34 0.0017231476
18 35 0.0011487651
18 36 0.0022975302
18 38 0.0022975302
18 39 0.0051694429
18 40 0.0022975302
18 41 0.0011487651
18 42 0.0011487651
18 44 0.0011487651
18 45 0.0005743825
18 48 0.0017231476
18 51 0.0011487651
18 55 0.0011487651
18 57 0.0086157378
18 59 0.0017231476
18 62 0.0011487651
18 64 0.0017231476
18 66 0.0028719127
18 69 0.0051694429
18 71 0.0011487651
18 73 0.0028719127
18 74 0.0028719127
18 76 0.0017231476
18 77 0.0011487651
18 78 0.0011487651
18 79 0.0086157378
18 80 0.0028719127
18 84 0.0005743825
18 85 0.0011487651
18 87 0.0005743825
18 91 0.0028719127
18 92 0.0011487651
18 95 0.0017231476
18 96 0.0011487651
18 102 0.0028719127
18 103 0.0017231476
18 106 0.0011487651
18 107 0.0005743825
18 108 0.0022975302
18 112 0.0022975302
18 116 0.0051694429
18 118 0.0011487651
18 119 0.0338885710
19 0 0.0045950604
19 1 0.0034462952
19 2 0.0005743825
19 9 0.0011487651
19 12 0.0011487651
19 14 0.0022975302
19 17 0.0005743825
19 18 0.0022975302
19 20 0.0017231476
19 22 0.0028719127
19 24 0.0017231476
19 25 0.0051694429
19 26 0.0005743825
19 28 0.0005743825
19 33 0.0017231476
19 36 0.0028719127
19 38 0.0011487651
19 44 0.0005743825
19 46 0.0017231476
19 48 0.0011487651
19 50 0.0017231476
19 51 0.0086157378
19 52 0.0034462952
19 53 0.0022975302
19 54 0.0017231476
19 57 0.0017231476
19 58 0.0017231476
19 59 0.0011487651
19 61 0.0005743825
19 62 0.0028719127
19 64 0.0017231476
19 65 0.0011487651
19 68 0.0051694429
19 70 0.0011487651
19 72 0.0005743825
19 73 0.0017231476
19 74 0.0017231476
19 76 0.0034462952
19 77 0.0005743825
19 78 0.0017231476
19 79 0.0028719127
19 82 0.0017231476
19 83 0.0005743825
19 85 0.0068925903
19 87 0.0017231476
19 90 0.0011487651
19 91 0.0011487651
19 92 0.0086157378
19 96 0.0114876507
19 98 0.0028719127
19 99 0.0005743825
19 100 0.0005743825
19 102 0.0017231476
19 106 0.0017231476
19 111 0.0005743825
19 112 0.0017231476
19 115 0.0011487651
19 116 0.0011487651
19 117 0.0034462952
19 118 0.0022975302
19 119 0.0011487651
20 0 0.0086157378
20 1 0.0017231476
20 3 0.0005743825
20 4 0.0028719127
20 7 0.0045950604
20 8 0.0017231476
20 9 0.0028719127
20 14 0.0005743825
20 15 0.0017231476
20 16 0.0045950604
20 17 0.0022975302
20 18 0.0011487651
20 19 0.0017231476
20 21 0.0011487651
20 22 0.0011487651
20 23 0.0028719127
20 25 0.0132107986
20 26 0.0011487651
20 27 0.0028719127
20 28 0.0017231476
20 30 0.0028719127
20 31 0.0005743825
20 32 0.0011487651
20 33 0.0017231476
20 34 0.0011487651
20 35 0.0005743825
20 37 0.0045950604
20 39 0.0017231476
20 40 0.0017231476
20 41 0.0103388857
20 42 0.0028719127
20 43 0.0017231476
20 44 0.0034462952
20 45 0.0011487651
20 48 0.0132107986
20 49 0.0011487651
20 50 0.0011487651
20 53 0.0011487651
20 54 0.0028719127
20 62 0.0011487651
20 63 0.0005743825
20 64 0.0022975302
20 66 0.0022975302
20 67 0.0011487651
20 68 0.0028719127
20 70 0.0005743825
20 71 0.0011487651
20 73 0.0051694429
20 74 0.0005743825
20 75 0.0022975302
20 76 0.0017231476
20 79 0.0028719127
20 81 0.0005743825
20 82 0.0011487651
20 83 0.0028719127
20 84 0.0022975302
20 85 0.0045950604
20 86 0.0011487651
20 87 0.0017231476
20 88 0.0022975302
20 91 0.0011487651
20 92 0.0028719127
20 93 0.0005743825
20 95 0.0022975302
20 96 0.0114876507
20 100 0.0028719127
20 101 0.0028719127
20 102 0.0068925903
20 104 0.0005743825
20 106 0.0017231476
20 108 0.0103388857
20 111 0.0011487651
20 112 0.0011487651
20 113 0.0017231476
20 115 0.0028719127
20 117 0.0022975302
20 118 0.0011487651
20 119 0.0011487651
21 1 0.0011487651
21 2 0.0005743825
21 3 0.0011487651
21 5 0.0022975302
21 7 0.0017231476
21 8 0.0005743825
21 14 0.0028719127
21 15 0.0017231476
21 16 0.0017231476
21 17 0.0011487651
21 18 0.0017231476
21 19 0.0028719127
21 20 0.0011487651
21 25 0.0022975302
21 26 0.0017231476
21 30 0.0017231476
21 31 0.0011487651
21 32 0.0011487651
21 33 0.0011487651
21 34 0.0011487651
21 35 0.0005743825
21 38 0.0022975302
21 40 0.0017231476
21 47 0.0017231476
21 48 0.0011487651
21 50 0.0028719127
21 51 0.0045950604
21 53 0.0011487651
21 54 0.0068925903
21 57 0.0011487651
21 58 0.0005743825
21 59 0.0017231476
21 62 0.0005743825
21 63 0.0005743825
21 66 0.0132107986
21 68 0.0034462952
21 73 0.0028719127
21 78 0.0017231476
21 81 0.0011487651
21 85 0.0017231476
21 87 0.0028719127
21 89 0.0005743825
21 90 0.0011487651
21 92 0.0051694429
21 94 0.0011487651
21 95 0.0011487651
21 96 0.0086157378
21 98 0.0028719127
21 100 0.0011487651
21 102 0.0045950604
21 103 0.0011487651
21 106 0.0011487651
21 108 0.0022975302
21 113 0.0017231476
21 115 0.0017231476
21 117 0.0045950604
21 119 0.0011487651
22 0 0.0028719127
22 2 0.0017231476
22 3 0.0011487651
22 4 0.0034462952
22 5 0.0114876507
22 11 0.0022975302
22 13 0.0028719127
22 15 0.0005743825
22 17 0.0034462952
22 19 0.0028719127
22 20 0.0011487651
22 21 0.0005743825
22 25 0.0028719127
22 26 0.0103388857
22 27 0.0045950604
22 28 0.0017231476
22 29 0.0068925903
22 30 0.0017231476
22 32 0.0017231476
22 34 0.0132107986
22 37 0.0028719127
22 38 0.0022975302
22 40 0.0017231476
22 41 0.0022975302
22 43 0.0132107986
22 45 0.0005743825
22 49 0.0028719127
22 51 0.0005743825
22 54 0.0011487651
22 55 0.0338885710
22 57 0.0011487651
22 58 0.0022975302
22 64 0.0005743825
22 65 0.0028719127
22 67 0.0011487651
22 68 0.0034462952
22 71 0.0068925903
22 73 0.0051694429
22 75 0.0017231476
22 76 0.0103388857
22 79 0.0028719127
22 80 0.0017231476
22 81 0.0011487651
22 84 0.0022975302
22 85 0.0011487651
22 86 0.0011487651
22 89 0.0028719127
22 91 0.0086157378
22 92 0.0005743825
22 93 0.0017231476
22 94 0.0005743825
22 97 0.0022975302
22 98 0.0005743825
22 99 0.0034462952
22 103 0.0028719127
22 104 0.0022975302
22 105 0.0028719127
22 106 0.0011487651
22 107 0.0005743825
22 108 0.0017231476
22 109 0.0028719127
22 110 0.0034462952
22 111 0.0022975302
22 113 0.0005743825
22 116 0.0011487651
22 119 0.0028719127
23 0 0.0005743825
23 9 0.0068925903
23 10 0.0011487651
23 11 0.0017231476
23 16 0.0051694429
23 17 0.0011487651
23 18 0.0086157378
23 19 0.0011487651
23 20 0.0028719127
23 24 0.0034462952
23 25 0.0028719127
23 26 0.0005743825
23 28 0.0005743825
23 30 0.0028719127
23 31 0.0028719127
23 33 0.0011487651
23 34 0.0005743825
23 35 0.0114876507
23 36 0.0068925903
23 39 0.0022975302
23 41 0.0017231476
23 42 0.0005743825
23 44 0.0005743825
23 47 0.0028719127
23 51 0.0017231476
23 52 0.0011487651
23 54 0.0005743825
23 58 0.0017231476
23 59 0.0011487651
23 64 0.0114876507
23 66 0.0017231476
23 68 0.0011487651
23 69 0.0086157378
23 73 0.0028719127
23 74 0.0114876507
23 76 0.0005743825
23 77 0.0017231476
23 78 0.0017231476
23 79 0.0051694429
23 80 0.0011487651
23 85 0.0011487651
23 87 0.0005743825
23 90 0.0028719127
23 92 0.0017231476
23 96 0.0005743825
23 103 0.0011487651
23 106 0.0011487651
23 108 0.0011487651
23 109 0.0011487651
23 112 0.0022975302
23 113 0.0017231476
23 114 0.0005743825
23 116 0.0068925903
23 117 0.0017231476
23 118 0.0051694429
23 119 0.0017231476
24 5 0.0005743825
24 10 0.0132107986
24 11 0.0011487651
24 17 0.0017231476
24 26 0.0028719127
24 29 0.0011487651
24 31 0.0051694429
24 33 0.0005743825
24 36 0.0011487651
24 38 0.0005743825
24 39 0.0022975302
24 40 0.0011487651
24 51 0.0022975302
24 52 0.0028719127
24 55 0.0005743825
24 56 0.0005743825
24 57 0.0005743825
24 59 0.0034462952
24 64 0.0017231476
24 68 0.0017231476
24 73 0.0005743825
24 74 0.0011487651
24 76 0.0011487651
24 77 0.0086157378
24 78 0.0017231476
24 79 0.0034462952
24 80 0.0068925903
24 95 0.0017231476
24 103 0.0011487651
24 105 0.0005743825
24 116 0.0022975302
24 118 0.0028719127
25 0 0.0017231476
25 1 0.0051694429
25 3 0.0028719127
25 4 0.0011487651
25 5 0.0034462952
25 6 0.0005743825
25 7 0.0028719127
25 8 0.0011487651
25 12 0.0103388857
25 15 0.0022975302
25 17 0.0005743825
25 19 0.0051694429
25 20 0.0132107986
25 21 0.0022975302
25 23 0.0028719127
25 24 0.0005743825
25 27 0.0028719127
25 29 0.0017231476
25 30 0.0028719127
25 33 0.0028719127
25 35 0.0028719127
25 36 0.0005743825
25 37 0.0028719127
25 38 0.0017231476
25 39 0.0011487651
25 40 0.0011487651
25 41 0.0086157378
25 42 0.0005743825
25 46 0.0011487651
25 48 0.0132107986
25 49 0.0017231476
25 50 0.0017231476
25 51 0.0011487651
25 53 0.0017231476
25 54 0.0103388857
25 55 0.0017231476
25 57 0.0011487651
25 58 0.0017231476
25 60 0.0005743825
25 62 0.0017231476
25 63 0.0022975302
25 65 0.0011487651
25 66 0.0011487651
25 68 0.0005743825
25 70 0.0011487651
25 73 0.0017231476
25 75 0.0005743825
25 76 0.0011487651
25 78 0.0022975302
25 82 0.0017231476
25 84 0.0011487651
25 85 0.0011487651
25 87 0.0011487651
25 89 0.0028719127
25 91 0.0022975302
25 92 0.0045950604
25 95 0.0005743825
25 96 0.0017231476
25 99 0.0005743825
25 101 0.0028719127
25 102 0.0114876507
25 104 0.0011487651
25 106 0.0017231476
25 108 0.0028719127
25 109 0.0017231476
25 111 0.0028719127
25 112 0.0017231476
25 113 0.0045950604
25 115 0.0005743825
25 117 0.0011487651
26 0 0.0011487651
26 2 0.0011487651
26 4 0.0028719127
26 5 0.0011487651
26 7 0.0022975302
26 9 0.0005743825
26 10 0.0005743825
26 11 0.0028719127
26 12 0.0017231476
26 15 0.0011487651
26 17 0.0017231476
26 18 0.0028719127
26 19 0.0005743825
26 20 0.0011487651
26 21 0.0017231476
26 25 0.0017231476
26 27 0.0017231476
26 28 0.0034462952
26 29 0.0022975302
26 30 0.0114876507
26 33 0.0011487651
26 34 0.0114876507
26 36 0.0005743825
26 38 0.0028719127
26 41 0.0011487651
26 42 0.0005743825
26 43 0.0028719127
26 48 0.0017231476
26 49 0.0005743825
26 51 0.0028719127
26 55 0.0103388857
26 56 0.0005743825
26 57 0.0005743825
26 58 0.0068925903
26 59 0.0028719127
26 64 0.0017231476
26 65 0.0017231476
26 66 0.0028719127
26 67 0.0017231476
26 68 0.0017231476
26 71 0.0051694429
26 72 0.0005743825
26 73 0.0017231476
26 76 0.0086157378
26 77 0.0028719127
26 80 0.0028719127
26 81 0.0011487651
26 82 0.0005743825
26 83 0.0005743825
26 84 0.0005743825
26 85 0.0022975302
26 88 0.0005743825
26 89 0.0017231476
26 91 0.0028719127
26 92 0.0011487651
26 93 0.0034462952
26 95 0.0017231476
26 98 0.0005743825
26 99 0.0028719127
26 103 0.0028719127
26 106 0.0022975302
26 108 0.0022975302
26 109 0.0017231476
26 110 0.0028719127
26 112 0.0114876507
26 114 0.0022975302
26 119 0.0005743825
27 0 0.0005743825
27 1 0.0011487651
27 2 0.0086157378
27 3 0.0028719127
27 5 0.0051694429
27 6 0.0005743825
27 7 0.0011487651
27 8 0.0017231476
27 10 0.0005743825
27 11 0.0017231476
27 12 0.0028719127
27 15 0.0017231476
27 20 0.0028719127
27 22 0.0045950604
27 26 0.0017231476
27 29 0.0103388857
27 32 0.0017231476
27 33 0.0022975302
27 34 0.0045950604
27 38 0.0011487651
27 40 0.0028719127
27 41 0.0005743825
27 42 0.0017231476
27 44 0.0034462952
27 48 0.0022975302
27 49 0.0045950604
27 50 0.0017231476
27 53 0.0028719127
27 54 0.0011487651
27 55 0.0011487651
27 58 0.0017231476
27 59 0.0028719127
27 60 0.0011487651
27 61 0.0011487651
27 62 0.0017231476
27 66 0.0005743825
27 67 0.0017231476
27 68 0.0005743825
27 72 0.0022975302
27 73 0.0034462952
27 75 0.0011487651
27 76 0.0011487651
27 80 0.0022975302
27 82 0.0011487651
27 83 0.0022975302
27 84 0.0017231476
27 85 0.0022975302
27 86 0.0022975302
27 87 0.0022975302
27 88 0.0028719127
27 89 0.0103388857
27 91 0.0011487651
27 92 0.0011487651
27 93 0.0086157378
27 94 0.0034462952
27 95 0.0005743825
27 96 0.0005743825
27 97 0.0017231476
27 99 0.0017231476
27 100 0.0011487651
27 101 0.0017231476
27 102 0.0017231476
27 104 0.0011487651
27 105 0.0017231476
27 106 0.0022975302
27 107 0.0022975302
27 109 0.0086157378
27 110 0.0068925903
27 111 0.0005743825
27 112 0.0011487651
27 113 0.0011487651
27 114 0.0028719127
27 117 0.0017231476
28 0 0.0022975302
28 3 0.0034462952
28 4 0.0114876507
28 5 0.0011487651
28 7 0.0011487651
28 8 0.0011487651
28 11 0.0011487651
28 12 0.0022975302
28 14 0.0005743825
28 15 0.0011487651
28 19 0.0005743825
28 20 0.0017231476
28 22 0.0017231476
28 25 0.0011487651
28 26 0.0034462952
28 27 0.0114876507
28 30 0.0028719127
28 34 0.0017231476
28 38 0.0086157378
28 40 0.0034462952
28 41 0.0017231476
28 42 0.0045950604
28 44 0.0017231476
28 45 0.0011487651
28 46 0.0028719127
28 48 0.0017231476
28 49 0.0017231476
28 50 0.0011487651
28 53 0.0034462952
28 54 0.0011487651
28 55 0.0017231476
28 56 0.0051694429
28 60 0.0005743825
28 61 0.0005743825
28 63 0.0011487651
28 65 0.0103388857
28 66 0.0005743825
28 67 0.0022975302
28 68 0.0028719127
28 69 0.0011487651
28 70 0.0022975302
28 71 0.0028719127
28 73 0.0011487651
28 75 0.0051694429
28 76 0.0017231476
28 77 0.0005743825
28 81 0.0011487651
28 83 0.0028719127
28 84 0.0045950604
28 85 0.0017231476
28 86 0.0028719127
28 88 0.0017231476
28 89 0.0195290055
28 91 0.0011487651
28 92 0.0011487651
28 94 0.0017231476
28 97 0.0028719127
28 98 0.0011487651
28 99 0.0114876507
28 100 0.0017231476
28 101 0.0011487651
28 102 0.0005743825
28 104 0.0051694429
28 105 0.0045950604
28 108 0.0034462952
28 109 0.0103388857
28 110 0.0017231476
28 111 0.0011487651
28 112 0.0011487651
28 113 0.0022975302
28 114 0.0017231476
28 115 0.0017231476
28 117 0.0005743825
29 0 0.0005743825
29 2 0.0028719127
29 3 0.0005743825
29 5 0.0086157378
29 7 0.0022975302
29 11 0.0034462952
29 12 0.0011487651
29 17 0.0028719127
29 22 0.0068925903
29 26 0.0022975302
29 27 0.0103388857
29 28 0.0011487651
29 30 0.0011487651
29 32 0.0005743825
29 37 0.0017231476
29 38 0.0028719127
29 41 0.0011487651
29 43 0.0114876507
29 46 0.0045950604
29 48 0.0017231476
29 49 0.0028719127
29 50 0.0005743825
29 54 0.0005743825
29 55 0.0103388857
29 56 0.0017231476
29 58 0.0034462952
29 59 0.0017231476
29 65 0.0114876507
29 67 0.0011487651
29 68 0.0028719127
29 69 0.0005743825
29 70 0.0017231476
29 72 0.0011487651
29 73 0.0028719127
29 75 0.0017231476
29 76 0.0017231476
29 81 0.0045950604
29 82 0.0017231476
29 83 0.0022975302
29 84 0.0017231476
29 85 0.0028719127
29 86 0.0011487651
29 87 0.0011487651
29 88 0.0022975302
29 89 0.0045950604
29 91 0.0028719127
29 92 0.0005743825
29 93 0.0068925903
29 94 0.0028719127
29 97 0.0017231476
29 98 0.0028719127
29 99 0.0017231476
29 101 0.0005743825
29 102 0.0028719127
29 103 0.0005743825
29 104 0.0017231476
29 105 0.0022975302
29 106 0.0028719127
29 108 0.0017231476
29 109 0.0045950604
29 110 0.0017231476
29 112 0.0028719127
29 113 0.0028719127
29 116 0.0005743825
29 117 0.0028719127
29 119 0.0022975302
30 0 0.0005743825
30 1 0.0017231476
30 5 0.0045950604
30 7 0.0011487651
30 10 0.0011487651
30 13 0.0028719127
30 18 0.0017231476
30 19 0.0011487651
30 21 0.0017231476
30 22 0.0017231476
30 24 0.0034462952
30 25 0.0028719127
30 26 0.0114876507
30 27 0.0034462952
30 29 0.0011487651
30 33 0.0011487651
30 37 0.0011487651
30 40 0.0028719127
30 41 0.0017231476
30 43 0.0045950604
30 45 0.0005743825
30 46 0.0017231476
30 47 0.0005743825
30 48 0.0022975302
30 49 0.0005743825
30 51 0.0011487651
30 55 0.0011487651
30 56 0.0017231476
30 57 0.0022975302
30 59 0.0017231476
30 60 0.0005743825
30 62 0.0022975302
30 64 0.0028719127
30 65 0.0028719127
30 66 0.0011487651
30 67 0.0011487651
30 68 0.0045950604
30 71 0.0011487651
30 76 0.0028719127
30 84 0.0005743825
30 85 0.0045950604
30 89 0.0017231476
30 90 0.0005743825
30 91 0.0017231476
30 92 0.0017231476
30 93 0.0017231476
30 95 0.0034462952
30 96 0.0005743825
30 102 0.0005743825
30 105 0.0028719127
30 106 0.0051694429
30 108 0.0011487651
30 109 0.0017231476
30 110 0.0022975302
30 112 0.0103388857
30 116 0.0017231476
30 118 0.0017231476
30 119 0.0011487651
31 9 0.0028719127
31 10 0.0011487651
31 16 0.0034462952
31 17 0.0011487651
31 18 0.0022975302
31 19 0.0017231476
31 23 0.0028719127
31 24 0.0051694429
31 25 0.0011487651
31 38 0.0017231476
31 39 0.0017231476
31 41 0.0005743825
31 48 0.0005743825
31 51 0.0017231476
31 52 0.0103388857
31 54 0.0005743825
31 57 0.0028719127
31 58 0.0017231476
31 68 0.0011487651
31 69 0.0114876507
31 71 0.0005743825
31 73 0.0022975302
31 79 0.0011487651
31 80 0.0011487651
31 90 0.0028719127
31 92 0.0017231476
31 93 0.0005743825
31 95 0.0051694429
31 96 0.0011487651
31 103 0.0017231476
31 106 0.0011487651
31 108 0.0017231476
31 112 0.0017231476
31 116 0.0028719127
31 118 0.0114876507
32 0 0.0011487651
32 3 0.0017231476
32 4 0.0022975302
32 5 0.0017231476
32 7 0.0011487651
32 8 0.0011487651
32 9 0.0011487651
32 10 0.0005743825
32 12 0.0114876507
32 15 0.0086157378
32 19 0.0011487651
32 20 0.0011487651
32 21 0.0011487651
32 22 0.0017231476
32 25 0.0068925903
32 26 0.0011487651
32 27 0.0017231476
32 28 0.0011487651
32 29 0.0005743825
32 30 0.0011487651
32 34 0.0017231476
32 37 0.0086157378
32 38 0.0045950604
32 39 0.0028719127
32 40 0.0011487651
32 41 0.0022975302
32 42 0.0011487651
32 43 0.0017231476
32 44 0.0011487651
32 45 0.0011487651
32 46 0.0017231476
32 47 0.0017231476
32 48 0.0068925903
32 49 0.0028719127
32 50 0.0028719127
32 51 0.0034462952
32 53 0.0034462952
32 54 0.0068925903
32 55 0.0028719127
32 57 0.0011487651
32 58 0.0011487651
32 59 0.0022975302
32 62 0.0017231476
32 65 0.0011487651
32 66 0.0011487651
32 71 0.0011487651
32 73 0.0017231476
32 75 0.0005743825
32 81 0.0005743825
32 83 0.0011487651
32 84 0.0103388857
32 86 0.0034462952
32 87 0.0017231476
32 88 0.0017231476
32 89 0.0017231476
32 90 0.0005743825
32 91 0.0034462952
32 92 0.0034462952
32 94 0.0011487651
32 96 0.0022975302
32 98 0.0017231476
32 100 0.0017231476
32 101 0.0017231476
32 104 0.0017231476
32 105 0.0011487651
32 108 0.0011487651
32 110 0.0017231476
32 111 0.0011487651
32 112 0.0005743825
32 113 0.0011487651
32 114 0.0005743825
32 115 0.0022975302
32 117 0.0132107986
32 119 0.0022975302
33 2 0.0005743825
33 3 0.0011487651
33 7 0.0028719127
33 9 0.0028719127
33 11 0.0017231476
33 12 0.0005743825
33 14 0.0011487651
33 16 0.0086157378
33 17 0.0022975302
33 18 0.0114876507
33 19 0.0017231476
33 21 0.0011487651
33 23 0.0011487651
33 24 0.0005743825
33 25 0.0028719127
33 27 0.0022975302
33 30 0.0011487651
33 32 0.0011487651
33 34 0.0005743825
33 35 0.0011487651
33 36 0.0011487651
33 37 0.0028719127
33 38 0.0017231476
33 39 0.0017231476
33 40 0.0028719127
33 41 0.0045950604
33 42 0.0011487651
33 47 0.0051694429
33 49 0.0011487651
33 51 0.0017231476
33 52 0.0034462952
33 53 0.0011487651
33 54 0.0028719127
33 56 0.0005743825
33 58 0.0051694429
33 59 0.0028719127
33 61 0.0005743825
33 62 0.0011487651
33 64 0.0022975302
33 65 0.0022975302
33 66 0.0022975302
33 69 0.0017231476
33 70 0.0005743825
33 73 0.0022975302
33 74 0.0017231476
33 76 0.0028719127
33 77 0.0028719127
33 79 0.0028719127
33 83 0.0005743825
33 85 0.0086157378
33 86 0.0005743825
33 89 0.0028719127
33 90 0.0034462952
33 92 0.0086157378
33 94 0.0005743825
33 95 0.0022975302
33 96 0.0045950604
33 98 0.0005743825
33 99 0.0011487651
33 100 0.0005743825
33 103 0.0011487651
33 106 0.0017231476
33 108 0.0028719127
33 112 0.0028719127
33 114 0.0005743825
33 116 0.0017231476
33 117 0.0022975302
33 118 0.0034462952
33 119 0.0338885710
34 0 0.0005743825
34 2 0.0011487651
34 4 0.0034462952
34 8 0.0011487651
34 10 0.0011487651
34 11 0.0022975302
34 13 0.0028719127
34 17 0.0017231476
34 18 0.0017231476
34 19 0.0017231476
34 21 0.0011487651
34 22 0.0132107986
34 24 0.0005743825
34 25 0.0028719127
34 27 0.0045950604
34 29 0.0051694429
34 30 0.0017231476
34 32 0.0017231476
34 38 0.0022975302
34 41 0.0022975302
34 43 0.0103388857
34 44 0.0005743825
34 46 0.0011487651
34 48 0.0011487651
34 49 0.0028719127
34 51 0.0005743825
34 53 0.0011487651
34 54 0.0011487651
34 55 0.0114876507
34 56 0.0011487651
34 57 0.0005743825
34 58 0.0028719127
34 59 0.0045950604
34 62 0.0017231476
34 64 0.0022975302
34 65 0.0028719127
34 67 0.0005743825
34 68 0.0017231476
34 69 0.0005743825
34 71 0.0068925903
34 72 0.0011487651
34 73 0.0068925903
34 75 0.0017231476
34 76 0.0338885710
34 77 0.0028719127
34 79 0.0034462952
34 80 0.0017231476
34 81 0.0017231476
34 82 0.0005743825
34 83 0.0005743825
34 88 0.0005743825
34 91 0.0086157378
34 92 0.0028719127
34 93 0.0028719127
34 96 0.0034462952
34 97 0.0022975302
34 101 0.0028719127
34 102 0.0017231476
34 103 0.0005743825
34 104 0.0022975302
34 105 0.0034462952
34 106 0.0011487651
34 107 0.0011487651
34 108 0.0045950604
34 110 0.0034462952
34 112 0.0132107986
34 113 0.0005743825
34 114 0.0011487651
34 116 0.0017231476
34 117 0.0005743825
34 118 0.0011487651
34 119 0.0017231476
35 0 0.0028719127
35 7 0.0005743825
35 9 0.0086157378
35 12 0.0011487651
35 13 0.0017231476
35 16 0.0028719127
35 18 0.0011487651
35 19 0.0045950604
35 20 0.0005743825
35 21 0.0005743825
35 23 0.0114876507
35 25 0.0028719127
35 26 0.0022975302
35 30 0.0005743825
35 33 0.0011487651
35 37 0.0005743825
35 39 0.0017231476
35 40 0.0028719127
35 41 0.0028719127
35 42 0.0011487651
35 48 0.0017231476
35 51 0.0028719127
35 52 0.0068925903
35 54 0.0022975302
35 55 0.0005743825
35 57 0.0114876507
35 58 0.0028719127
35 66 0.0011487651
35 68 0.0034462952
35 69 0.0028719127
35 74 0.0028719127
35 76 0.0005743825
35 77 0.0011487651
35 78 0.0028719127
35 79 0.0017231476
35 80 0.0011487651
35 83 0.0005743825
35 84 0.0005743825
35 85 0.0034462952
35 89 0.0005743825
35 90 0.0086157378
35 92 0.0028719127
35 95 0.0045950604
35 96 0.0017231476
35 108 0.0028719127
35 116 0.0045950604
35 117 0.0005743825
35 119 0.0022975302
36 9 0.0103388857
36 10 0.0011487651
36 13 0.0011487651
36 16 0.0028719127
36 17 0.0017231476
36 18 0.0022975302
36 19 0.0028719127
36 23 0.0068925903
36 24 0.0011487651
36 31 0.0132107986
36 33 0.0011487651
36 34 0.0005743825
36 35 0.0051694429
36 39 0.0034462952
36 40 0.0017231476
36 51 0.0034462952
36 52 0.0132107986
36 57 0.0011487651
36 58 0.0005743825
36 59 0.0028719127
36 64 0.0011487651
36 68 0.0017231476
36 69 0.0195290055
36 74 0.0114876507
36 77 0.0045950604
36 78 0.0028719127
36 79 0.0028719127
36 80 0.0017231476
36 85 0.0017231476
36 90 0.0011487651
36 92 0.0005743825
36 95 0.0017231476
36 96 0.0022975302
36 103 0.0028719127
36 106 0.0017231476
36 108 0.0017231476
36 116 0.0022975302
36 118 0.0017231476
36 119 0.0017231476
37 0 0.0103388857
37 1 0.0028719127
37 3 0.0034462952
37 4 0.0028719127
37 5 0.0028719127
37 7 0.0028719127
37 14 0.0011487651
37 15 0.0114876507
37 16 0.0028719127
37 19 0.0028719127
37 20 0.0045950604
37 21 0.0011487651
37 25 0.0028719127
37 27 0.0022975302
37 28 0.0017231476
37 30 0.0011487651
37 32 0.0086157378
37 33 0.0028719127
37 35 0.0005743825
37 38 0.0011487651
37 39 0.0017231476
37 40 0.0017231476
37 41 0.0017231476
37 43 0.0017231476
37 44 0.0005743825
37 46 0.0017231476
37 48 0.0017231476
37 49 0.0011487651
37 50 0.0017231476
37 52 0.0005743825
37 53 0.0017231476
37 55 0.0011487651
37 57 0.0017231476
37 61 0.0022975302
37 62 0.0011487651
37 63 0.0011487651
37 65 0.0017231476
37 66 0.0022975302
37 71 0.0034462952
37 72 0.0017231476
37 73 0.0017231476
37 75 0.0022975302
37 76 0.0017231476
37 82 0.0011487651
37 83 0.0005743825
37 84 0.0045950604
37 85 0.0028719127
37 86 0.0017231476
37 87 0.0017231476
37 88 0.0005743825
37 90 0.0028719127
37 91 0.0017231476
37 92 0.0005743825
37 94 0.0011487651
37 96 0.0017231476
37 98 0.0017231476
37 100 0.0011487651
37 101 0.0022975302
37 102 0.0114876507
37 104 0.0005743825
37 106 0.0011487651
37 108 0.0028719127
37 110 0.0005743825
37 111 0.0011487651
37 113 0.0017231476
37 114 0.0028719127
37 115 0.0045950604
37 117 0.0338885710
38 0 0.0017231476
38 1 0.0017231476
38 2 0.0011487651
38 4 0.0103388857
38 5 0.0022975302
38 7 0.0086157378
38 11 0.0028719127
38 12 0.0017231476
38 14 0.0017231476
38 15 0.0011487651
38 19 0.0011487651
38 20 0.0011487651
38 25 0.0017231476
38 26 0.0028719127
38 28 0.0086157378
38 29 0.0028719127
38 30 0.0017231476
38 32 0.0045950604
38 40 0.0017231476
38 41 0.0011487651
38 42 0.0017231476
38 43 0.0011487651
38 44 0.0028719127
38 46 0.0132107986
38 48 0.0011487651
38 49 0.0045950604
38 51 0.0005743825
38 53 0.0017231476
38 54 0.0034462952
38 55 0.0051694429
38 56 0.0011487651
38 58 0.0011487651
38 59 0.0017231476
38 61 0.0017231476
38 62 0.0045950604
38 65 0.0114876507
38 66 0.0005743825
38 68 0.0028719127
38 71 0.0103388857
38 75 0.0017231476
38 76 0.0045950604
38 79 0.0017231476
38 82 0.0011487651
38 83 0.0017231476
38 84 0.0017231476
38 85 0.0028719127
38 86 0.0051694429
38 87 0.0051694429
38 88 0.0017231476
38 91 0.0017231476
38 92 0.0034462952
38 93 0.0017231476
38 94 0.0011487651
38 95 0.0017231476
38 96 0.0017231476
38 97 0.0017231476
38 98 0.0011487651
38 99 0.0103388857
38 100 0.0022975302
38 101 0.0022975302
38 102 0.0011487651
38 103 0.0005743825
38 106 0.0005743825
38 107 0.0017231476
38 108 0.0017231476
38 109 0.0051694429
38 110 0.0017231476
38 111 0.0034462952
38 112 0.0011487651
38 113 0.0011487651
38 115 0.0011487651
38 116 0.0005743825
39 0 0.0011487651
39 4 0.0005743825
39 9 0.0017231476
39 10 0.0011487651
39 11 0.0022975302
39 12 0.0005743825
39 13 0.0017231476
39 15 0.0017231476
39 16 0.0011487651
39 17 0.0005743825
39 18 0.0051694429
39 19 0.0022975302
39 20 0.0017231476
39 21 0.0045950604
39 23 0.0022975302
39 25 0.0011487651
39 31 0.0017231476
39 32 0.0028719127
39 33 0.0017231476
39 35 0.0017231476
39 36 0.0034462952
39 37 0.0017231476
39 40 0.0011487651
39 41 0.0005743825
39 48 0.0017231476
39 54 0.0011487651
39 57 0.0086157378
39 58 0.0022975302
39 64 0.0028719127
39 66 0.0017231476
39 68 0.0005743825
39 69 0.0028719127
39 73 0.0011487651
39 74 0.0028719127
39 78 0.0011487651
39 79 0.0011487651
39 80 0.0028719127
39 85 0.0005743825
39 87 0.0011487651
39 90 0.0086157378
39 92 0.0011487651
39 96 0.0011487651
39 98 0.0011487651
39 102 0.0028719127
39 106 0.0005743825
39 115 0.0022975302
39 116 0.0005743825
39 118 0.0028719127
39 119 0.0017231476
40 0 0.0011487651
40 1 0.0022975302
40 2 0.0011487651
40 3 0.0011487651
40 4 0.0011487651
40 5 0.0034462952
40 7 0.0028719127
40 9 0.0028719127
40 11 0.0011487651
40 12 0.0034462952
40 14 0.0011487651
40 15 0.0011487651
40 16 0.0017231476
40 17 0.0017231476
40 18 0.0022975302
40 19 0.0051694429
40 20 0.0017231476
40 22 0.0017231476
40 23 0.0011487651
40 25 0.0011487651
40 26 0.0011487651
40 28 0.0034462952
40 29 0.0017231476
40 32 0.0011487651
40 33 0.0028719127
40 35 0.0028719127
40 36 0.0017231476
40 38 0.0017231476
40 39 0.0011487651
40 41 0.0045950604
40 42 0.0028719127
40 44 0.0005743825
40 46 0.0017231476
40 47 0.0034462952
40 49 0.0028719127
40 51 0.0011487651
40 54 0.0028719127
40 55 0.0017231476
40 56 0.0005743825
40 57 0.0011487651
40 58 0.0086157378
40 59 0.0028719127
40 61 0.0011487651
40 62 0.0011487651
40 64 0.0017231476
40 66 0.0017231476
40 68 0.0114876507
40 71 0.0017231476
40 72 0.0022975302
40 73 0.0114876507
40 74 0.0017231476
40 75 0.0005743825
40 77 0.0028719127
40 79 0.0011487651
40 82 0.0022975302
40 83 0.0005743825
40 85 0.0132107986
40 86 0.0028719127
40 87 0.0017231476
40 90 0.0005743825
40 91 0.0017231476
40 92 0.0086157378
40 96 0.0051694429
40 98 0.0005743825
40 99 0.0005743825
40 101 0.0017231476
40 102 0.0017231476
40 103 0.0034462952
40 104 0.0017231476
40 106 0.0017231476
40 108 0.0068925903
40 110 0.0022975302
40 111 0.0005743825
40 112 0.0017231476
40 114 0.0005743825
40 117 0.0022975302
40 118 0.0034462952
40 119 0.0011487651
41 0 0.0051694429
41 2 0.0017231476
41 3 0.0017231476
41 4 0.0051694429
41 6 0.0011487651
41 7 0.0086157378
41 8 0.0017231476
41 10 0.0005743825
41 11 0.0028719127
41 12 0.0017231476
41 14 0.0028719127
41 15 0.0028719127
41 18 0.0011487651
41 20 0.0103388857
41 21 0.0011487651
41 23 0.0017231476
41 25 0.0086157378
41 28 0.0017231476
41 29 0.0011487651
41 30 0.0017231476
41 32 0.0022975302
41 33 0.0045950604
41 34 0.0022975302
41 35 0.0028719127
41 38 0.0011487651
41 40 0.0045950604
41 42 0.0011487651
41 43 0.0011487651
41 46 0.0068925903
41 47 0.0028719127
41 48 0.0103388857
41 49 0.0017231476
41 50 0.0017231476
41 51 0.0034462952
41 54 0.0051694429
41 55 0.0045950604
41 57 0.0017231476
41 58 0.0011487651
41 61 0.0028719127
41 62 0.0045950604
41 63 0.0005743825
41 64 0.0017231476
41 65 0.0011487651
41 66 0.0034462952
41 68 0.0017231476
41 70 0.0005743825
41 71 0.0045950604
41 73 0.0028719127
41 74 0.0017231476
41 83 0.0028719127
41 84 0.0011487651
41 85 0.0028719127
41 86 0.0011487651
41 88 0.0017231476
41 89 0.0017231476
41 91 0.0011487651
41 92 0.0028719127
41 93 0.0017231476
41 94 0.0011487651
41 95 0.0017231476
41 98 0.0011487651
41 99 0.0011487651
41 100 0.0005743825
41 101 0.0034462952
41 104 0.0017231476
41 106 0.0005743825
41 108 0.0114876507
41 110 0.0011487651
41 111 0.0017231476
41 112 0.0017231476
41 113 0.0017231476
41 114 0.0034462952
41 119 0.0017231476
42 1 0.0011487651
42 2 0.0022975302
42 4 0.0068925903
42 6 0.0005743825
42 7 0.0011487651
42 8 0.0068925903
42 12 0.0011487651
42 14 0.0028719127
42 15 0.0034462952
42 17 0.0005743825
42 18 0.0011487651
42 20 0.0028719127
42 22 0.0022975302
42 25 0.0005743825
42 27 0.0017231476
42 28 0.0045950604
42 29 0.0017231476
42 32 0.0011487651
42 33 0.0011487651
42 37 0.0028719127
42 40 0.0028719127
42 41 0.0011487651
42 43 0.0028719127
42 45 0.0011487651
42 46 0.0011487651
42 48 0.0028719127
42 50 0.0017231476
42 54 0.0028719127
42 56 0.0017231476
42 60 0.0034462952
42 61 0.0028719127
42 63 0.0028719127
42 65 0.0028719127
42 66 0.0017231476
42 67 0.0011487651
42 71 0.0005743825
42 72 0.0022975302
42 73 0.0028719127
42 75 0.0028719127
42 81 0.0017231476
42 83 0.0045950604
42 85 0.0011487651
42 86 0.0338885710
42 87 0.0011487651
42 88 0.0051694429
42 89 0.0011487651
42 91 0.0017231476
42 92 0.0028719127
42 93 0.0028719127
42 94 0.0114876507
42 97 0.0017231476
42 98 0.0011487651
42 99 0.0068925903
42 101 0.0132107986
42 105 0.0051694429
42 107 0.0017231476
42 109 0.0011487651
42 110 0.0017231476
42 111 0.0086157378
42 113 0.0017231476
42 114 0.0338885710
42 118 0.0005743825
42 119 0.0005743825
43 0 0.0028719127
43 3 0.0005743825
43 4 0.0017231476
43 5 0.0132107986
43 7 0.0028719127
43 11 0.0011487651
43 12 0.0028719127
43 13 0.0017231476
43 14 0.0005743825
43 15 0.0028719127
43 19 0.0011487651
43 23 0.0017231476
43 25 0.0011487651
43 27 0.0017231476
43 28 0.0045950604
43 29 0.0114876507
43 30 0.0045950604
43 34 0.0103388857
43 37 0.0017231476
43 38 0.0011487651
43 40 0.0011487651
43 41 0.0011487651
43 42 0.0028719127
43 44 0.0022975302
43 46 0.0022975302
43 48 0.0017231476
43 49 0.0034462952
43 50 0.0005743825
43 54 0.0028719127
43 55 0.0338885710
43 56 0.0045950604
43 58 0.0017231476
43 59 0.0028719127
43 60 0.0017231476
43 62 0.0017231476
43 65 0.0086157378
43 67 0.0017231476
43 68 0.0017231476
43 71 0.0132107986
43 72 0.0005743825
43 73 0.0017231476
43 75 0.0028719127
43 79 0.0028719127
43 80 0.0017231476
43 81 0.0017231476
43 82 0.0011487651
43 84 0.0011487651
43 86 0.0005743825
43 87 0.0005743825
43 89 0.0017231476
43 91 0.0086157378
43 92 0.0028719127
43 95 0.0005743825
43 99 0.0017231476
43 100 0.0005743825
43 101 0.0017231476
43 102 0.0034462952
43 103 0.0028719127
43 104 0.0028719127
43 105 0.0017231476
43 106 0.0017231476
43 107 0.0011487651
43 109 0.0017231476
43 110 0.0017231476
43 112 0.0068925903
43 113 0.0011487651
43 114 0.0017231476
43 115 0.0011487651
43 119 0.0011487651
44 1 0.0051694429
44 2 0.0011487651
44 3 0.0114876507
44 4 0.0051694429
44 6 0.0011487651
44 7 0.0017231476
44 8 0.0132107986
44 12 0.0051694429
44 14 0.0086157378
44 15 0.0017231476
44 19 0.0005743825
44 20 0.0034462952
44 21 0.0005743825
44 22 0.0005743825
44 25 0.0011487651
44 28 0.0017231476
44 32 0.0011487651
44 38 0.0028719127
44 41 0.0011487651
44 42 0.0114876507
44 43 0.0022975302
44 45 0.0017231476
44 46 0.0017231476
44 48 0.0034462952
44 49 0.0028719127
44 50 0.0045950604
44 53 0.0086157378
44 54 0.0017231476
44 60 0.0028719127
44 61 0.0022975302
44 62 0.0103388857
44 63 0.0017231476
44 67 0.0011487651
44 70 0.0045950604
44 72 0.0011487651
44 73 0.0022975302
44 74 0.0011487651
44 75 0.0022975302
44 79 0.0005743825
44 81 0.0028719127
44 82 0.0028719127
44 83 0.0017231476
44 84 0.0028719127
44 85 0.0005743825
44 86 0.0103388857
44 87 0.0068925903
44 88 0.0017231476
44 89 0.0017231476
44 93 0.0017231476
44 94 0.0114876507
44 97 0.0034462952
44 98 0.0103388857
44 99 0.0051694429
44 100 0.0011487651
44 102 0.0028719127
44 103 0.0005743825
44 104 0.0017231476
44 105 0.0011487651
44 107 0.0034462952
44 108 0.0017231476
44 109 0.0017231476
44 110 0.0045950604
44 111 0.0028719127
44 113 0.0114876507
44 114 0.0103388857
45 1 0.0017231476
45 2 0.0017231476
45 6 0.0028719127
45 7 0.0017231476
45 8 0.0045950604
45 12 0.0011487651
45 20 0.0011487651
45 26 0.0011487651
45 28 0.0011487651
45 29 0.0011487651
45 37 0.0011487651
45 38 0.0011487651
45 42 0.0011487651
45 43 0.0028719127
45 44 0.0017231476
45 49 0.0068925903
45 50 0.0028719127
45 54 0.0017231476
45 55 0.0005743825
45 56 0.0034462952
45 58 0.0011487651
45 60 0.0028719127
45 61 0.0086157378
45 62 0.0011487651
45 65 0.0005743825
45 67 0.0028719127
45 70 0.0045950604
45 71 0.0028719127
45 72 0.0103388857
45 75 0.0028719127
45 81 0.0011487651
45 82 0.0086157378
45 85 0.0011487651
45 86 0.0028719127
45 88 0.0017231476
45 89 0.0022975302
45 91 0.0017231476
45 92 0.0017231476
45 93 0.0017231476
45 94 0.0011487651
45 98 0.0005743825
45 99 0.0051694429
45 100 0.0034462952
45 101 0.0068925903
45 102 0.0005743825
45 104 0.0103388857
45 107 0.0011487651
45 109 0.0022975302
45 110 0.0051694429
45 111 0.0114876507
45 114 0.0017231476
45 115 0.0017231476
46 0 0.0011487651
46 1 0.0045950604
46 2 0.0011487651
46 3 0.0011487651
46 4 0.0114876507
46 5 0.0011487651
46 8 0.0011487651
46 12 0.0114876507
46 14 0.0011487651
46 15 0.0017231476
46 16 0.0011487651
46 18 0.0028719127
46 23 0.0011487651
46 25 0.0011487651
46 27 0.0022975302
46 28 0.0028719127
46 29 0.0045950604
46 31 0.0011487651
46 32 0.0017231476
46 33 0.0034462952
46 34 0.0011487651
46 35 0.0011487651
46 37 0.0017231476
46 41 0.0068925903
46 42 0.0011487651
46 43 0.0022975302
46 45 0.0005743825
46 47 0.0005743825
46 50 0.0011487651
46 53 0.0028719127
46 55 0.0011487651
46 56 0.0005743825
46 59 0.0017231476
46 61 0.0011487651
46 62 0.0017231476
46 63 0.0005743825
46 64 0.0011487651
46 66 0.0028719127
46 67 0.0017231476
46 68 0.0034462952
46 70 0.0017231476
46 71 0.0011487651
46 73 0.0022975302
46 75 0.0034462952
46 77 0.0005743825
46 78 0.0005743825
46 80 0.0005743825
46 82 0.0017231476
46 84 0.0051694429
46 85 0.0017231476
46 86 0.0051694429
46 87 0.0068925903
46 88 0.0017231476
46 89 0.0068925903
46 91 0.0045950604
46 92 0.0017231476
46 94 0.0011487651
46 95 0.0011487651
46 96 0.0028719127
46 100 0.0011487651
46 101 0.0022975302
46 102 0.0045950604
46 104 0.0017231476
46 105 0.0017231476
46 107 0.0028719127
46 108 0.0011487651
46 109 0.0011487651
46 110 0.0011487651
46 111 0.0017231476
46 112 0.0005743825
46 113 0.0045950604
46 114 0.0045950604
46 117 0.0045950604
46 119 0.0005743825
47 1 0.0017231476
47 9 0.0028719127
47 10 0.0011487651
47 11 0.0028719127
47 12 0.0028719127
47 13 0.0022975302
47 14 0.0022975302
47 15 0.0005743825
47 16 0.0103388857
47 17 0.0017231476
47 18 0.0017231476
47 19 0.0028719127
47 20 0.0011487651
47 21 0.0017231476
47 22 0.0005743825
47 23 0.0028719127
47 25 0.0005743825
47 32 0.0017231476
47 33 0.0051694429
47 35 0.0022975302
47 37 0.0011487651
47 39 0.0114876507
47 40 0.0034462952
47 41 0.0028719127
47 46 0.0005743825
47 48 0.0011487651
47 50 0.0011487651
47 51 0.0132107986
47 54 0.0011487651
47 55 0.0005743825
47 57 0.0017231476
47 59 0.0005743825
47 66 0.0114876507
47 68 0.0017231476
47 69 0.0017231476
47 74 0.0017231476
47 76 0.0011487651
47 78 0.0011487651
47 79 0.0028719127
47 87 0.0005743825
47 90 0.0028719127
47 92 0.0011487651
47 95 0.0017231476
47 96 0.0022975302
47 100 0.0005743825
47 106 0.0011487651
47 108 0.0034462952
47 113 0.0005743825
47 117 0.0011487651
47 118 0.0005743825
47 119 0.0051694429
48 0 0.0114876507
48 3 0.0034462952
48 4 0.0028719127
48 6 0.0011487651
48 7 0.0045950604
48 8 0.0017231476
48 12 0.0028719127
48 14 0.0028719127
48 15 0.0045950604
48 16 0.0017231476
48 18 0.0017231476
48 19 0.0011487651
48 20 0.0132107986
48 21 0.0011487651
48 22 0.0011487651
48 25 0.0132107986
48 29 0.0017231476
48 30 0.0022975302
48 32 0.0068925903
48 36 0.0022975302
48 37 0.0017231476
48 38 0.0011487651
48 39 0.0017231476
48 40 0.0028719127
48 41 0.0103388857
48 42 0.0028719127
48 43 0.0017231476
48 44 0.0034462952
48 45 0.0011487651
48 46 0.0017231476
48 47 0.0011487651
48 49 0.0011487651
48 51 0.0022975302
48 54 0.0086157378
48 55 0.0011487651
48 56 0.0011487651
48 57 0.0028719127
48 63 0.0028719127
48 65 0.0017231476
48 67 0.0005743825
48 68 0.0017231476
48 69 0.0005743825
48 70 0.0011487651
48 73 0.0011487651
48 74 0.0005743825
48 76 0.0028719127
48 78 0.0011487651
48 79 0.0022975302
48 83 0.0005743825
48 84 0.0051694429
48 85 0.0017231476
48 87 0.0017231476
48 89 0.0005743825
48 90 0.0017231476
48 91 0.0011487651
48 94 0.0011487651
48 98 0.0017231476
48 101 0.0028719127
48 106 0.0028719127
48 108 0.0011487651
48 112 0.0017231476
48 113 0.0017231476
48 114 0.0028719127
48 115 0.0034462952
48 117 0.0028719127
48 119 0.0005743825
49 1 0.0005743825
49 2 0.0028719127
49 3 0.0045950604
49 4 0.0051694429
49 5 0.0028719127
49 7 0.0011487651
49 8 0.0011487651
49 12 0.0034462952
49 14 0.0045950604
49 20 0.0011487651
49 21 0.0005743825
49 25 0.0017231476
49 27 0.0045950604
49 29 0.0028719127
49 34 0.0028719127
49 38 0.0045950604
49 40 0.0028719127
49 41 0.0017231476
49 43 0.0034462952
49 44 0.0028719127
49 45 0.0068925903
49 46 0.0017231476
49 48 0.0011487651
49 53 0.0051694429
49 54 0.0005743825
49 55 0.0017231476
49 56 0.0022975302
49 60 0.0011487651
49 61 0.0045950604
49 62 0.0011487651
49 63 0.0017231476
49 65 0.0017231476
49 66 0.0005743825
49 67 0.0051694429
49 70 0.0011487651
49 71 0.0011487651
49 72 0.0068925903
49 73 0.0017231476
49 75 0.0114876507
49 79 0.0011487651
49 81 0.0017231476
49 82 0.0114876507
49 84 0.0028719127
49 86 0.0114876507
49 87 0.0011487651
49 89 0.0017231476
49 91 0.0011487651
49 92 0.0005743825
49 94 0.0017231476
49 96 0.0022975302
49 97 0.0051694429
49 98 0.0017231476
49 99 0.0086157378
49 100 0.0028719127
49 101 0.0338885710
49 105 0.0103388857
49 106 0.0005743825
49 107 0.0051694429
49 108 0.0028719127
49 109 0.0103388857
49 110 0.0114876507
49 111 0.0028719127
49 113 0.0017231476
49 114 0.0086157378
49 115 0.0011487651
50 1 0.0086157378
50 2 0.0011487651
50 3 0.0045950604
50 4 0.0017231476
50 6 0.0017231476
50 7 0.0017231476
50 8 0.0017231476
50 12 0.0022975302
50 15 0.0132107986
50 16 0.0005743825
50 18 0.0005743825
50 19 0.0017231476
50 20 0.0011487651
50 21 0.0028719127
50 22 0.0011487651
50 25 0.0017231476
50 27 0.0017231476
50 28 0.0011487651
50 32 0.0028719127
50 37 0.0017231476
50 40 0.0022975302
50 41 0.0017231476
50 42 0.0017231476
50 43 0.0005743825
50 44 0.0045950604
50 46 0.0011487651
50 47 0.0011487651
50 49 0.0017231476
50 54 0.0011487651
50 57 0.0022975302
50 61 0.0011487651
50 62 0.0051694429
50 65 0.0011487651
50 66 0.0005743825
50 70 0.0017231476
50 72 0.0005743825
50 75 0.0017231476
50 78 0.0005743825
50 82 0.0017231476
50 83 0.0045950604
50 84 0.0103388857
50 85 0.0005743825
50 86 0.0011487651
50 87 0.0011487651
50 88 0.0034462952
50 89 0.0011487651
50 90 0.0011487651
50 92 0.0005743825
50 93 0.0017231476
50 94 0.0017231476
50 98 0.0086157378
50 99 0.0017231476
50 100 0.0068925903
50 101 0.0011487651
50 102 0.0045950604
50 108 0.0017231476
50 109 0.0005743825
50 110 0.0017231476
50 111 0.0017231476
50 113 0.0017231476
50 117 0.0103388857
51 0 0.0011487651
51 1 0.0028719127
51 4 0.0005743825
51 9 0.0017231476
51 10 0.0005743825
51 11 0.0034462952
51 13 0.0028719127
51 15 0.0011487651
51 18 0.0011487651
51 19 0.0086157378
51 20 0.0017231476
51 22 0.0005743825
51 23 0.0017231476
51 26 0.0028719127
51 27 0.0005743825
51 28 0.0005743825
51 29 0.0005743825
51 30 0.0011487651
51 31 0.0017231476
51 32 0.0034462952
51 33 0.0017231476
51 34 0.0005743825
51 35 0.0028719127
51 36 0.0034462952
51 37 0.0005743825
51 39 0.0017231476
51 40 0.0011487651
51 41 0.0034462952
51 44 0.0022975302
51 45 0.0011487651
51 46 0.0022975302
51 47 0.0132107986
51 48 0.0022975302
51 50 0.0005743825
51 52 0.0011487651
51 53 0.0005743825
51 54 0.0011487651
51 55 0.0005743825
51 57 0.0114876507
51 58 0.0011487651
51 59 0.0011487651
51 64 0.0028719127
51 66 0.0017231476
51 68 0.0022975302
51 69 0.0011487651
51 70 0.0017231476
51 73 0.0005743825
51 78 0.0017231476
51 79 0.0017231476
51 84 0.0011487651
51 85 0.0022975302
51 86 0.0005743825
51 87 0.0022975302
51 88 0.0005743825
51 90 0.0045950604
51 91 0.0005743825
51 92 0.0051694429
51 96 0.0028719127
51 98 0.0022975302
51 100 0.0011487651
51 104 0.0005743825
51 108 0.0011487651
51 115 0.0005743825
51 117 0.0017231476
51 118 0.0011487651
51 119 0.0068925903
52 0 0.0005743825
52 9 0.0338885710
52 11 0.0005743825
52 13 0.0022975302
52 19 0.0034462952
52 23 0.0011487651
52 24 0.0028719127
52 31 0.0103388857
52 33 0.0034462952
52 35 0.0068925903
52 39 0.0017231476
52 44 0.0005743825
52 47 0.0005743825
52 48 0.0011487651
52 51 0.0011487651
52 54 0.0011487651
52 57 0.0045950604
52 64 0.0022975302
52 66 0.0011487651
52 69 0.0114876507
52 73 0.0022975302
52 74 0.0068925903
52 77 0.0017231476
52 78 0.0086157378
52 79 0.0005743825
52 80 0.0011487651
52 84 0.0005743825
52 85 0.0017231476
52 87 0.0005743825
52 90 0.0051694429
52 91 0.0005743825
52 92 0.0028719127
52 96 0.0028719127
52 103 0.0005743825
52 116 0.0011487651
52 119 0.0028719127
53 0 0.0011487651
53 1 0.0017231476
53 2 0.0005743825
53 4 0.0011487651
53 6 0.0022975302
53 8 0.0132107986
53 14 0.0017231476
53 15 0.0005743825
53 16 0.0005743825
53 22 0.0011487651
53 28 0.0034462952
53 31 0.0005743825
53 32 0.0034462952
53 34 0.0011487651
53 37 0.0017231476
53 38 0.0017231476
53 42 0.0017231476
53 43 0.0005743825
53 44 0.0086157378
53 45 0.0028719127
53 47 0.0005743825
53 48 0.0017231476
53 49 0.0051694429
53 51 0.0005743825
53 54 0.0022975302
53 55 0.0022975302
53 56 0.0028719127
53 60 0.0011487651
53 62 0.0011487651
53 63 0.0011487651
53 65 0.0017231476
53 67 0.0017231476
53 72 0.0045950604
53 75 0.0022975302
53 76 0.0011487651
53 81 0.0034462952
53 82 0.0068925903
53 83 0.0114876507
53 84 0.0017231476
53 87 0.0051694429
53 88 0.0132107986
53 89 0.0028719127
53 91 0.0011487651
53 92 0.0011487651
53 93 0.0017231476
53 94 0.0132107986
53 96 0.0011487651
53 98 0.0051694429
53 99 0.0011487651
53 100 0.0011487651
53 101 0.0028719127
53 102 0.0028719127
53 104 0.0017231476
53 107 0.0011487651
53 109 0.0028719127
53 111 0.0114876507
53 112 0.0005743825
53 113 0.0028719127
53 115 0.0022975302
53 117 0.0028719127
54 0 0.0114876507
54 1 0.0051694429
54 2 0.0011487651
54 3 0.0017231476
54 4 0.0005743825
54 8 0.0011487651
54 9 0.0005743825
54 12 0.0045950604
54 14 0.0011487651
54 15 0.0103388857
54 19 0.0017231476
54 20 0.0028719127
54 21 0.0068925903
54 23 0.0005743825
54 26 0.0005743825
54 27 0.0011487651
54 28 0.0011487651
54 33 0.0028719127
54 34 0.0011487651
54 37 0.0338885710
54 39 0.0011487651
54 41 0.0051694429
54 44 0.0017231476
54 46 0.0017231476
54 47 0.0011487651
54 48 0.0086157378
54 50 0.0011487651
54 53 0.0022975302
54 57 0.0028719127
54 58 0.0005743825
54 61 0.0011487651
54 63 0.0005743825
54 65 0.0011487651
54 66 0.0051694429
54 67 0.0005743825
54 68 0.0022975302
54 72 0.0005743825
54 76 0.0017231476
54 79 0.0022975302
54 82 0.0005743825
54 83 0.0017231476
54 84 0.0017231476
54 85 0.0005743825
54 88 0.0005743825
54 89 0.0028719127
54 91 0.0011487651
54 94 0.0028719127
54 96 0.0045950604
54 98 0.0017231476
54 99 0.0017231476
54 100 0.0011487651
54 108 0.0017231476
54 111 0.0005743825
54 112 0.0022975302
54 115 0.0017231476
54 119 0.0017231476
55 1 0.0028719127
55 2 0.0022975302
55 3 0.0022975302
55 4 0.0028719127
55 5 0.0114876507
55 7 0.0103388857
55 8 0.0005743825
55 10 0.0028719127
55 11 0.0011487651
55 12 0.0011487651
55 13 0.0034462952
55 14 0.0011487651
55 16 0.0011487651
55 19 0.0022975302
55 20 0.0011487651
55 24 0.0005743825
55 26 0.0103388857
55 27 0.0011487651
55 32 0.0028719127
55 34 0.0114876507
55 35 0.0005743825
55 37 0.0011487651
55 38 0.0051694429
55 40 0.0017231476
55 41 0.0045950604
55 43 0.0338885710
55 45 0.0005743825
55 46 0.0011487651
55 48 0.0011487651
55 51 0.0005743825
55 54 0.0017231476
55 57 0.0011487651
55 58 0.0022975302
55 59 0.0017231476
55 60 0.0011487651
55 62 0.0028719127
55 67 0.0011487651
55 68 0.0034462952
55 71 0.0086157378
55 72 0.0017231476
55 73 0.0051694429
55 75 0.0034462952
55 77 0.0005743825
55 79 0.0028719127
55 80 0.0028719127
55 81 0.0011487651
55 82 0.0028719127
55 84 0.0017231476
55 85 0.0034462952
55 89 0.0017231476
55 91 0.0132107986
55 92 0.0017231476
55 94 0.0011487651
55 95 0.0022975302
55 97 0.0017231476
55 98 0.0005743825
55 99 0.0028719127
55 101 0.0011487651
55 103 0.0011487651
55 104 0.0017231476
55 105 0.0017231476
55 106 0.0034462952
55 108 0.0017231476
55 109 0.0011487651
55 110 0.0028719127
55 112 0.0086157378
55 116 0.0011487651
56 0 0.0005743825
56 1 0.0017231476
56 2 0.0132107986
56 3 0.0011487651
56 4 0.0017231476
56 5 0.0051694429
56 8 0.0028719127
56 12 0.0011487651
56 14 0.0017231476
56 17 0.0011487651
56 19 0.0005743825
56 22 0.0011487651
56 25 0.0005743825
56 27 0.0068925903
56 28 0.0051694429
56 29 0.0017231476
56 30 0.0017231476
56 32 0.0005743825
56 37 0.0011487651
56 41 0.0022975302
56 42 0.0017231476
56 43 0.0045950604
56 44 0.0034462952
56 45 0.0034462952
56 46 0.0005743825
56 49 0.0022975302
56 50 0.0028719127
56 55 0.0011487651
56 58 0.0005743825
56 59 0.0005743825
56 61 0.0017231476
56 62 0.0011487651
56 71 0.0011487651
56 72 0.0017231476
56 73 0.0028719127
56 75 0.0051694429
56 82 0.0011487651
56 84 0.0017231476
56 85 0.0011487651
56 86 0.0017231476
56 87 0.0005743825
56 88 0.0022975302
56 91 0.0028719127
56 93 0.0195290055
56 94 0.0005743825
56 97 0.0011487651
56 98 0.0005743825
56 100 0.0005743825
56 101 0.0011487651
56 104 0.0017231476
56 107 0.0028719127
56 109 0.0103388857
56 110 0.0017231476
56 112 0.0011487651
56 115 0.0022975302
56 117 0.0005743825
57 0 0.0034462952
57 7 0.0005743825
57 9 0.0028719127
57 10 0.0017231476
57 11 0.0017231476
57 12 0.0017231476
57 13 0.0011487651
57 14 0.0011487651
57 15 0.0011487651
57 16 0.0086157378
57 17 0.0011487651
57 18 0.0086157378
57 20 0.0017231476
57 23 0.0028719127
57 25 0.0011487651
57 27 0.0005743825
57 30 0.0022975302
57 31 0.0028719127
57 32 0.0011487651
57 33 0.0011487651
57 34 0.0005743825
57 36 0.0011487651
57 38 0.0022975302
57 39 0.0086157378
57 40 0.0011487651
57 41 0.0017231476
57 47 0.0017231476
57 48 0.0028719127
57 50 0.0022975302
57 51 0.0114876507
57 54 0.0028719127
57 58 0.0017231476
57 59 0.0034462952
57 62 0.0011487651
57 64 0.0022975302
57 65 0.0005743825
57 66 0.0022975302
57 68 0.0011487651
57 69 0.0017231476
57 70 0.0005743825
57 73 0.0028719127
57 74 0.0017231476
57 75 0.0005743825
57 78 0.0017231476
57 80 0.0017231476
57 90 0.0028719127
57 92 0.0017231476
57 95 0.0022975302
57 96 0.0045950604
57 102 0.0017231476
57 103 0.0011487651
57 106 0.0017231476
57 113 0.0005743825
57 116 0.0017231476
57 119 0.0017231476
58 2 0.0028719127
58 9 0.0005743825
58 10 0.0005743825
58 11 0.0028719127
58 12 0.0011487651
58 13 0.0017231476
58 14 0.0005743825
58 16 0.0011487651
58 17 0.0028719127
58 18 0.0017231476
58 19 0.0017231476
58 20 0.0011487651
58 21 0.0005743825
58 22 0.0022975302
58 23 0.0017231476
58 24 0.0011487651
58 25 0.0017231476
58 26 0.0068925903
58 27 0.0017231476
58 28 0.0034462952
58 30 0.0086157378
58 33 0.0051694429
58 34 0.0028719127
58 35 0.0028719127
58 38 0.0011487651
58 39 0.0022975302
58 40 0.0086157378
58 41 0.0011487651
58 42 0.0005743825
58 43 0.0017231476
58 46 0.0005743825
58 51 0.0011487651
58 54 0.0005743825
58 55 0.0022975302
58 56 0.0005743825
58 57 0.0017231476
58 59 0.0114876507
58 66 0.0011487651
58 68 0.0103388857
58 71 0.0022975302
58 73 0.0017231476
58 75 0.0022975302
58 76 0.0103388857
58 77 0.0011487651
58 79 0.0011487651
58 80 0.0028719127
58 84 0.0005743825
58 85 0.0068925903
58 86 0.0005743825
58 91 0.0051694429
58 92 0.0028719127
58 93 0.0028719127
58 95 0.0017231476
58 96 0.0017231476
58 98 0.0005743825
58 103 0.0017231476
58 105 0.0011487651
58 106 0.0103388857
58 108 0.0022975302
58 111 0.0017231476
58 112 0.0045950604
58 113 0.0005743825
58 116 0.0017231476
58 119 0.0022975302
59 5 0.0034462952
59 11 0.0086157378
59 15 0.0005743825
59 16 0.0017231476
59 19 0.0011487651
59 20 0.0028719127
59 21 0.0017231476
59 22 0.0011487651
59 23 0.0011487651
59 24 0.0034462952
59 25 0.0028719127
59 28 0.0028719127
59 29 0.0017231476
59 30 0.0017231476
59 31 0.0017231476
59 32 0.0022975302
59 33 0.0028719127
59 34 0.0045950604
59 36 0.0028719127
59 40 0.0028719127
59 42 0.0011487651
59 46 0.0017231476
59 47 0.0005743825
59 48 0.0028719127
59 51 0.0011487651
59 54 0.0005743825
59 55 0.0017231476
59 57 0.0034462952
59 58 0.0114876507
59 65 0.0011487651
59 67 0.0005743825
59 68 0.0086157378
59 69 0.0011487651
59 71 0.0017231476
59 73 0.0045950604
59 76 0.0028719127
59 79 0.0017231476
59 80 0.0017231476
59 85 0.0051694429
59 86 0.0005743825
59 89 0.0017231476
59 90 0.0005743825
59 92 0.0017231476
59 93 0.0011487651
59 95 0.0045950604
59 96 0.0005743825
59 103 0.0011487651
59 109 0.0017231476
59 110 0.0022975302
59 112 0.0017231476
59 116 0.0017231476
59 118 0.0028719127
60 4 0.0017231476
60 6 0.0011487651
60 8 0.0017231476
60 26 0.0005743825
60 29 0.0028719127
60 30 0.0005743825
60 32 0.0005743825
60 38 0.0028719127
60 42 0.0034462952
60 43 0.0017231476
60 44 0.0028719127
60 46 0.0005743825
60 49 0.0011487651
60 50 0.0005743825
60 53 0.0011487651
60 55 0.0011487651
60 56 0.0045950604
60 63 0.0017231476
60 67 0.0051694429
60 70 0.0034462952
60 71 0.0011487651
60 72 0.0068925903
60 73 0.0005743825
60 76 0.0005743825
60 82 0.0011487651
60 86 0.0011487651
60 88 0.0017231476
60 94 0.0034462952
60 99 0.0034462952
60 101 0.0011487651
60 104 0.0017231476
60 105 0.0028719127
60 107 0.0132107986
60 109 0.0011487651
60 110 0.0022975302
60 111 0.0017231476
60 112 0.0028719127
60 113 0.0005743825
60 114 0.0028719127
61 1 0.0028719127
61 2 0.0017231476
61 3 0.0022975302
61 4 0.0017231476
61 6 0.0045950604
61 8 0.0051694429
61 14 0.0017231476
61 15 0.0005743825
61 22 0.0005743825
61 26 0.0005743825
61 27 0.0011487651
61 28 0.0005743825
61 37 0.0022975302
61 42 0.0028719127
61 45 0.0086157378
61 46 0.0011487651
61 48 0.0022975302
61 49 0.0045950604
61 50 0.0011487651
61 53 0.0017231476
61 56 0.0017231476
61 60 0.0022975302
61 63 0.0017231476
61 65 0.0028719127
61 71 0.0011487651
61 72 0.0045950604
61 75 0.0017231476
61 81 0.0005743825
61 86 0.0045950604
61 87 0.0011487651
61 88 0.0114876507
61 91 0.0005743825
61 94 0.0028719127
61 97 0.0017231476
61 98 0.0011487651
61 99 0.0017231476
61 100 0.0028719127
61 101 0.0011487651
61 104 0.0028719127
61 105 0.0028719127
61 109 0.0011487651
61 110 0.0011487651
61 111 0.0132107986
61 113 0.0011487651
61 114 0.0068925903
62 0 0.0028719127
62 1 0.0011487651
62 2 0.0022975302
62 3 0.0011487651
62 4 0.0086157378
62 5 0.0011487651
62 7 0.0011487651
62 8 0.0028719127
62 12 0.0011487651
62 15 0.0011487651
62 16 0.0011487651
62 19 0.0028719127
62 20 0.0011487651
62 21 0.0005743825
62 22 0.0017231476
62 23 0.0011487651
62 25 0.0017231476
62 27 0.0017231476
62 28 0.0028719127
62 29 0.0034462952
62 30 0.0022975302
62 32 0.0017231476
62 33 0.0011487651
62 34 0.0017231476
62 37 0.0011487651
62 41 0.0045950604
62 44 0.0103388857
62 45 0.0011487651
62 48 0.0011487651
62 51 0.0005743825
62 52 0.0005743825
62 53 0.0011487651
62 54 0.0017231476
62 56 0.0011487651
62 61 0.0017231476
62 63 0.0034462952
62 65 0.0017231476
62 67 0.0011487651
62 68 0.0005743825
62 74 0.0005743825
62 75 0.0017231476
62 76 0.0028719127
62 80 0.0005743825
62 82 0.0011487651
62 84 0.0068925903
62 87 0.0086157378
62 88 0.0022975302
62 91 0.0034462952
62 92 0.0017231476
62 93 0.0017231476
62 94 0.0103388857
62 97 0.0005743825
62 98 0.0068925903
62 99 0.0086157378
62 100 0.0017231476
62 101 0.0017231476
62 102 0.0011487651
62 104 0.0028719127
62 107 0.0005743825
62 108 0.0011487651
62 110 0.0045950604
62 111 0.0051694429
62 114 0.0068925903
62 115 0.0022975302
62 117 0.0011487651
62 119 0.0028719127
63 1 0.0017231476
63 3 0.0028719127
63 4 0.0017231476
63 6 0.0132107986
63 7 0.0005743825
63 8 0.0051694429
63 12 0.0028719127
63 14 0.0028719127
63 15 0.0017231476
63 18 0.0005743825
63 28 0.0011487651
63 37 0.0011487651
63 38 0.0005743825
63 41 0.0005743825
63 42 0.0028719127
63 44 0.0017231476
63 45 0.0017231476
63 46 0.0005743825
63 49 0.0017231476
63 50 0.0051694429
63 54 0.0005743825
63 56 0.0011487651
63 60 0.0017231476
63 61 0.0017231476
63 65 0.0011487651
63 67 0.0005743825
63 81 0.0011487651
63 82 0.0011487651
63 83 0.0103388857
63 84 0.0011487651
63 86 0.0005743825
63 87 0.0005743825
63 88 0.0028719127
63 89 0.0022975302
63 93 0.0005743825
63 94 0.0022975302
63 97 0.0017231476
63 98 0.0022975302
63 99 0.0017231476
63 101 0.0011487651
63 102 0.0017231476
63 107 0.0011487651
63 108 0.0005743825
63 110 0.0017231476
63 113 0.0017231476
63 114 0.0017231476
63 117 0.0011487651
64 7 0.0011487651
64 9 0.0011487651
64 10 0.0045950604
64 18 0.0017231476
64 19 0.0017231476
64 20 0.0022975302
64 24 0.0017231476
64 26 0.0017231476
64 29 0.0005743825
64 30 0.0028719127
64 31 0.0068925903
64 33 0.0022975302
64 34 0.0022975302
64 35 0.0028719127
64 36 0.0011487651
64 38 0.0011487651
64 39 0.0028719127
64 40 0.0017231476
64 48 0.0005743825
64 51 0.0028719127
64 52 0.0022975302
64 55 0.0005743825
64 57 0.0022975302
64 59 0.0017231476
64 65 0.0011487651
64 68 0.0045950604
64 73 0.0005743825
64 74 0.0103388857
64 76 0.0011487651
64 77 0.0011487651
64 78 0.0011487651
64 79 0.0017231476
64 80 0.0051694429
64 81 0.0005743825
64 87 0.0017231476
64 89 0.0022975302
64 90 0.0022975302
64 92 0.0011487651
64 95 0.0114876507
64 96 0.0017231476
64 103 0.0068925903
64 106 0.0045950604
64 108 0.0017231476
64 116 0.0132107986
64 118 0.0103388857
64 119 0.0051694429
65 0 0.0028719127
65 2 0.0011487651
65 3 0.0028719127
65 4 0.0011487651
65 5 0.0028719127
65 7 0.0028719127
65 8 0.0011487651
65 11 0.0017231476
65 12 0.0022975302
65 13 0.0022975302
65 14 0.0028719127
65 15 0.0005743825
65 17 0.0017231476
65 19 0.0011487651
65 21 0.0005743825
65 22 0.0028719127
65 24 0.0017231476
65 25 0.0011487651
65 26 0.0017231476
65 27 0.0086157378
65 28 0.0103388857
65 29 0.0114876507
65 30 0.0028719127
65 32 0.0011487651
65 33 0.0022975302
65 35 0.0005743825
65 37 0.0017231476
65 39 0.0005743825
65 40 0.0011487651
65 42 0.0028719127
65 45 0.0005743825
65 46 0.0017231476
65 49 0.0017231476
65 50 0.0011487651
65 55 0.0068925903
65 58 0.0017231476
65 59 0.0011487651
65 60 0.0017231476
65 61 0.0028719127
65 62 0.0017231476
65 67 0.0017231476
65 68 0.0017231476
65 71 0.0338885710
65 72 0.0011487651
65 75 0.0045950604
65 76 0.0028719127
65 80 0.0005743825
65 81 0.0017231476
65 84 0.0011487651
65 85 0.0017231476
65 86 0.0011487651
65 89 0.0017231476
65 92 0.0011487651
65 93 0.0051694429
65 94 0.0017231476
65 96 0.0028719127
65 97 0.0028719127
65 99 0.0011487651
65 102 0.0034462952
65 103 0.0022975302
65 104 0.0028719127
65 105 0.0022975302
65 108 0.0011487651
65 109 0.0017231476
65 112 0.0022975302
65 113 0.0011487651
65 114 0.0034462952
65 115 0.0005743825
65 119 0.0011487651
66 0 0.0017231476
66 1 0.0017231476
66 6 0.0011487651
66 7 0.0017231476
66 8 0.0011487651
66 14 0.0005743825
66 16 0.0051694429
66 18 0.0028719127
66 19 0.0086157378
66 20 0.0022975302
66 21 0.0132107986
66 23 0.0017231476
66 25 0.0011487651
66 26 0.0028719127
66 29 0.0005743825
66 30 0.0011487651
66 31 0.0005743825
66 32 0.0011487651
66 33 0.0022975302
66 34 0.0005743825
66 35 0.0011487651
66 37 0.0022975302
66 39 0.0017231476
66 40 0.0017231476
66 41 0.0034462952
66 44 0.0022975302
66 47 0.0114876507
66 50 0.0005743825
66 51 0.0017231476
66 54 0.0051694429
66 57 0.0022975302
66 58 0.0011487651
66 59 0.0017231476
66 63 0.0005743825
66 68 0.0017231476
66 69 0.0028719127
66 70 0.0017231476
66 71 0.0005743825
66 73 0.0005743825
66 74 0.0028719127
66 76 0.0017231476
66 78 0.0011487651
66 83 0.0022975302
66 84 0.0011487651
66 85 0.0022975302
66 86 0.0005743825
66 90 0.0022975302
66 91 0.0005743825
66 92 0.0051694429
66 95 0.0017231476
66 96 0.0028719127
66 102 0.0011487651
66 108 0.0017231476
66 112 0.0005743825
66 115 0.0017231476
66 116 0.0011487651
66 117 0.0011487651
66 119 0.0011487651
67 2 0.0132107986
67 3 0.0017231476
67 5 0.0022975302
67 6 0.0011487651
67 12 0.0028719127
67 13 0.0011487651
67 14 0.0028719127
67 22 0.0011487651
67 27 0.0017231476
67 28 0.0022975302
67 29 0.0011487651
67 30 0.0011487651
67 34 0.0005743825
67 38 0.0011487651
67 41 0.0011487651
67 42 0.0011487651
67 43 0.0017231476
67 44 0.0011487651
67 45 0.0028719127
67 46 0.0017231476
67 49 0.0051694429
67 55 0.0011487651
67 60 0.0051694429
67 61 0.0028719127
67 62 0.0011487651
67 63 0.0005743825
67 65 0.0017231476
67 68 0.0005743825
67 71 0.0011487651
67 72 0.0045950604
67 81 0.0132107986
67 82 0.0017231476
67 83 0.0028719127
67 84 0.0011487651
67 86 0.0045950604
67 88 0.0028719127
67 89 0.0011487651
67 91 0.0011487651
67 93 0.0132107986
67 94 0.0011487651
67 97 0.0011487651
67 98 0.0017231476
67 100 0.0005743825
67 101 0.0017231476
67 104 0.0017231476
67 105 0.0086157378
67 107 0.0068925903
67 109 0.0068925903
67 110 0.0103388857
67 112 0.0028719127
67 113 0.0034462952
67 115 0.0017231476
68 0 0.0017231476
68 1 0.0005743825
68 7 0.0022975302
68 9 0.0017231476
68 10 0.0017231476
68 11 0.0051694429
68 12 0.0028719127
68 13 0.0011487651
68 14 0.0005743825
68 16 0.0011487651
68 17 0.0011487651
68 18 0.0028719127
68 20 0.0028719127
68 21 0.0034462952
68 22 0.0034462952
68 23 0.0011487651
68 25 0.0005743825
68 26 0.0017231476
68 29 0.0028719127
68 30 0.0045950604
68 31 0.0011487651
68 33 0.0114876507
68 35 0.0034462952
68 36 0.0017231476
68 38 0.0028719127
68 40 0.0114876507
68 43 0.0017231476
68 47 0.0017231476
68 48 0.0017231476
68 49 0.0005743825
68 51 0.0022975302
68 54 0.0022975302
68 55 0.0034462952
68 58 0.0103388857
68 60 0.0005743825
68 62 0.0005743825
68 64 0.0045950604
68 69 0.0005743825
68 73 0.0017231476
68 74 0.0028719127
68 76 0.0022975302
68 77 0.0034462952
68 78 0.0005743825
68 79 0.0103388857
68 80 0.0011487651
68 85 0.0103388857
68 87 0.0028719127
68 89 0.0017231476
68 90 0.0011487651
68 91 0.0028719127
68 92 0.0017231476
68 95 0.0028719127
68 99 0.0011487651
68 101 0.0011487651
68 102 0.0017231476
68 103 0.0017231476
68 104 0.0011487651
68 105 0.0005743825
68 106 0.0114876507
68 109 0.0011487651
68 111 0.0011487651
68 112 0.0011487651
68 113 0.0005743825
68 116 0.0022975302
69 4 0.0005743825
69 10 0.0011487651
69 14 0.0005743825
69 15 0.0011487651
69 16 0.0017231476
69 17 0.0005743825
69 18 0.0051694429
69 19 0.0017231476
69 20 0.0005743825
69 21 0.0005743825
69 23 0.0086157378
69 24 0.0011487651
69 25 0.0005743825
69 31 0.0114876507
69 33 0.0017231476
69 34 0.0005743825
69 35 0.0028719127
69 36 0.0195290055
69 37 0.0005743825
69 38 0.0005743825
69 40 0.0011487651
69 41 0.0005743825
69 42 0.0005743825
69 47 0.0017231476
69 48 0.0005743825
69 51 0.0011487651
69 57 0.0017231476
69 64 0.0028719127
69 66 0.0028719127
69 68 0.0005743825
69 74 0.0338885710
69 77 0.0011487651
69 78 0.0017231476
69 79 0.0011487651
69 80 0.0034462952
69 85 0.0005743825
69 87 0.0017231476
69 90 0.0022975302
69 92 0.0011487651
69 96 0.0017231476
69 102 0.0011487651
69 103 0.0017231476
69 117 0.0005743825
69 118 0.0103388857
69 119 0.0017231476
70 0 0.0005743825
70 1 0.0011487651
70 4 0.0028719127
70 6 0.0086157378
70 14 0.0068925903
70 20 0.0005743825
70 21 0.0022975302
70 32 0.0028719127
70 37 0.0028719127
70 38 0.0011487651
70 42 0.0017231476
70 44 0.0045950604
70 45 0.0045950604
70 49 0.0011487651
70 50 0.0017231476
70 53 0.0017231476
70 54 0.0017231476
70 60 0.0034462952
70 61 0.0028719127
70 62 0.0028719127
70 63 0.0086157378
70 65 0.0022975302
70 67 0.0005743825
70 72 0.0011487651
70 79 0.0011487651
70 83 0.0114876507
70 84 0.0011487651
70 86 0.0011487651
70 88 0.0114876507
70 89 0.0017231476
70 94 0.0051694429
70 97 0.0011487651
70 99 0.0028719127
70 100 0.0028719127
70 101 0.0011487651
70 102 0.0017231476
70 104 0.0017231476
70 105 0.0011487651
70 106 0.0005743825
70 107 0.0017231476
70 108 0.0011487651
70 109 0.0017231476
70 110 0.0028719127
70 113 0.0017231476
70 114 0.0017231476
70 115 0.0045950604
71 0 0.0028719127
71 1 0.0017231476
71 2 0.0022975302
71 4 0.0022975302
71 5 0.0103388857
71 6 0.0005743825
71 8 0.0022975302
71 11 0.0005743825
71 12 0.0017231476
71 13 0.0011487651
71 15 0.0028719127
71 18 0.0011487651
71 19 0.0022975302
71 21 0.0011487651
71 22 0.0068925903
71 24 0.0011487651
71 25 0.0017231476
71 27 0.0017231476
71 28 0.0028719127
71 29 0.0103388857
71 30 0.0011487651
71 32 0.0011487651
71 34 0.0068925903
71 37 0.0034462952
71 38 0.0103388857
71 40 0.0017231476
71 42 0.0005743825
71 43 0.0132107986
71 44 0.0011487651
71 45 0.0028719127
71 46 0.0011487651
71 49 0.0011487651
71 51 0.0005743825
71 54 0.0017231476
71 55 0.0086157378
71 56 0.0011487651
71 57 0.0011487651
71 58 0.0022975302
71 59 0.0017231476
71 60 0.0011487651
71 62 0.0011487651
71 64 0.0005743825
71 70 0.0005743825
71 72 0.0028719127
71 73 0.0051694429
71 75 0.0011487651
71 76 0.0068925903
71 77 0.0005743825
71 80 0.0005743825
71 81 0.0011487651
71 85 0.0034462952
71 86 0.0028719127
71 87 0.0011487651
71 89 0.0011487651
71 91 0.0338885710
71 93 0.0017231476
71 94 0.0011487651
71 95 0.0022975302
71 96 0.0028719127
71 97 0.0005743825
71 98 0.0017231476
71 102 0.0011487651
71 103 0.0017231476
71 104 0.0034462952
71 105 0.0017231476
71 106 0.0034462952
71 107 0.0005743825
71 110 0.0045950604
71 112 0.0011487651
71 113 0.0017231476
71 116 0.0011487651
71 119 0.0028719127
72 1 0.0005743825
72 2 0.0011487651
72 3 0.0011487651
72 4 0.0011487651
72 5 0.0011487651
72 7 0.0011487651
72 8 0.0011487651
72 12 0.0022975302
72 15 0.0005743825
72 17 0.0017231476
72 22 0.0011487651
72 25 0.0022975302
72 29 0.0011487651
72 30 0.0022975302
72 34 0.0011487651
72 38 0.0034462952
72 41 0.0005743825
72 42 0.0022975302
72 43 0.0005743825
72 44 0.0011487651
72 49 0.0068925903
72 53 0.0045950604
72 55 0.0017231476
72 56 0.0017231476
72 58 0.0005743825
72 61 0.0045950604
72 65 0.0011487651
72 67 0.0045950604
72 68 0.0005743825
72 70 0.0011487651
72 75 0.0132107986
72 76 0.0011487651
72 81 0.0028719127
72 82 0.0068925903
72 83 0.0017231476
72 86 0.0051694429
72 87 0.0017231476
72 88 0.0017231476
72 91 0.0034462952
72 93 0.0011487651
72 94 0.0022975302
72 97 0.0132107986
72 98 0.0017231476
72 100 0.0017231476
72 101 0.0011487651
72 104 0.0017231476
72 109 0.0017231476
72 110 0.0103388857
72 111 0.0017231476
72 114 0.0011487651
73 0 0.0017231476
73 3 0.0005743825
73 4 0.0017231476
73 5 0.0011487651
73 7 0.0114876507
73 8 0.0005743825
73 9 0.0005743825
73 11 0.0028719127
73 15 0.0028719127
73 17 0.0011487651
73 21 0.0028719127
73 22 0.0051694429
73 23 0.0028719127
73 24 0.0005743825
73 26 0.0017231476
73 27 0.0034462952
73 28 0.0011487651
73 30 0.0045950604
73 31 0.0022975302
73 33 0.0022975302
73 34 0.0068925903
73 35 0.0005743825
73 37 0.0017231476
73 38 0.0028719127
73 40 0.0114876507
73 43 0.0017231476
73 44 0.0022975302
73 45 0.0028719127
73 46 0.0022975302
73 47 0.0011487651
73 48 0.0011487651
73 49 0.0017231476
73 50 0.0005743825
73 52 0.0022975302
73 53 0.0005743825
73 54 0.0005743825
73 55 0.0051694429
73 57 0.0028719127
73 58 0.0017231476
73 59 0.0045950604
73 62 0.0017231476
73 63 0.0005743825
73 64 0.0005743825
73 65 0.0017231476
73 66 0.0005743825
73 68 0.0017231476
73 75 0.0017231476
73 77 0.0028719127
73 82 0.0011487651
73 86 0.0005743825
73 87 0.0034462952
73 89 0.0017231476
73 92 0.0011487651
73 95 0.0017231476
73 96 0.0045950604
73 99 0.0017231476
73 101 0.0017231476
73 102 0.0011487651
73 103 0.0017231476
73 106 0.0051694429
73 107 0.0005743825
73 109 0.0005743825
73 112 0.0011487651
73 116 0.0034462952
73 117 0.0011487651
73 119 0.0011487651
74 9 0.0114876507
74 10 0.0011487651
74 11 0.0011487651
74 13 0.0005743825
74 17 0.0028719127
74 18 0.0028719127
74 20 0.0005743825
74 21 0.0005743825
74 24 0.0011487651
74 28 0.0005743825
74 29 0.0005743825
74 31 0.0114876507
74 33 0.0017231476
74 36 0.0114876507
74 39 0.0028719127
74 40 0.0017231476
74 47 0.0017231476
74 48 0.0005743825
74 51 0.0011487651
74 52 0.0068925903
74 57 0.0017231476
74 58 0.0011487651
74 64 0.0103388857
74 66 0.0028719127
74 68 0.0028719127
74 69 0.0338885710
74 77 0.0011487651
74 78 0.0051694429
74 79 0.0017231476
74 80 0.0028719127
74 82 0.0011487651
74 85 0.0011487651
74 89 0.0005743825
74 95 0.0011487651
74 96 0.0017231476
74 103 0.0017231476
74 109 0.0011487651
74 113 0.0005743825
74 116 0.0017231476
74 118 0.0103388857
74 119 0.0051694429
75 3 0.0017231476
75 5 0.0017231476
75 6 0.0028719127
75 8 0.0045950604
75 11 0.0011487651
75 14 0.0011487651
75 15 0.0011487651
75 17 0.0011487651
75 20 0.0022975302
75 21 0.0005743825
75 22 0.0017231476
75 25 0.0005743825
75 26 0.0017231476
75 27 0.0011487651
75 28 0.0051694429
75 29 0.0017231476
75 30 0.0005743825
75 33 0.0005743825
75 34 0.0017231476
75 38 0.0017231476
75 40 0.0005743825
75 41 0.0028719127
75 42 0.0028719127
75 43 0.0028719127
75 44 0.0022975302
75 45 0.0028719127
75 46 0.0034462952
75 48 0.0022975302
75 50 0.0017231476
75 55 0.0034462952
75 56 0.0051694429
75 58 0.0022975302
75 60 0.0011487651
75 61 0.0017231476
75 62 0.0017231476
75 63 0.0028719127
75 65 0.0045950604
75 67 0.0028719127
75 70 0.0017231476
75 71 0.0011487651
75 73 0.0017231476
75 76 0.0005743825
75 81 0.0103388857
75 82 0.0103388857
75 84 0.0017231476
75 85 0.0022975302
75 86 0.0017231476
75 87 0.0034462952
75 88 0.0011487651
75 92 0.0011487651
75 94 0.0011487651
75 96 0.0005743825
75 97 0.0068925903
75 98 0.0034462952
75 100 0.0034462952
75 101 0.0103388857
75 104 0.0086157378
75 105 0.0132107986
75 107 0.0103388857
75 109 0.0114876507
75 110 0.0338885710
75 111 0.0051694429
75 112 0.0011487651
75 113 0.0028719127
76 0 0.0011487651
76 2 0.0034462952
76 4 0.0011487651
76 5 0.0051694429
76 6 0.0005743825
76 7 0.0068925903
76 10 0.0017231476
76 11 0.0011487651
76 12 0.0034462952
76 13 0.0011487651
76 15 0.0011487651
76 16 0.0017231476
76 17 0.0017231476
76 18 0.0017231476
76 19 0.0034462952
76 20 0.0017231476
76 22 0.0103388857
76 24 0.0011487651
76 25 0.0011487651
76 26 0.0086157378
76 28 0.0017231476
76 29 0.0017231476
76 30 0.0028719127
76 32 0.0011487651
76 34 0.0338885710
76 36 0.0011487651
76 38 0.0045950604
76 39 0.0022975302
76 40 0.0028719127
76 41 0.0045950604
76 43 0.0028719127
76 46 0.0017231476
76 49 0.0017231476
76 54 0.0017231476
76 55 0.0068925903
76 56 0.0017231476
76 58 0.0103388857
76 59 0.0028719127
76 60 0.0005743825
76 62 0.0028719127
76 64 0.0011487651
76 65 0.0028719127
76 66 0.0017231476
76 67 0.0028719127
76 68 0.0022975302
76 71 0.0068925903
76 72 0.0011487651
76 73 0.0114876507
76 74 0.0005743825
76 75 0.0005743825
76 79 0.0011487651
76 80 0.0017231476
76 81 0.0017231476
76 83 0.0005743825
76 84 0.0028719127
76 85 0.0022975302
76 87 0.0017231476
76 89 0.0017231476
76 90 0.0017231476
76 91 0.0114876507
76 92 0.0011487651
76 95 0.0005743825
76 102 0.0017231476
76 105 0.0017231476
76 108 0.0028719127
76 109 0.0017231476
76 110 0.0011487651
76 112 0.0086157378
76 116 0.0017231476
76 118 0.0022975302
76 119 0.0034462952
77 7 0.0005743825
77 9 0.0017231476
77 10 0.0068925903
77 13 0.0022975302
77 16 0.0017231476
77 17 0.0011487651
77 18 0.0011487651
77 23 0.0017231476
77 31 0.0017231476
77 33 0.0028719127
77 35 0.0011487651
77 38 0.0005743825
77 40 0.0028719127
77 51 0.0005743825
77 52 0.0017231476
77 57 0.0028719127
77 58 0.0011487651
77 59 0.0011487651
77 64 0.0011487651
77 65 0.0022975302
77 68 0.0034462952
77 69 0.0011487651
77 71 0.0005743825
77 76 0.0028719127
77 78 0.0011487651
77 79 0.0017231476
77 80 0.0011487651
77 87 0.0005743825
77 90 0.0017231476
77 95 0.0011487651
77 96 0.0011487651
77 103 0.0103388857
77 106 0.0011487651
77 110 0.0005743825
77 118 0.0132107986
78 0 0.0017231476
78 7 0.0005743825
78 9 0.0103388857
78 17 0.0005743825
78 18 0.0011487651
78 19 0.0017231476
78 20 0.0011487651
78 21 0.0017231476
78 24 0.0017231476
78 31 0.0045950604
78 32 0.0011487651
78 33 0.0028719127
78 35 0.0028719127
78 36 0.0028719127
78 37 0.0005743825
78 39 0.0011487651
78 41 0.0005743825
78 47 0.0011487651
78 52 0.0086157378
78 57 0.0017231476
78 59 0.0022975302
78 64 0.0011487651
78 66 0.0011487651
78 69 0.0017231476
78 77 0.0011487651
78 79 0.0011487651
78 80 0.0005743825
78 85 0.0011487651
78 86 0.0005743825
78 90 0.0086157378
78 92 0.0022975302
78 95 0.0005743825
78 102 0.0005743825
78 113 0.0005743825
78 116 0.0011487651
79 3 0.0011487651
79 9 0.0011487651
79 11 0.0051694429
79 12 0.0011487651
79 16 0.0045950604
79 18 0.0086157378
79 19 0.0028719127
79 20 0.0028719127
79 22 0.0028719127
79 24 0.0034462952
79 26 0.0028719127
79 27 0.0005743825
79 29 0.0005743825
79 30 0.0017231476
79 31 0.0011487651
79 33 0.0028719127
79 34 0.0034462952
79 35 0.0017231476
79 39 0.0011487651
79 41 0.0017231476
79 47 0.0028719127
79 51 0.0017231476
79 52 0.0005743825
79 54 0.0022975302
79 55 0.0028719127
79 57 0.0051694429
79 58 0.0011487651
79 59 0.0017231476
79 64 0.0017231476
79 65 0.0028719127
79 66 0.0017231476
79 68 0.0103388857
79 69 0.0011487651
79 71 0.0028719127
79 73 0.0022975302
79 74 0.0017231476
79 75 0.0005743825
79 76 0.0011487651
79 77 0.0017231476
79 78 0.0011487651
79 80 0.0022975302
79 84 0.0005743825
79 85 0.0045950604
79 89 0.0028719127
79 90 0.0005743825
79 91 0.0017231476
79 92 0.0011487651
79 95 0.0114876507
79 102 0.0005743825
79 106 0.0114876507
79 108 0.0028719127
79 109 0.0022975302
79 112 0.0017231476
79 114 0.0005743825
80 2 0.0005743825
80 5 0.0028719127
80 9 0.0017231476
80 10 0.0132107986
80 12 0.0005743825
80 16 0.0011487651
80 17 0.0028719127
80 18 0.0028719127
80 22 0.0017231476
80 24 0.0068925903
80 26 0.0028719127
80 29 0.0022975302
80 30 0.0022975302
80 31 0.0011487651
80 33 0.0017231476
80 35 0.0011487651
80 39 0.0028719127
80 40 0.0017231476
80 41 0.0011487651
80 48 0.0005743825
80 51 0.0022975302
80 52 0.0011487651
80 55 0.0028719127
80 58 0.0028719127
80 64 0.0051694429
80 65 0.0005743825
80 67 0.0017231476
80 69 0.0034462952
80 71 0.0005743825
80 73 0.0017231476
80 76 0.0017231476
80 77 0.0011487651
80 79 0.0022975302
80 89 0.0005743825
80 90 0.0028719127
80 91 0.0022975302
80 92 0.0022975302
80 93 0.0022975302
80 96 0.0011487651
80 103 0.0114876507
80 106 0.0017231476
80 108 0.0005743825
80 112 0.0011487651
80 116 0.0028719127
81 1 0.0011487651
81 2 0.0086157378
81 4 0.0034462952
81 5 0.0011487651
81 7 0.0017231476
81 8 0.0011487651
81 22 0.0011487651
81 26 0.0011487651
81 27 0.0051694429
81 29 0.0045950604
81 30 0.0028719127
81 34 0.0017231476
81 38 0.0005743825
81 41 0.0005743825
81 42 0.0017231476
81 44 0.0028719127
81 45 0.0011487651
81 49 0.0017231476
81 50 0.0011487651
81 53 0.0034462952
81 55 0.0011487651
81 56 0.0114876507
81 59 0.0011487651
81 60 0.0068925903
81 61 0.0005743825
81 62 0.0011487651
81 65 0.0017231476
81 67 0.0132107986
81 70 0.0022975302
81 72 0.0028719127
81 75 0.0103388857
81 80 0.0005743825
81 82 0.0022975302
81 83 0.0028719127
81 84 0.0028719127
81 88 0.0017231476
81 89 0.0011487651
81 91 0.0005743825
81 93 0.0103388857
81 94 0.0017231476
81 97 0.0045950604
81 98 0.0028719127
81 99 0.0017231476
81 101 0.0051694429
81 104 0.0051694429
81 105 0.0338885710
81 107 0.0114876507
81 110 0.0068925903
81 111 0.0011487651
81 113 0.0017231476
81 114 0.0017231476
82 2 0.0017231476
82 3 0.0028719127
82 4 0.0051694429
82 8 0.0068925903
82 12 0.0034462952
82 14 0.0045950604
82 20 0.0011487651
82 22 0.0005743825
82 27 0.0011487651
82 28 0.0022975302
82 29 0.0017231476
82 30 0.0017231476
82 34 0.0005743825
82 37 0.0011487651
82 41 0.0017231476
82 42 0.0086157378
82 43 0.0011487651
82 46 0.0017231476
82 49 0.0114876507
82 52 0.0005743825
82 53 0.0068925903
82 54 0.0005743825
82 56 0.0011487651
82 59 0.0005743825
82 60 0.0011487651
82 61 0.0017231476
82 62 0.0011487651
82 63 0.0011487651
82 65 0.0011487651
82 67 0.0017231476
82 70 0.0011487651
82 71 0.0017231476
82 72 0.0068925903
82 73 0.0011487651
82 81 0.0022975302
82 84 0.0028719127
82 86 0.0114876507
82 87 0.0011487651
82 89 0.0051694429
82 91 0.0017231476
82 94 0.0086157378
82 97 0.0051694429
82 98 0.0017231476
82 99 0.0017231476
82 101 0.0338885710
82 102 0.0022975302
82 104 0.0195290055
82 105 0.0011487651
82 107 0.0051694429
82 109 0.0051694429
82 110 0.0028719127
82 113 0.0017231476
82 114 0.0132107986
82 115 0.0011487651
82 117 0.0022975302
83 0 0.0011487651
83 2 0.0011487651
83 3 0.0132107986
83 4 0.0011487651
83 6 0.0028719127
83 7 0.0005743825
83 8 0.0114876507
83 12 0.0028719127
83 14 0.0132107986
83 15 0.0017231476
83 20 0.0028719127
83 21 0.0005743825
83 22 0.0005743825
83 25 0.0005743825
83 37 0.0005743825
83 38 0.0017231476
83 39 0.0005743825
83 42 0.0045950604
83 44 0.0017231476
83 45 0.0017231476
83 46 0.0017231476
83 47 0.0017231476
83 48 0.0005743825
83 49 0.0011487651
83 50 0.0045950604
83 53 0.0114876507
83 54 0.0017231476
83 55 0.0017231476
83 57 0.0005743825
83 60 0.0028719127
83 61 0.0045950604
83 65 0.0011487651
83 70 0.0114876507
83 71 0.0005743825
83 72 0.0017231476
83 75 0.0011487651
83 76 0.0005743825
83 81 0.0028719127
83 82 0.0051694429
83 86 0.0017231476
83 87 0.0011487651
83 88 0.0068925903
83 89 0.0017231476
83 92 0.0022975302
83 94 0.0068925903
83 96 0.0028719127
83 98 0.0068925903
83 99 0.0011487651
83 100 0.0086157378
83 101 0.0022975302
83 102 0.0011487651
83 105 0.0005743825
83 109 0.0017231476
83 110 0.0034462952
83 111 0.0028719127
83 113 0.0011487651
83 115 0.0017231476
83 117 0.0011487651
84 0 0.0017231476
84 1 0.0338885710
84 3 0.0017231476
84 5 0.0022975302
84 6 0.0005743825
84 7 0.0034462952
84 8 0.0011487651
84 11 0.0005743825
84 12 0.0068925903
84 14 0.0017231476
84 15 0.0068925903
84 16 0.0011487651
84 19 0.0034462952
84 20 0.0022975302
84 22 0.0022975302
84 23 0.0005743825
84 25 0.0011487651
84 27 0.0017231476
84 28 0.0045950604
84 29 0.0017231476
84 32 0.0103388857
84 33 0.0022975302
84 34 0.0022975302
84 37 0.0045950604
84 38 0.0017231476
84 39 0.0022975302
84 40 0.0028719127
84 41 0.0011487651
84 42 0.0045950604
84 43 0.0011487651
84 44 0.0028719127
84 46 0.0051694429
84 47 0.0005743825
84 48 0.0051694429
84 49 0.0028719127
84 50 0.0103388857
84 52 0.0005743825
84 54 0.0017231476
84 60 0.0005743825
84 61 0.0017231476
84 62 0.0068925903
84 63 0.0011487651
84 65 0.0011487651
84 66 0.0011487651
84 67 0.0011487651
84 68 0.0005743825
84 69 0.0005743825
84 71 0.0005743825
84 72 0.0017231476
84 73 0.0028719127
84 75 0.0017231476
84 76 0.0028719127
84 81 0.0028719127
84 82 0.0028719127
84 83 0.0051694429
84 86 0.0017231476
84 87 0.0132107986
84 89 0.0011487651
84 94 0.0022975302
84 95 0.0005743825
84 96 0.0017231476
84 97 0.0005743825
84 98 0.0114876507
84 99 0.0045950604
84 100 0.0022975302
84 102 0.0028719127
84 105 0.0028719127
84 108 0.0011487651
84 110 0.0034462952
84 113 0.0114876507
84 114 0.0011487651
84 115 0.0011487651
84 117 0.0028719127
85 0 0.0011487651
85 4 0.0011487651
85 5 0.0028719127
85 7 0.0022975302
85 9 0.0017231476
85 11 0.0011487651
85 12 0.0028719127
85 13 0.0005743825
85 14 0.0022975302
85 17 0.0017231476
85 18 0.0011487651
85 19 0.0068925903
85 20 0.0045950604
85 21 0.0017231476
85 22 0.0011487651
85 23 0.0011487651
85 24 0.0005743825
85 25 0.0011487651
85 27 0.0022975302
85 31 0.0005743825
85 33 0.0086157378
85 34 0.0017231476
85 35 0.0034462952
85 39 0.0005743825
85 41 0.0028719127
85 42 0.0011487651
85 43 0.0017231476
85 47 0.0011487651
85 49 0.0011487651
85 51 0.0022975302
85 52 0.0017231476
85 54 0.0005743825
85 55 0.0034462952
85 56 0.0011487651
85 57 0.0017231476
85 59 0.0051694429
85 64 0.0017231476
85 65 0.0017231476
85 66 0.0022975302
85 67 0.0005743825
85 68 0.0103388857
85 69 0.0005743825
85 70 0.0005743825
85 71 0.0034462952
85 73 0.0017231476
85 76 0.0022975302
85 79 0.0045950604
85 80 0.0011487651
85 81 0.0005743825
85 83 0.0005743825
85 84 0.0011487651
85 86 0.0017231476
85 87 0.0005743825
85 89 0.0017231476
85 90 0.0011487651
85 91 0.0011487651
85 92 0.0338885710
85 93 0.0022975302
85 95 0.0017231476
85 96 0.0028719127
85 97 0.0005743825
85 98 0.0005743825
85 101 0.0022975302
85 102 0.0011487651
85 103 0.0017231476
85 104 0.0005743825
85 105 0.0011487651
85 106 0.0051694429
85 110 0.0005743825
85 111 0.0005743825
85 112 0.0028719127
85 114 0.0028719127
85 117 0.0017231476
85 118 0.0017231476
86 1 0.0011487651
86 2 0.0011487651
86 3 0.0051694429
86 4 0.0068925903
86 6 0.0028719127
86 7 0.0017231476
86 8 0.0028719127
86 10 0.0005743825
86 12 0.0017231476
86 14 0.0045950604
86 15 0.0005743825
86 23 0.0005743825
86 26 0.0005743825
86 27 0.0022975302
86 28 0.0028719127
86 29 0.0011487651
86 32 0.0034462952
86 34 0.0011487651
86 37 0.0017231476
86 40 0.0028719127
86 41 0.0011487651
86 42 0.0338885710
86 43 0.0005743825
86 44 0.0103388857
86 45 0.0028719127
86 46 0.0051694429
86 48 0.0017231476
86 49 0.0114876507
86 50 0.0011487651
86 53 0.0011487651
86 54 0.0022975302
86 55 0.0017231476
86 56 0.0017231476
86 58 0.0005743825
86 61 0.0045950604
86 63 0.0005743825
86 67 0.0045950604
86 70 0.0011487651
86 71 0.0028719127
86 72 0.0051694429
86 73 0.0005743825
86 75 0.0017231476
86 76 0.0028719127
86 82 0.0114876507
86 83 0.0017231476
86 84 0.0017231476
86 85 0.0017231476
86 87 0.0051694429
86 88 0.0017231476
86 89 0.0068925903
86 92 0.0022975302
86 94 0.0068925903
86 96 0.0011487651
86 97 0.0011487651
86 98 0.0051694429
86 99 0.0114876507
86 101 0.0195290055
86 102 0.0028719127
86 104 0.0132107986
86 106 0.0005743825
86 107 0.0011487651
86 108 0.0017231476
86 110 0.0086157378
86 111 0.0017231476
86 113 0.0028719127
86 114 0.0114876507
86 115 0.0017231476
86 117 0.0028719127
87 0 0.0011487651
87 1 0.0086157378
87 2 0.0011487651
87 3 0.0051694429
87 4 0.0114876507
87 5 0.0028719127
87 6 0.0028719127
87 7 0.0017231476
87 8 0.0011487651
87 10 0.0005743825
87 11 0.0017231476
87 14 0.0045950604
87 15 0.0028719127
87 18 0.0005743825
87 19 0.0017231476
87 23 0.0005743825
87 25 0.0011487651
87 26 0.0005743825
87 27 0.0022975302
87 28 0.0028719127
87 29 0.0011487651
87 32 0.0017231476
87 33 0.0028719127
87 34 0.0028719127
87 37 0.0017231476
87 38 0.0051694429
87 40 0.0017231476
87 41 0.0051694429
87 43 0.0005743825
87 44 0.0068925903
87 45 0.0005743825
87 46 0.0068925903
87 48 0.0017231476
87 50 0.0011487651
87 53 0.0051694429
87 54 0.0017231476
87 55 0.0017231476
87 58 0.0022975302
87 59 0.0005743825
87 60 0.0005743825
87 61 0.0011487651
87 64 0.0017231476
87 66 0.0022975302
87 67 0.0017231476
87 68 0.0028719127
87 70 0.0011487651
87 71 0.0011487651
87 72 0.0017231476
87 73 0.0034462952
87 74 0.0017231476
87 81 0.0028719127
87 82 0.0011487651
87 83 0.0011487651
87 84 0.0132107986
87 86 0.0051694429
87 88 0.0011487651
87 91 0.0011487651
87 92 0.0028719127
87 94 0.0011487651
87 96 0.0028719127
87 97 0.0028719127
87 98 0.0017231476
87 99 0.0011487651
87 100 0.0011487651
87 101 0.0022975302
87 102 0.0045950604
87 104 0.0017231476
87 105 0.0017231476
87 107 0.0028719127
87 109 0.0011487651
87 110 0.0011487651
87 112 0.0022975302
87 113 0.0114876507
87 115 0.0017231476
87 117 0.0045950604
88 1 0.0011487651
88 3 0.0017231476
88 4 0.0011487651
88 5 0.0005743825
88 6 0.0028719127
88 7 0.0005743825
88 8 0.0103388857
88 12 0.0011487651
88 14 0.0051694429
88 15 0.0028719127
88 20 0.0022975302
88 28 0.0017231476
88 32 0.0017231476
88 37 0.0005743825
88 38 0.0017231476
88 41 0.0017231476
88 42 0.0051694429
88 44 0.0017231476
88 45 0.0017231476
88 46 0.0017231476
88 48 0.0005743825
88 49 0.0011487651
88 50 0.0034462952
88 53 0.0132107986
88 61 0.0114876507
88 62 0.0022975302
88 63 0.0028719127
88 70 0.0114876507
88 72 0.0017231476
88 75 0.0011487651
88 82 0.0011487651
88 83 0.0068925903
88 84 0.0011487651
88 86 0.0017231476
88 87 0.0011487651
88 89 0.0005743825
88 92 0.0022975302
88 93 0.0011487651
88 94 0.0068925903
88 97 0.0045950604
88 98 0.0017231476
88 99 0.0011487651
88 100 0.0022975302
88 101 0.0045950604
88 102 0.0028719127
88 104 0.0045950604
88 105 0.0005743825
88 107 0.0011487651
88 109 0.0017231476
88 111 0.0103388857
88 112 0.0005743825
88 113 0.0045950604
88 114 0.0028719127
88 117 0.0028719127
88 119 0.0005743825
89 1 0.0045950604
89 2 0.0051694429
89 3 0.0028719127
89 4 0.0132107986
89 5 0.0011487651
89 6 0.0005743825
89 8 0.0011487651
89 12 0.0045950604
89 15 0.0011487651
89 16 0.0005743825
89 18 0.0005743825
89 19 0.0011487651
89 20 0.0005743825
89 22 0.0028719127
89 27 0.0103388857
89 28 0.0195290055
89 29 0.0045950604
89 32 0.0017231476
89 34 0.0028719127
89 38 0.0114876507
89 40 0.0028719127
89 41 0.0017231476
89 42 0.0011487651
89 43 0.0017231476
89 44 0.0017231476
89 45 0.0022975302
89 46 0.0068925903
89 48 0.0005743825
89 49 0.0017231476
89 53 0.0028719127
89 55 0.0017231476
89 56 0.0022975302
89 57 0.0017231476
89 58 0.0017231476
89 59 0.0017231476
89 62 0.0017231476
89 65 0.0017231476
89 67 0.0011487651
89 71 0.0011487651
89 72 0.0017231476
89 73 0.0017231476
89 75 0.0045950604
89 76 0.0017231476
89 82 0.0051694429
89 83 0.0017231476
89 84 0.0011487651
89 86 0.0068925903
89 87 0.0068925903
89 88 0.0005743825
89 92 0.0028719127
89 93 0.0051694429
89 97 0.0011487651
89 98 0.0011487651
89 99 0.0338885710
89 100 0.0028719127
89 101 0.0028719127
89 102 0.0011487651
89 104 0.0028719127
89 105 0.0017231476
89 106 0.0011487651
89 107 0.0011487651
89 108 0.0028719127
89 109 0.0068925903
89 110 0.0011487651
89 111 0.0011487651
89 112 0.0005743825
89 113 0.0051694429
89 115 0.0005743825
89 116 0.0022975302
89 119 0.0005743825
90 0 0.0005743825
90 7 0.0005743825
90 10 0.0011487651
90 11 0.0005743825
90 13 0.0028719127
90 16 0.0017231476
90 17 0.0011487651
90 18 0.0011487651
90 19 0.0011487651
90 21 0.0011487651
90 23 0.0028719127
90 25 0.0005743825
90 31 0.0028719127
90 32 0.0005743825
90 33 0.0034462952
90 36 0.0011487651
90 37 0.0028719127
90 39 0.0086157378
90 40 0.0005743825
90 41 0.0005743825
90 47 0.0028719127
90 50 0.0011487651
90 51 0.0045950604
90 52 0.0051694429
90 54 0.0028719127
90 57 0.0028719127
90 62 0.0011487651
90 64 0.0022975302
90 66 0.0022975302
90 68 0.0011487651
90 74 0.0022975302
90 77 0.0017231476
90 78 0.0086157378
90 80 0.0028719127
90 83 0.0005743825
90 92 0.0017231476
90 94 0.0005743825
90 95 0.0011487651
90 103 0.0034462952
90 108 0.0005743825
90 116 0.0017231476
90 118 0.0011487651
91 1 0.0028719127
91 2 0.0017231476
91 8 0.0005743825
91 9 0.0005743825
91 11 0.0011487651
91 12 0.0017231476
91 15 0.0017231476
91 17 0.0028719127
91 18 0.0028719127
91 19 0.0011487651
91 20 0.0011487651
91 22 0.0086157378
91 25 0.0022975302
91 26 0.0028719127
91 27 0.0011487651
91 28 0.0011487651
91 29 0.0028719127
91 30 0.0017231476
91 32 0.0034462952
91 33 0.0017231476
91 34 0.0086157378
91 37 0.0017231476
91 38 0.0017231476
91 40 0.0017231476
91 41 0.0011487651
91 42 0.0017231476
91 43 0.0086157378
91 44 0.0017231476
91 45 0.0017231476
91 46 0.0045950604
91 49 0.0011487651
91 51 0.0005743825
91 53 0.0011487651
91 54 0.0011487651
91 55 0.0132107986
91 56 0.0028719127
91 58 0.0051694429
91 59 0.0017231476
91 60 0.0022975302
91 61 0.0005743825
91 64 0.0011487651
91 65 0.0086157378
91 66 0.0005743825
91 67 0.0011487651
91 68 0.0028719127
91 73 0.0028719127
91 79 0.0017231476
91 80 0.0022975302
91 81 0.0005743825
91 82 0.0017231476
91 85 0.0011487651
91 86 0.0011487651
91 87 0.0011487651
91 89 0.0045950604
91 92 0.0011487651
91 93 0.0017231476
91 94 0.0028719127
91 95 0.0017231476
91 97 0.0028719127
91 98 0.0028719127
91 102 0.0011487651
91 103 0.0028719127
91 105 0.0011487651
91 106 0.0011487651
91 108 0.0017231476
91 109 0.0045950604
91 110 0.0017231476
91 111 0.0022975302
91 112 0.0028719127
91 117 0.0017231476
91 119 0.0028719127
92 0 0.0017231476
92 3 0.0011487651
92 4 0.0005743825
92 5 0.0017231476
92 7 0.0011487651
92 9 0.0005743825
92 10 0.0005743825
92 12 0.0011487651
92 16 0.0017231476
92 17 0.0011487651
92 18 0.0011487651
92 20 0.0028719127
92 21 0.0051694429
92 22 0.0005743825
92 23 0.0017231476
92 24 0.0011487651
92 25 0.0045950604
92 27 0.0011487651
92 28 0.0011487651
92 29 0.0005743825
92 30 0.0017231476
92 32 0.0034462952
92 34 0.0028719127
92 35 0.0028719127
92 36 0.0005743825
92 38 0.0034462952
92 39 0.0011487651
92 40 0.0086157378
92 41 0.0028719127
92 43 0.0028719127
92 44 0.0017231476
92 46 0.0017231476
92 47 0.0011487651
92 48 0.0022975302
92 51 0.0051694429
92 52 0.0028719127
92 54 0.0011487651
92 55 0.0017231476
92 57 0.0017231476
92 58 0.0028719127
92 59 0.0017231476
92 61 0.0011487651
92 62 0.0017231476
92 64 0.0011487651
92 66 0.0051694429
92 68 0.0017231476
92 71 0.0017231476
92 74 0.0011487651
92 76 0.0011487651
92 78 0.0022975302
92 79 0.0011487651
92 80 0.0022975302
92 84 0.0017231476
92 85 0.0338885710
92 87 0.0028719127
92 89 0.0028719127
92 90 0.0017231476
92 91 0.0011487651
92 93 0.0011487651
92 94 0.0028719127
92 95 0.0028719127
92 96 0.0103388857
92 99 0.0017231476
92 102 0.0011487651
92 106 0.0022975302
92 109 0.0005743825
92 110 0.0022975302
92 112 0.0034462952
92 114 0.0005743825
92 117 0.0017231476
92 118 0.0011487651
92 119 0.0068925903
93 0 0.0017231476
93 1 0.0028719127
93 2 0.0086157378
93 3 0.0028719127
93 5 0.0028719127
93 6 0.0005743825
93 7 0.0034462952
93 8 0.0011487651
93 11 0.0028719127
93 12 0.0028719127
93 14 0.0022975302
93 19 0.0005743825
93 22 0.0017231476
93 28 0.0011487651
93 29 0.0068925903
93 32 0.0022975302
93 33 0.0005743825
93 34 0.0028719127
93 38 0.0017231476
93 41 0.0017231476
93 42 0.0028719127
93 43 0.0051694429
93 44 0.0017231476
93 46 0.0011487651
93 49 0.0011487651
93 53 0.0017231476
93 54 0.0011487651
93 55 0.0017231476
93 56 0.0195290055
93 58 0.0028719127
93 59 0.0011487651
93 65 0.0051694429
93 67 0.0132107986
93 68 0.0022975302
93 76 0.0005743825
93 79 0.0017231476
93 80 0.0022975302
93 81 0.0103388857
93 83 0.0011487651
93 84 0.0005743825
93 87 0.0011487651
93 88 0.0011487651
93 89 0.0051694429
93 91 0.0017231476
93 94 0.0017231476
93 97 0.0011487651
93 98 0.0017231476
93 99 0.0051694429
93 100 0.0005743825
93 101 0.0011487651
93 102 0.0005743825
93 104 0.0028719127
93 105 0.0028719127
93 107 0.0051694429
93 109 0.0017231476
93 110 0.0011487651
93 112 0.0011487651
93 113 0.0034462952
93 114 0.0034462952
93 115 0.0011487651
93 117 0.0005743825
94 0 0.0005743825
94 1 0.0011487651
94 3 0.0114876507
94 4 0.0045950604
94 8 0.0338885710
94 11 0.0005743825
94 12 0.0011487651
94 14 0.0068925903
94 15 0.0034462952
94 16 0.0011487651
94 20 0.0028719127
94 21 0.0011487651
94 22 0.0005743825
94 25 0.0005743825
94 27 0.0034462952
94 28 0.0017231476
94 29 0.0028719127
94 32 0.0011487651
94 34 0.0005743825
94 38 0.0011487651
94 41 0.0011487651
94 42 0.0114876507
94 43 0.0005743825
94 45 0.0011487651
94 46 0.0011487651
94 49 0.0017231476
94 53 0.0132107986
94 56 0.0005743825
94 61 0.0028719127
94 63 0.0022975302
94 65 0.0017231476
94 67 0.0011487651
94 71 0.0011487651
94 72 0.0022975302
94 75 0.0011487651
94 79 0.0005743825
94 81 0.0017231476
94 82 0.0086157378
94 83 0.0068925903
94 84 0.0022975302
94 87 0.0011487651
94 88 0.0068925903
94 91 0.0028719127
94 97 0.0017231476
94 98 0.0011487651
94 99 0.0045950604
94 100 0.0028719127
94 101 0.0086157378
94 102 0.0017231476
94 105 0.0017231476
94 107 0.0017231476
94 108 0.0017231476
94 110 0.0045950604
94 113 0.0017231476
94 115 0.0045950604
95 5 0.0005743825
95 7 0.0005743825
95 9 0.0017231476
95 10 0.0045950604
95 11 0.0011487651
95 13 0.0011487651
95 16 0.0011487651
95 17 0.0017231476
95 18 0.0017231476
95 21 0.0011487651
95 23 0.0068925903
95 27 0.0005743825
95 29 0.0011487651
95 30 0.0034462952
95 31 0.0051694429
95 34 0.0028719127
95 35 0.0045950604
95 36 0.0017231476
95 38 0.0017231476
95 39 0.0028719127
95 40 0.0017231476
95 43 0.0005743825
95 52 0.0011487651
95 55 0.0022975302
95 57 0.0022975302
95 58 0.0017231476
95 64 0.0114876507
95 68 0.0028719127
95 69 0.0022975302
95 74 0.0011487651
95 77 0.0011487651
95 79 0.0114876507
95 80 0.0028719127
95 85 0.0017231476
95 89 0.0005743825
95 91 0.0017231476
95 92 0.0028719127
95 96 0.0011487651
95 102 0.0011487651
95 103 0.0103388857
95 106 0.0017231476
95 108 0.0005743825
95 112 0.0028719127
95 118 0.0103388857
95 119 0.0051694429
96 0 0.0017231476
96 1 0.0017231476
96 4 0.0017231476
96 9 0.0005743825
96 11 0.0017231476
96 15 0.0028719127
96 16 0.0028719127
96 17 0.0011487651
96 19 0.0114876507
96 21 0.0086157378
96 25 0.0017231476
96 26 0.0028719127
96 30 0.0005743825
96 33 0.0045950604
96 34 0.0034462952
96 35 0.0017231476
96 36 0.0022975302
96 37 0.0017231476
96 38 0.0017231476
96 39 0.0011487651
96 40 0.0051694429
96 41 0.0051694429
96 43 0.0028719127
96 44 0.0011487651
96 46 0.0028719127
96 50 0.0017231476
96 52 0.0028719127
96 55 0.0028719127
96 57 0.0045950604
96 58 0.0017231476
96 59 0.0005743825
96 63 0.0005743825
96 64 0.0017231476
96 65 0.0028719127
96 66 0.0028719127
96 68 0.0011487651
96 69 0.0017231476
96 71 0.0028719127
96 73 0.0045950604
96 78 0.0011487651
96 80 0.0011487651
96 84 0.0017231476
96 85 0.0028719127
96 86 0.0011487651
96 87 0.0028719127
96 91 0.0005743825
96 94 0.0005743825
96 98 0.0034462952
96 100 0.0005743825
96 101 0.0005743825
96 102 0.0011487651
96 104 0.0005743825
96 105 0.0005743825
96 106 0.0034462952
96 108 0.0068925903
96 112 0.0017231476
96 113 0.0034462952
96 114 0.0005743825
96 115 0.0017231476
96 116 0.0005743825
96 117 0.0017231476
96 119 0.0017231476
97 2 0.0022975302
97 3 0.0005743825
97 5 0.0022975302
97 6 0.0005743825
97 7 0.0022975302
97 8 0.0011487651
97 27 0.0017231476
97 28 0.0028719127
97 29 0.0017231476
97 30 0.0005743825
97 40 0.0017231476
97 45 0.0103388857
97 48 0.0005743825
97 53 0.0011487651
97 54 0.0005743825
97 56 0.0011487651
97 60 0.0114876507
97 62 0.0005743825
97 63 0.0017231476
97 65 0.0028719127
97 67 0.0011487651
97 68 0.0005743825
97 70 0.0011487651
97 71 0.0005743825
97 72 0.0132107986
97 73 0.0005743825
97 75 0.0068925903
97 81 0.0045950604
97 82 0.0051694429
97 83 0.0034462952
97 84 0.0005743825
97 86 0.0011487651
97 87 0.0028719127
97 88 0.0045950604
97 89 0.0011487651
97 91 0.0028719127
97 93 0.0011487651
97 94 0.0017231476
97 98 0.0028719127
97 99 0.0011487651
97 100 0.0017231476
97 104 0.0045950604
97 106 0.0005743825
97 107 0.0068925903
97 109 0.0045950604
97 110 0.0028719127
97 112 0.0005743825
97 115 0.0005743825
98 0 0.0011487651
98 1 0.0086157378
98 2 0.0011487651
98 3 0.0103388857
98 4 0.0045950604
98 6 0.0017231476
98 8 0.0017231476
98 12 0.0051694429
98 14 0.0114876507
98 15 0.0028719127
98 18 0.0005743825
98 20 0.0011487651
98 22 0.0005743825
98 25 0.0017231476
98 27 0.0005743825
98 28 0.0011487651
98 29 0.0028719127
98 32 0.0017231476
98 37 0.0017231476
98 38 0.0011487651
98 40 0.0005743825
98 42 0.0011487651
98 44 0.0103388857
98 45 0.0005743825
98 46 0.0011487651
98 48 0.0017231476
98 49 0.0017231476
98 50 0.0086157378
98 53 0.0051694429
98 54 0.0017231476
98 55 0.0005743825
98 56 0.0005743825
98 60 0.0005743825
98 61 0.0011487651
98 62 0.0068925903
98 63 0.0022975302
98 65 0.0017231476
98 67 0.0017231476
98 70 0.0051694429
98 71 0.0017231476
98 73 0.0005743825
98 75 0.0034462952
98 76 0.0005743825
98 79 0.0005743825
98 82 0.0017231476
98 83 0.0068925903
98 84 0.0114876507
98 85 0.0005743825
98 86 0.0051694429
98 87 0.0017231476
98 88 0.0017231476
98 89 0.0011487651
98 90 0.0005743825
98 92 0.0028719127
98 93 0.0017231476
98 94 0.0011487651
98 96 0.0034462952
98 99 0.0045950604
98 100 0.0028719127
98 101 0.0022975302
98 104 0.0017231476
98 108 0.0028719127
98 109 0.0011487651
98 110 0.0011487651
98 111 0.0017231476
98 113 0.0132107986
98 114 0.0045950604
98 115 0.0103388857
99 0 0.0005743825
99 1 0.0011487651
99 2 0.0017231476
99 3 0.0017231476
99 5 0.0034462952
99 7 0.0051694429
99 8 0.0017231476
99 12 0.0017231476
99 14 0.0017231476
99 15 0.0034462952
99 19 0.0005743825
99 20 0.0028719127
99 22 0.0034462952
99 24 0.0011487651
99 27 0.0017231476
99 28 0.0114876507
99 29 0.0017231476
99 33 0.0011487651
99 38 0.0103388857
99 41 0.0011487651
99 42 0.0068925903
99 43 0.0017231476
99 44 0.0051694429
99 45 0.0051694429
99 46 0.0011487651
99 49 0.0086157378
99 50 0.0017231476
99 53 0.0011487651
99 54 0.0017231476
99 55 0.0028719127
99 56 0.0011487651
99 60 0.0034462952
99 62 0.0086157378
99 63 0.0017231476
99 67 0.0045950604
99 69 0.0005743825
99 70 0.0028719127
99 71 0.0022975302
99 72 0.0022975302
99 73 0.0017231476
99 75 0.0028719127
99 76 0.0011487651
99 79 0.0005743825
99 81 0.0017231476
99 82 0.0017231476
99 83 0.0011487651
99 84 0.0045950604
99 85 0.0028719127
99 86 0.0114876507
99 87 0.0011487651
99 88 0.0011487651
99 89 0.0338885710
99 91 0.0017231476
99 92 0.0017231476
99 93 0.0051694429
99 94 0.0045950604
99 97 0.0011487651
99 104 0.0068925903
99 105 0.0051694429
99 106 0.0022975302
99 107 0.0017231476
99 108 0.0005743825
99 109 0.0114876507
99 111 0.0022975302
99 113 0.0028719127
99 115 0.0011487651
99 117 0.0017231476
100 0 0.0005743825
100 1 0.0045950604
100 3 0.0086157378
100 4 0.0017231476
100 6 0.0068925903
100 8 0.0068925903
100 12 0.0034462952
100 14 0.0086157378
100 15 0.0051694429
100 16 0.0005743825
100 21 0.0011487651
100 25 0.0028719127
100 32 0.0017231476
100 37 0.0011487651
100 41 0.0005743825
100 42 0.0017231476
100 44 0.0011487651
100 45 0.0034462952
100 48 0.0017231476
100 49 0.0028719127
100 50 0.0068925903
100 53 0.0011487651
100 54 0.0011487651
100 66 0.0005743825
100 72 0.0017231476
100 75 0.0034462952
100 81 0.0017231476
100 83 0.0086157378
100 84 0.0022975302
100 85 0.0005743825
100 86 0.0011487651
100 87 0.0011487651
100 91 0.0005743825
100 94 0.0028719127
100 97 0.0017231476
100 98 0.0028719127
100 99 0.0017231476
100 101 0.0011487651
100 104 0.0017231476
100 109 0.0028719127
100 110 0.0017231476
100 111 0.0011487651
100 114 0.0045950604
100 115 0.0132107986
100 117 0.0022975302
101 1 0.0028719127
101 2 0.0045950604
101 3 0.0028719127
101 4 0.0028719127
101 5 0.0017231476
101 6 0.0017231476
101 7 0.0028719127
101 11 0.0005743825
101 12 0.0028719127
101 14 0.0011487651
101 15 0.0017231476
101 19 0.0011487651
101 20 0.0028719127
101 22 0.0028719127
101 25 0.0028719127
101 27 0.0017231476
101 28 0.0011487651
101 38 0.0022975302
101 40 0.0017231476
101 42 0.0132107986
101 43 0.0017231476
101 44 0.0103388857
101 45 0.0068925903
101 46 0.0022975302
101 48 0.0028719127
101 49 0.0338885710
101 54 0.0011487651
101 55 0.0011487651
101 56 0.0011487651
101 60 0.0011487651
101 61 0.0011487651
101 62 0.0017231476
101 63 0.0011487651
101 67 0.0017231476
101 71 0.0011487651
101 73 0.0017231476
101 75 0.0103388857
101 79 0.0011487651
101 81 0.0051694429
101 82 0.0338885710
101 83 0.0022975302
101 86 0.0195290055
101 87 0.0022975302
101 88 0.0045950604
101 89 0.0028719127
101 91 0.0005743825
101 94 0.0086157378
101 97 0.0022975302
101 98 0.0022975302
101 99 0.0103388857
101 102 0.0011487651
101 104 0.0195290055
101 105 0.0017231476
101 106 0.0022975302
101 107 0.0022975302
101 108 0.0028719127
101 109 0.0028719127
101 110 0.0068925903
101 111 0.0103388857
101 112 0.0011487651
101 113 0.0051694429
101 115 0.0011487651
101 117 0.0011487651
101 119 0.0011487651
102 0 0.0103388857
102 1 0.0068925903
102 3 0.0028719127
102 7 0.0017231476
102 10 0.0011487651
102 12 0.0068925903
102 14 0.0011487651
102 15 0.0017231476
102 18 0.0028719127
102 19 0.0017231476
102 20 0.0068925903
102 21 0.0045950604
102 23 0.0005743825
102 25 0.0114876507
102 27 0.0017231476
102 28 0.0005743825
102 29 0.0028719127
102 30 0.0005743825
102 31 0.0005743825
102 32 0.0132107986
102 33 0.0017231476
102 37 0.0114876507
102 38 0.0011487651
102 39 0.0028719127
102 41 0.0028719127
102 44 0.0028719127
102 46 0.0045950604
102 47 0.0011487651
102 48 0.0132107986
102 49 0.0022975302
102 50 0.0045950604
102 51 0.0011487651
102 52 0.0022975302
102 53 0.0028719127
102 54 0.0114876507
102 55 0.0005743825
102 59 0.0005743825
102 64 0.0011487651
102 65 0.0034462952
102 66 0.0011487651
102 67 0.0022975302
102 68 0.0017231476
102 70 0.0017231476
102 71 0.0011487651
102 73 0.0011487651
102 76 0.0017231476
102 79 0.0005743825
102 80 0.0011487651
102 82 0.0022975302
102 83 0.0011487651
102 84 0.0028719127
102 87 0.0045950604
102 89 0.0011487651
102 91 0.0011487651
102 92 0.0011487651
102 93 0.0005743825
102 94 0.0017231476
102 96 0.0011487651
102 98 0.0045950604
102 100 0.0011487651
102 104 0.0028719127
102 105 0.0022975302
102 106 0.0005743825
102 108 0.0017231476
102 109 0.0028719127
102 110 0.0005743825
102 112 0.0017231476
102 113 0.0017231476
102 117 0.0103388857
102 118 0.0005743825
102 119 0.0028719127
103 5 0.0005743825
103 9 0.0028719127
103 10 0.0103388857
103 12 0.0005743825
103 13 0.0068925903
103 16 0.0005743825
103 17 0.0086157378
103 18 0.0017231476
103 19 0.0028719127
103 24 0.0011487651
103 26 0.0028719127
103 31 0.0017231476
103 33 0.0011487651
103 34 0.0005743825
103 35 0.0011487651
103 36 0.0028719127
103 39 0.0028719127
103 40 0.0034462952
103 41 0.0005743825
103 51 0.0028719127
103 52 0.0005743825
103 55 0.0011487651
103 59 0.0011487651
103 64 0.0068925903
103 68 0.0017231476
103 69 0.0017231476
103 71 0.0017231476
103 73 0.0017231476
103 74 0.0017231476
103 76 0.0034462952
103 77 0.0103388857
103 78 0.0011487651
103 79 0.0028719127
103 85 0.0017231476
103 90 0.0034462952
103 91 0.0028719127
103 92 0.0028719127
103 95 0.0103388857
103 96 0.0005743825
103 108 0.0022975302
103 109 0.0011487651
104 0 0.0022975302
104 1 0.0034462952
104 2 0.0022975302
104 3 0.0017231476
104 4 0.0011487651
104 6 0.0005743825
104 7 0.0011487651
104 8 0.0068925903
104 14 0.0051694429
104 15 0.0028719127
104 20 0.0005743825
104 22 0.0022975302
104 25 0.0011487651
104 27 0.0011487651
104 28 0.0051694429
104 29 0.0017231476
104 34 0.0022975302
104 40 0.0017231476
104 41 0.0017231476
104 43 0.0028719127
104 44 0.0017231476
104 45 0.0103388857
104 46 0.0017231476
104 48 0.0005743825
104 49 0.0132107986
104 50 0.0034462952
104 53 0.0017231476
104 55 0.0017231476
104 56 0.0017231476
104 58 0.0005743825
104 60 0.0017231476
104 61 0.0028719127
104 62 0.0028719127
104 63 0.0028719127
104 65 0.0028719127
104 70 0.0017231476
104 71 0.0034462952
104 73 0.0028719127
104 75 0.0086157378
104 76 0.0017231476
104 81 0.0051694429
104 82 0.0195290055
104 84 0.0011487651
104 85 0.0005743825
104 86 0.0132107986
104 87 0.0017231476
104 88 0.0045950604
104 89 0.0028719127
104 92 0.0005743825
104 94 0.0114876507
104 97 0.0045950604
104 98 0.0017231476
104 99 0.0068925903
104 100 0.0017231476
104 101 0.0195290055
104 102 0.0028719127
104 105 0.0028719127
104 106 0.0011487651
104 107 0.0045950604
104 109 0.0011487651
104 110 0.0017231476
104 112 0.0005743825
104 113 0.0045950604
104 114 0.0338885710
104 117 0.0028719127
104 119 0.0011487651
105 2 0.0114876507
105 4 0.0011487651
105 7 0.0017231476
105 8 0.0017231476
105 14 0.0011487651
105 20 0.0011487651
105 26 0.0017231476
105 27 0.0017231476
105 28 0.0045950604
105 32 0.0011487651
105 37 0.0011487651
105 42 0.0051694429
105 44 0.0011487651
105 45 0.0045950604
105 49 0.0103388857
105 53 0.0011487651
105 55 0.0017231476
105 56 0.0068925903
105 60 0.0028719127
105 62 0.0017231476
105 63 0.0028719127
105 65 0.0022975302
105 67 0.0086157378
105 68 0.0005743825
105 70 0.0011487651
105 71 0.0017231476
105 75 0.0132107986
105 76 0.0017231476
105 81 0.0338885710
105 82 0.0011487651
105 86 0.0011487651
105 87 0.0017231476
105 89 0.0017231476
105 91 0.0011487651
105 92 0.0017231476
105 97 0.0028719127
105 99 0.0051694429
105 100 0.0028719127
105 101 0.0017231476
105 102 0.0022975302
105 104 0.0028719127
105 107 0.0086157378
105 109 0.0103388857
105 110 0.0114876507
105 111 0.0011487651
105 112 0.0017231476
105 113 0.0034462952
105 114 0.0051694429
105 115 0.0028719127
106 0 0.0022975302
106 2 0.0005743825
106 7 0.0017231476
106 9 0.0017231476
106 10 0.0011487651
106 11 0.0103388857
106 13 0.0011487651
106 16 0.0011487651
106 17 0.0086157378
106 18 0.0011487651
106 19 0.0017231476
106 22 0.0011487651
106 23 0.0011487651
106 27 0.0022975302
106 30 0.0051694429
106 31 0.0011487651
106 34 0.0011487651
106 36 0.0017231476
106 38 0.0005743825
106 39 0.0005743825
106 40 0.0017231476
106 41 0.0005743825
106 43 0.0017231476
106 47 0.0011487651
106 48 0.0028719127
106 51 0.0022975302
106 52 0.0017231476
106 55 0.0034462952
106 57 0.0017231476
106 58 0.0103388857
106 59 0.0132107986
106 64 0.0045950604
106 65 0.0017231476
106 67 0.0005743825
106 68 0.0114876507
106 69 0.0005743825
106 73 0.0051694429
106 74 0.0011487651
106 77 0.0011487651
106 78 0.0011487651
106 79 0.0114876507
106 80 0.0017231476
106 81 0.0005743825
106 87 0.0005743825
106 89 0.0011487651
106 90 0.0011487651
106 91 0.0011487651
106 99 0.0022975302
106 101 0.0022975302
106 103 0.0051694429
106 108 0.0017231476
106 112 0.0028719127
106 114 0.0017231476
106 118 0.0017231476
107 3 0.0034462952
107 4 0.0017231476
107 5 0.0034462952
107 6 0.0005743825
107 8 0.0028719127
107 22 0.0005743825
107 27 0.0022975302
107 28 0.0028719127
107 29 0.0011487651
107 30 0.0005743825
107 34 0.0011487651
107 41 0.0022975302
107 42 0.0017231476
107 43 0.0011487651
107 44 0.0034462952
107 45 0.0011487651
107 48 0.0005743825
107 49 0.0051694429
107 53 0.0011487651
107 55 0.0005743825
107 56 0.0028719127
107 58 0.0011487651
107 61 0.0017231476
107 63 0.0011487651
107 65 0.0028719127
107 67 0.0068925903
107 71 0.0005743825
107 72 0.0114876507
107 75 0.0103388857
107 76 0.0022975302
107 80 0.0005743825
107 81 0.0114876507
107 82 0.0051694429
107 83 0.0034462952
107 86 0.0011487651
107 87 0.0028719127
107 88 0.0011487651
107 89 0.0011487651
107 91 0.0028719127
107 93 0.0051694429
107 94 0.0017231476
107 99 0.0017231476
107 105 0.0086157378
107 109 0.0051694429
107 111 0.0022975302
107 112 0.0028719127
107 113 0.0011487651
107 114 0.0017231476
107 117 0.0005743825
108 0 0.0051694429
108 1 0.0034462952
108 4 0.0011487651
108 5 0.0034462952
108 7 0.0028719127
108 9 0.0028719127
108 10 0.0022975302
108 11 0.0017231476
108 12 0.0045950604
108 13 0.0028719127
108 14 0.0022975302
108 15 0.0017231476
108 16 0.0017231476
108 17 0.0017231476
108 18 0.0022975302
108 19 0.0051694429
108 20 0.0103388857
108 21 0.0022975302
108 25 0.0028719127
108 26 0.0022975302
108 28 0.0034462952
108 29 0.0017231476
108 32 0.0011487651
108 34 0.0045950604
108 35 0.0028719127
108 36 0.0017231476
108 38 0.0017231476
108 39 0.0011487651
108 40 0.0068925903
108 41 0.0114876507
108 43 0.0011487651
108 46 0.0011487651
108 48 0.0011487651
108 49 0.0028719127
108 50 0.0017231476
108 51 0.0011487651
108 52 0.0005743825
108 54 0.0017231476
108 55 0.0017231476
108 56 0.0005743825
108 57 0.0011487651
108 58 0.0022975302
108 59 0.0011487651
108 61 0.0011487651
108 62 0.0011487651
108 64 0.0017231476
108 66 0.0017231476
108 68 0.0051694429
108 69 0.0011487651
108 71 0.0017231476
108 73 0.0114876507
108 74 0.0017231476
108 79 0.0028719127
108 80 0.0005743825
108 84 0.0011487651
108 85 0.0086157378
108 86 0.0017231476
108 87 0.0011487651
108 89 0.0028719127
108 90 0.0005743825
108 91 0.0017231476
108 92 0.0086157378
108 94 0.0017231476
108 95 0.0005743825
108 96 0.0068925903
108 97 0.0017231476
108 99 0.0005743825
108 100 0.0005743825
108 101 0.0028719127
108 102 0.0017231476
108 103 0.0022975302
108 104 0.0011487651
108 106 0.0017231476
108 109 0.0017231476
108 110 0.0022975302
108 112 0.0017231476
108 114 0.0017231476
108 119 0.0011487651
109 1 0.0034462952
109 2 0.0132107986
109 3 0.0028719127
109 5 0.0011487651
109 8 0.0011487651
109 12 0.0011487651
109 14 0.0011487651
109 15 0.0011487651
109 20 0.0005743825
109 22 0.0028719127
109 23 0.0011487651
109 25 0.0017231476
109 26 0.0017231476
109 27 0.0086157378
109 29 0.0045950604
109 32 0.0028719127
109 38 0.0051694429
109 42 0.0011487651
109 44 0.0017231476
109 45 0.0022975302
109 46 0.0011487651
109 48 0.0005743825
109 53 0.0028719127
109 55 0.0011487651
109 56 0.0103388857
109 58 0.0017231476
109 61 0.0011487651
109 62 0.0028719127
109 65 0.0017231476
109 67 0.0068925903
109 68 0.0011487651
109 70 0.0017231476
109 71 0.0011487651
109 72 0.0017231476
109 73 0.0005743825
109 76 0.0017231476
109 83 0.0017231476
109 86 0.0068925903
109 87 0.0011487651
109 88 0.0017231476
109 89 0.0068925903
109 93 0.0017231476
109 94 0.0017231476
109 97 0.0045950604
109 101 0.0028719127
109 103 0.0011487651
109 104 0.0011487651
109 105 0.0103388857
109 107 0.0051694429
109 108 0.0017231476
109 110 0.0338885710
109 111 0.0017231476
109 112 0.0005743825
109 113 0.0022975302
109 114 0.0045950604
109 115 0.0005743825
109 119 0.0005743825
110 1 0.0017231476
110 3 0.0017231476
110 4 0.0022975302
110 5 0.0011487651
110 7 0.0011487651
110 8 0.0011487651
110 12 0.0017231476
110 14 0.0011487651
110 20 0.0005743825
110 22 0.0034462952
110 27 0.0068925903
110 28 0.0017231476
110 29 0.0017231476
110 30 0.0022975302
110 32 0.0017231476
110 34 0.0034462952
110 38 0.0017231476
110 41 0.0011487651
110 44 0.0045950604
110 45 0.0051694429
110 46 0.0011487651
110 48 0.0005743825
110 50 0.0017231476
110 53 0.0017231476
110 54 0.0022975302
110 55 0.0028719127
110 58 0.0011487651
110 60 0.0022975302
110 61 0.0011487651
110 62 0.0045950604
110 63 0.0017231476
110 65 0.0011487651
110 67 0.0103388857
110 70 0.0028719127
110 75 0.0338885710
110 81 0.0068925903
110 82 0.0028719127
110 83 0.0034462952
110 84 0.0034462952
110 87 0.0011487651
110 88 0.0034462952
110 89 0.0011487651
110 91 0.0017231476
110 93 0.0011487651
110 94 0.0045950604
110 97 0.0028719127
110 98 0.0011487651
110 99 0.0068925903
110 100 0.0017231476
110 101 0.0068925903
110 102 0.0005743825
110 105 0.0114876507
110 106 0.0005743825
110 107 0.0028719127
110 109 0.0338885710
110 111 0.0017231476
110 112 0.0017231476
110 113 0.0011487651
110 114 0.0011487651
110 115 0.0011487651
110 117 0.0011487651
111 1 0.0005743825
111 3 0.0011487651
111 4 0.0022975302
111 5 0.0005743825
111 6 0.0011487651
111 8 0.0017231476
111 12 0.0005743825
111 14 0.0022975302
111 15 0.0017231476
111 20 0.0011487651
111 22 0.0022975302
111 27 0.0005743825
111 28 0.0011487651
111 29 0.0022975302
111 38 0.0034462952
111 45 0.0114876507
111 46 0.0017231476
111 49 0.0028719127
111 54 0.0005743825
111 55 0.0005743825
111 56 0.0017231476
111 60 0.0017231476
111 62 0.0051694429
111 63 0.0045950604
111 65 0.0028719127
111 67 0.0034462952
111 70 0.0011487651
111 72 0.0017231476
111 73 0.0005743825
111 75 0.0051694429
111 81 0.0011487651
111 84 0.0028719127
111 85 0.0005743825
111 86 0.0017231476
111 87 0.0017231476
111 88 0.0103388857
111 89 0.0011487651
111 93 0.0028719127
111 94 0.0086157378
111 97 0.0011487651
111 98 0.0017231476
111 99 0.0022975302
111 100 0.0011487651
111 101 0.0103388857
111 102 0.0022975302
111 105 0.0011487651
111 106 0.0005743825
111 107 0.0022975302
111 109 0.0017231476
111 110 0.0017231476
111 113 0.0017231476
111 114 0.0132107986
111 115 0.0028719127
111 117 0.0022975302
112 0 0.0028719127
112 1 0.0005743825
112 4 0.0028719127
112 5 0.0086157378
112 7 0.0045950604
112 8 0.0017231476
112 9 0.0005743825
112 10 0.0017231476
112 11 0.0051694429
112 12 0.0011487651
112 13 0.0017231476
112 14 0.0005743825
112 16 0.0005743825
112 17 0.0028719127
112 20 0.0011487651
112 21 0.0022975302
112 22 0.0132107986
112 25 0.0017231476
112 26 0.0114876507
112 27 0.0011487651
112 28 0.0011487651
112 29 0.0028719127
112 30 0.0103388857
112 31 0.0017231476
112 33 0.0028719127
112 34 0.0132107986
112 38 0.0011487651
112 40 0.0017231476
112 41 0.0017231476
112 43 0.0068925903
112 46 0.0005743825
112 47 0.0011487651
112 51 0.0005743825
112 53 0.0005743825
112 56 0.0011487651
112 59 0.0017231476
112 60 0.0028719127
112 64 0.0005743825
112 65 0.0022975302
112 66 0.0005743825
112 67 0.0028719127
112 68 0.0011487651
112 71 0.0011487651
112 73 0.0011487651
112 75 0.0011487651
112 76 0.0086157378
112 79 0.0017231476
112 80 0.0011487651
112 82 0.0005743825
112 84 0.0005743825
112 85 0.0028719127
112 91 0.0028719127
112 92 0.0034462952
112 98 0.0011487651
112 100 0.0005743825
112 103 0.0017231476
112 104 0.0005743825
112 105 0.0017231476
112 106 0.0028719127
112 107 0.0028719127
112 110 0.0017231476
112 114 0.0005743825
112 116 0.0022975302
112 119 0.0011487651
113 0 0.0005743825
113 1 0.0068925903
113 2 0.0011487651
113 4 0.0028719127
113 5 0.0005743825
113 7 0.0034462952
113 12 0.0068925903
113 15 0.0051694429
113 16 0.0028719127
113 19 0.0028719127
113 20 0.0017231476
113 21 0.0017231476
113 23 0.0017231476
113 25 0.0045950604
113 27 0.0011487651
113 28 0.0022975302
113 29 0.0028719127
113 32 0.0011487651
113 33 0.0005743825
113 34 0.0005743825
113 38 0.0011487651
113 41 0.0017231476
113 42 0.0017231476
113 44 0.0114876507
113 45 0.0011487651
113 46 0.0045950604
113 48 0.0017231476
113 50 0.0017231476
113 51 0.0011487651
113 53 0.0028719127
113 56 0.0011487651
113 61 0.0011487651
113 62 0.0132107986
113 63 0.0017231476
113 65 0.0011487651
113 67 0.0034462952
113 68 0.0005743825
113 70 0.0017231476
113 71 0.0017231476
113 72 0.0005743825
113 73 0.0011487651
113 76 0.0022975302
113 83 0.0011487651
113 84 0.0114876507
113 86 0.0028719127
113 88 0.0045950604
113 91 0.0028719127
113 93 0.0034462952
113 94 0.0017231476
113 97 0.0011487651
113 98 0.0132107986
113 99 0.0028719127
113 100 0.0022975302
113 102 0.0017231476
113 104 0.0045950604
113 107 0.0011487651
113 109 0.0022975302
113 110 0.0011487651
113 111 0.0017231476
113 114 0.0011487651
113 115 0.0028719127
113 117 0.0017231476
114 1 0.0028719127
114 2 0.0011487651
114 3 0.0103388857
114 4 0.0028719127
114 7 0.0005743825
114 8 0.0086157378
114 12 0.0011487651
114 14 0.0028719127
114 15 0.0017231476
114 20 0.0017231476
114 21 0.0005743825
114 22 0.0011487651
114 25 0.0017231476
114 27 0.0028719127
114 28 0.0017231476
114 29 0.0028719127
114 30 0.0005743825
114 32 0.0005743825
114 37 0.0028719127
114 38 0.0017231476
114 41 0.0034462952
114 42 0.0338885710
114 43 0.0017231476
114 44 0.0103388857
114 45 0.0017231476
114 46 0.0045950604
114 48 0.0028719127
114 50 0.0028719127
114 53 0.0103388857
114 55 0.0022975302
114 56 0.0028719127
114 58 0.0022975302
114 59 0.0017231476
114 60 0.0028719127
114 62 0.0068925903
114 63 0.0017231476
114 65 0.0034462952
114 67 0.0011487651
114 68 0.0005743825
114 70 0.0017231476
114 72 0.0011487651
114 75 0.0068925903
114 76 0.0005743825
114 81 0.0017231476
114 82 0.0132107986
114 83 0.0011487651
114 84 0.0011487651
114 86 0.0114876507
114 87 0.0045950604
114 88 0.0028719127
114 89 0.0045950604
114 93 0.0034462952
114 98 0.0045950604
114 99 0.0028719127
114 100 0.0045950604
114 101 0.0132107986
114 104 0.0338885710
114 107 0.0017231476
114 110 0.0011487651
114 111 0.0132107986
114 112 0.0005743825
114 113 0.0011487651
114 115 0.0017231476
114 117 0.0011487651
115 0 0.0028719127
115 1 0.0028719127
115 2 0.0028719127
115 3 0.0017231476
115 4 0.0011487651
115 6 0.0011487651
115 7 0.0011487651
115 8 0.0011487651
115 12 0.0011487651
115 15 0.0017231476
115 21 0.0017231476
115 22 0.0005743825
115 27 0.0028719127
115 28 0.0017231476
115 38 0.0011487651
115 42 0.0045950604
115 44 0.0017231476
115 45 0.0017231476
115 47 0.0005743825
115 49 0.0011487651
115 50 0.0114876507
115 51 0.0005743825
115 53 0.0022975302
115 54 0.0017231476
115 60 0.0005743825
115 61 0.0005743825
115 62 0.0022975302
115 63 0.0103388857
115 65 0.0005743825
115 66 0.0017231476
115 67 0.0017231476
115 70 0.0045950604
115 72 0.0011487651
115 73 0.0011487651
115 75 0.0017231476
115 79 0.0005743825
115 83 0.0017231476
115 84 0.0011487651
115 86 0.0017231476
115 87 0.0017231476
115 88 0.0017231476
115 89 0.0005743825
115 93 0.0011487651
115 94 0.0045950604
115 96 0.0017231476
115 98 0.0103388857
115 99 0.0011487651
115 100 0.0132107986
115 101 0.0011487651
115 102 0.0017231476
115 104 0.0017231476
115 105 0.0028719127
115 108 0.0011487651
115 109 0.0005743825
115 111 0.0028719127
115 113 0.0028719127
115 117 0.0011487651
116 4 0.0011487651
116 5 0.0022975302
116 9 0.0022975302
116 10 0.0028719127
116 13 0.0045950604
116 16 0.0011487651
116 17 0.0028719127
116 18 0.0051694429
116 20 0.0005743825
116 22 0.0011487651
116 23 0.0068925903
116 24 0.0022975302
116 26 0.0028719127
116 30 0.0017231476
116 31 0.0028719127
116 34 0.0017231476
116 35 0.0045950604
116 40 0.0011487651
116 41 0.0005743825
116 43 0.0005743825
116 47 0.0011487651
116 48 0.0011487651
116 52 0.0011487651
116 57 0.0017231476
116 58 0.0017231476
116 59 0.0017231476
116 66 0.0011487651
116 68 0.0022975302
116 69 0.0051694429
116 74 0.0017231476
116 78 0.0011487651
116 79 0.0068925903
116 85 0.0011487651
116 87 0.0005743825
116 90 0.0017231476
116 92 0.0017231476
116 95 0.0132107986
116 96 0.0005743825
116 103 0.0086157378
116 106 0.0011487651
116 108 0.0011487651
116 119 0.0017231476
117 0 0.0017231476
117 1 0.0068925903
117 4 0.0017231476
117 5 0.0005743825
117 7 0.0034462952
117 8 0.0034462952
117 12 0.0068925903
117 14 0.0011487651
117 18 0.0005743825
117 19 0.0034462952
117 20 0.0022975302
117 21 0.0045950604
117 22 0.0005743825
117 28 0.0005743825
117 29 0.0028719127
117 33 0.0022975302
117 34 0.0005743825
117 37 0.0338885710
117 38 0.0011487651
117 40 0.0022975302
117 41 0.0017231476
117 42 0.0017231476
117 44 0.0011487651
117 45 0.0005743825
117 46 0.0045950604
117 48 0.0028719127
117 49 0.0022975302
117 50 0.0103388857
117 53 0.0028719127
117 56 0.0005743825
117 57 0.0022975302
117 59 0.0005743825
117 62 0.0011487651
117 63 0.0011487651
117 65 0.0034462952
117 70 0.0017231476
117 71 0.0017231476
117 73 0.0011487651
117 75 0.0005743825
117 76 0.0022975302
117 82 0.0022975302
117 83 0.0011487651
117 84 0.0028719127
117 85 0.0017231476
117 86 0.0028719127
117 88 0.0028719127
117 89 0.0011487651
117 90 0.0005743825
117 91 0.0017231476
117 92 0.0017231476
117 94 0.0017231476
117 95 0.0005743825
117 98 0.0045950604
117 99 0.0017231476
117 100 0.0022975302
117 101 0.0011487651
117 106 0.0005743825
117 108 0.0034462952
117 110 0.0011487651
117 113 0.0017231476
117 115 0.0011487651
117 119 0.0005743825
118 4 0.0005743825
118 5 0.0005743825
118 7 0.0022975302
118 9 0.0011487651
118 10 0.0011487651
118 11 0.0005743825
118 18 0.0011487651
118 19 0.0022975302
118 23 0.0051694429
118 24 0.0028719127
118 26 0.0022975302
118 29 0.0005743825
118 30 0.0017231476
118 31 0.0114876507
118 33 0.0034462952
118 34 0.0011487651
118 35 0.0017231476
118 36 0.0017231476
118 39 0.0028719127
118 40 0.0034462952
118 44 0.0005743825
118 47 0.0005743825
118 48 0.0005743825
118 51 0.0011487651
118 52 0.0051694429
118 55 0.0011487651
118 57 0.0034462952
118 59 0.0028719127
118 64 0.0103388857
118 69 0.0103388857
118 74 0.0103388857
118 76 0.0022975302
118 77 0.0132107986
118 78 0.0011487651
118 79 0.0011487651
118 80 0.0017231476
118 85 0.0017231476
118 86 0.0011487651
118 90 0.0011487651
118 92 0.0011487651
118 95 0.0103388857
118 103 0.0028719127
118 112 0.0005743825
118 116 0.0114876507
118 119 0.0028719127
119 0 0.0017231476
119 5 0.0005743825
119 9 0.0017231476
119 10 0.0028719127
119 11 0.0017231476
119 12 0.0017231476
119 13 0.0017231476
119 17 0.0051694429
119 18 0.0338885710
119 19 0.0011487651
119 20 0.0011487651
119 21 0.0011487651
119 22 0.0028719127
119 23 0.0017231476
119 24 0.0028719127
119 25 0.0034462952
119 26 0.0005743825
119 28 0.0005743825
119 30 0.0011487651
119 31 0.0017231476
119 33 0.0338885710
119 34 0.0017231476
119 36 0.0017231476
119 37 0.0005743825
119 38 0.0011487651
119 39 0.0017231476
119 40 0.0011487651
119 41 0.0017231476
119 42 0.0005743825
119 48 0.0005743825
119 51 0.0068925903
119 55 0.0028719127
119 57 0.0017231476
119 58 0.0022975302
119 59 0.0051694429
119 64 0.0051694429
119 65 0.0011487651
119 66 0.0011487651
119 68 0.0103388857
119 69 0.0017231476
119 70 0.0005743825
119 73 0.0011487651
119 74 0.0051694429
119 76 0.0034462952
119 77 0.0005743825
119 78 0.0017231476
119 79 0.0068925903
119 80 0.0034462952
119 82 0.0005743825
119 85 0.0068925903
119 89 0.0005743825
119 91 0.0028719127
119 92 0.0068925903
119 94 0.0022975302
119 95 0.0051694429
119 99 0.0005743825
119 101 0.0011487651
119 102 0.0028719127
119 103 0.0011487651
119 106 0.0068925903
119 108 0.0011487651
119 109 0.0005743825
119 110 0.0005743825
119 112 0.0011487651
119 113 0.0005743825
119 114 0.0022975302
119 118 0.0028719127
3524
47 56 0.0005743825
204 93 0.0005743825
84 93 0.0005743825
43 6 0.0005743825
157 56 0.0005743825
59 56 0.0005743825
274 6 0.0005743825
290 6 0.0005743825
285 6 0.0005743825
38 67 0.0005743825
48 6 0.0005743825
300 61 0.0005743825
178 5 0.0005743825
92 61 0.0005743825
316 61 0.0005743825
321 6 0.0005743825
318 60 0.0005743825
134 67 0.0005743825
268 97 0.0005743825
6 97 0.0005743825
227 67 0.0005743825
88 81 0.0005743825
38 56 0.0005743825
69 6 0.0005743825
162 10 0.0005743825
210 61 0.0005743825
245 5 0.0005743825
11 5 0.0005743825
134 56 0.0005743825
203 67 0.0005743825
157 67 0.0005743825
271 60 0.0005743825
12 97 0.0005743825
116 6 0.0005743825
208 11 0.0005743825
96 112 0.0005743825
91 88 0.0005743825
144 13 0.0005743825
7 61 0.0005743825
262 70 0.0005743825
142 112 0.0005743825
125 97 0.0005743825
87 61 0.0005743825
167 13 0.0005743825
157 93 0.0005743825
260 24 0.0005743825
266 60 0.0005743825
45 6 0.0005743825
47 93 0.0005743825
18 112 0.0005743825
241 61 0.0005743825
29 70 0.0005743825
46 60 0.0005743825
10 5 0.0005743825
5 24 0.0005743825
307 60 0.0005743825
59 67 0.0005743825
59 93 0.0005743825
104 70 0.0005743825
217 60 0.0005743825
291 70 0.0005743825
50 97 0.0005743825
233 60 0.0005743825
319 61 0.0005743825
200 5 0.0005743825
134 93 0.0005743825
84 56 0.0005743825
294 70 0.0005743825
114 97 0.0005743825
204 56 0.0005743825
193 88 0.0005743825
164 97 0.0005743825
123 97 0.0005743825
293 81 0.0005743825
115 11 0.0005743825
133 80 0.0005743825
160 24 0.0005743825
1 88 0.0005743825
132 88 0.0005743825
329 6 0.0005743825
47 67 0.0005743825
293 67 0.0005743825
106 70 0.0005743825
90 81 0.0005743825
239 11 0.0005743825
120 80 0.0005743825
199 60 0.0005743825
310 5 0.0005743825
198 24 0.0005743825
147 30 0.0005743825
30 5 0.0005743825
256 13 0.0005743825
269 88 0.0005743825
124 107 0.0005743825
287 11 0.0005743825
40 30 0.0005743825
17 70 0.0005743825
81 30 0.0005743825
203 81 0.0005743825
8 5 0.0005743825
280 29 0.0005743825
298 29 0.0005743825
263 61 0.0005743825
250 30 0.0005743825
60 30 0.0005743825
229 5 0.0005743825
75 60 0.0005743825
56 11 0.0005743825
259 60 0.0005743825
103 107 0.0005743825
263 45 0.0005743825
234 60 0.0005743825
229 22 0.0005743825
171 30 0.0005743825
308 10 0.0005743825
10 43 0.0005743825
327 6 0.0005743825
182 13 0.0005743825
73 88 0.0005743825
184 5 0.0005743825
117 70 0.0005743825
58 61 0.0005743825
245 43 0.0005743825
180 81 0.0005743825
8 22 0.0005743825
185 88 0.0005743825
154 60 0.0005743825
51 10 0.0005743825
267 45 0.0005743825
168 24 0.0005743825
102 80 0.0005743825
277 5 0.0005743825
258 13 0.0005743825
51 80 0.0005743825
216 88 0.0005743825
110 88 0.0005743825
152 60 0.0005743825
157 2 0.0005743825
294 6 0.0005743825
38 81 0.0005743825
322 61 0.0005743825
153 45 0.0005743825
225 60 0.0005743825
136 13 0.0005743825
214 88 0.0005743825
218 11 0.0005743825
228 13 0.0005743825
194 11 0.0005743825
184 112 0.0005743825
222 88 0.0005743825
247 30 0.0005743825
8 55 0.0005743825
261 24 0.0005743825
145 60 0.0005743825
272 60 0.0005743825
38 93 0.0005743825
21 80 0.0005743825
203 56 0.0005743825
227 81 0.0005743825
11 55 0.0005743825
221 61 0.0005743825
227 56 0.0005743825
216 61 0.0005743825
11 7 0.0005743825
104 6 0.0005743825
304 80 0.0005743825
1 61 0.0005743825
244 88 0.0005743825
178 55 0.0005743825
2 10 0.0005743825
117 6 0.0005743825
222 61 0.0005743825
215 61 0.0005743825
278 29 0.0005743825
59 2 0.0005743825
174 13 0.0005743825
74 60 0.0005743825
321 63 0.0005743825
185 61 0.0005743825
215 45 0.0005743825
169 88 0.0005743825
110 61 0.0005743825
241 88 0.0005743825
120 10 0.0005743825
183 60 0.0005743825
64 88 0.0005743825
48 63 0.0005743825
142 22 0.0005743825
312 30 0.0005743825
88 67 0.0005743825
176 88 0.0005743825
310 43 0.0005743825
193 61 0.0005743825
277 29 0.0005743825
269 61 0.0005743825
191 88 0.0005743825
77 30 0.0005743825
209 30 0.0005743825
204 67 0.0005743825
184 22 0.0005743825
321 70 0.0005743825
150 60 0.0005743825
38 2 0.0005743825
309 60 0.0005743825
103 81 0.0005743825
227 93 0.0005743825
293 56 0.0005743825
21 10 0.0005743825
134 2 0.0005743825
2 80 0.0005743825
0 10 0.0005743825
84 67 0.0005743825
322 88 0.0005743825
178 43 0.0005743825
30 43 0.0005743825
89 45 0.0005743825
304 13 0.0005743825
292 97 0.0005743825
264 29 0.0005743825
124 81 0.0005743825
172 24 0.0005743825
275 70 0.0005743825
180 107 0.0005743825
299 97 0.0005743825
221 53 0.0005743825
169 61 0.0005743825
17 6 0.0005743825
29 6 0.0005743825
325 88 0.0005743825
47 2 0.0005743825
271 97 0.0005743825
214 61 0.0005743825
229 55 0.0005743825
7 45 0.0005743825
64 70 0.0005743825
291 6 0.0005743825
28 39 0.0005743825
74 97 0.0005743825
102 10 0.0005743825
299 60 0.0005743825
96 22 0.0005743825
90 107 0.0005743825
95 61 0.0005743825
0 80 0.0005743825
285 63 0.0005743825
152 97 0.0005743825
279 60 0.0005743825
83 30 0.0005743825
18 34 0.0005743825
319 88 0.0005743825
8 112 0.0005743825
300 111 0.0005743825
293 93 0.0005743825
226 45 0.0005743825
96 5 0.0005743825
16 30 0.0005743825
309 107 0.0005743825
325 70 0.0005743825
103 75 0.0005743825
88 60 0.0005743825
92 111 0.0005743825
290 63 0.0005743825
327 63 0.0005743825
248 70 0.0005743825
261 10 0.0005743825
5 10 0.0005743825
200 43 0.0005743825
11 22 0.0005743825
134 81 0.0005743825
95 97 0.0005743825
280 5 0.0005743825
10 29 0.0005743825
95 45 0.0005743825
221 88 0.0005743825
278 93 0.0005743825
43 63 0.0005743825
249 39 0.0005743825
258 80 0.0005743825
180 105 0.0005743825
69 63 0.0005743825
84 2 0.0005743825
98 88 0.0005743825
327 70 0.0005743825
59 81 0.0005743825
147 26 0.0005743825
293 105 0.0005743825
98 61 0.0005743825
106 6 0.0005743825
316 88 0.0005743825
30 29 0.0005743825
274 63 0.0005743825
132 61 0.0005743825
80 24 0.0005743825
310 29 0.0005743825
114 60 0.0005743825
267 97 0.0005743825
247 26 0.0005743825
178 22 0.0005743825
58 45 0.0005743825
16 11 0.0005743825
262 6 0.0005743825
275 6 0.0005743825
209 26 0.0005743825
129 117 0.0005743825
98 70 0.0005743825
77 26 0.0005743825
50 72 0.0005743825
315 97 0.0005743825
200 29 0.0005743825
194 59 0.0005743825
96 34 0.0005743825
173 11 0.0005743825
142 34 0.0005743825
133 10 0.0005743825
153 61 0.0005743825
91 70 0.0005743825
227 105 0.0005743825
248 88 0.0005743825
18 22 0.0005743825
146 97 0.0005743825
203 93 0.0005743825
144 80 0.0005743825
243 117 0.0005743825
316 111 0.0005743825
272 107 0.0005743825
226 61 0.0005743825
7 82 0.0005743825
285 70 0.0005743825
88 75 0.0005743825
110 53 0.0005743825
325 6 0.0005743825
12 72 0.0005743825
329 70 0.0005743825
245 29 0.0005743825
142 5 0.0005743825
1 53 0.0005743825
164 72 0.0005743825
167 80 0.0005743825
298 5 0.0005743825
40 112 0.0005743825
318 107 0.0005743825
94 50 0.0005743825
195 13 0.0005743825
123 72 0.0005743825
160 10 0.0005743825
164 60 0.0005743825
195 11 0.0005743825
274 70 0.0005743825
203 2 0.0005743825
264 93 0.0005743825
266 107 0.0005743825
300 88 0.0005743825
34 39 0.0005743825
255 15 0.0005743825
277 43 0.0005743825
73 61 0.0005743825
308 80 0.0005743825
180 67 0.0005743825
87 45 0.0005743825
313 63 0.0005743825
267 61 0.0005743825
142 55 0.0005743825
146 45 0.0005743825
235 50 0.0005743825
209 112 0.0005743825
99 37 0.0005743825
210 88 0.0005743825
137 21 0.0005743825
263 111 0.0005743825
124 105 0.0005743825
18 5 0.0005743825
318 97 0.0005743825
239 17 0.0005743825
136 80 0.0005743825
294 83 0.0005743825
88 105 0.0005743825
229 112 0.0005743825
248 6 0.0005743825
11 43 0.0005743825
185 53 0.0005743825
260 10 0.0005743825
175 66 0.0005743825
117 63 0.0005743825
199 97 0.0005743825
173 30 0.0005743825
268 72 0.0005743825
184 55 0.0005743825
260 77 0.0005743825
298 65 0.0005743825
327 83 0.0005743825
244 70 0.0005743825
293 2 0.0005743825
162 80 0.0005743825
308 24 0.0005743825
89 97 0.0005743825
33 15 0.0005743825
266 97 0.0005743825
184 76 0.0005743825
199 72 0.0005743825
97 54 0.0005743825
6 72 0.0005743825
245 55 0.0005743825
320 66 0.0005743825
210 8 0.0005743825
243 37 0.0005743825
204 2 0.0005743825
1 8 0.0005743825
21 103 0.0005743825
162 24 0.0005743825
169 53 0.0005743825
124 60 0.0005743825
133 13 0.0005743825
203 105 0.0005743825
269 111 0.0005743825
48 70 0.0005743825
88 107 0.0005743825
176 70 0.0005743825
217 107 0.0005743825
74 107 0.0005743825
90 67 0.0005743825
160 77 0.0005743825
77 112 0.0005743825
315 45 0.0005743825
322 53 0.0005743825
180 72 0.0005743825
182 80 0.0005743825
254 115 0.0005743825
208 13 0.0005743825
56 13 0.0005743825
270 47 0.0005743825
171 26 0.0005743825
119 63 0.0005743825
316 45 0.0005743825
79 54 0.0005743825
222 53 0.0005743825
310 55 0.0005743825
132 53 0.0005743825
214 53 0.0005743825
83 11 0.0005743825
12 45 0.0005743825
116 63 0.0005743825
158 37 0.0005743825
87 111 0.0005743825
47 81 0.0005743825
210 111 0.0005743825
33 117 0.0005743825
166 47 0.0005743825
103 60 0.0005743825
38 105 0.0005743825
213 115 0.0005743825
142 26 0.0005743825
245 22 0.0005743825
268 60 0.0005743825
89 61 0.0005743825
193 53 0.0005743825
191 70 0.0005743825
90 105 0.0005743825
200 55 0.0005743825
124 67 0.0005743825
125 72 0.0005743825
25 115 0.0005743825
90 56 0.0005743825
259 97 0.0005743825
310 71 0.0005743825
50 75 0.0005743825
196 6 0.0005743825
256 11 0.0005743825
229 43 0.0005743825
309 81 0.0005743825
174 11 0.0005743825
46 97 0.0005743825
198 10 0.0005743825
155 15 0.0005743825
91 61 0.0005743825
141 21 0.0005743825
218 13 0.0005743825
204 27 0.0005743825
88 93 0.0005743825
262 88 0.0005743825
280 55 0.0005743825
45 63 0.0005743825
60 26 0.0005743825
226 97 0.0005743825
87 88 0.0005743825
269 53 0.0005743825
184 65 0.0005743825
217 97 0.0005743825
178 29 0.0005743825
69 70 0.0005743825
133 103 0.0005743825
256 80 0.0005743825
167 11 0.0005743825
300 45 0.0005743825
171 112 0.0005743825
90 72 0.0005743825
256 17 0.0005743825
312 11 0.0005743825
221 111 0.0005743825
51 103 0.0005743825
10 55 0.0005743825
208 106 0.0005743825
278 65 0.0005743825
7 111 0.0005743825
104 83 0.0005743825
193 70 0.0005743825
215 97 0.0005743825
286 39 0.0005743825
275 83 0.0005743825
43 70 0.0005743825
73 70 0.0005743825
101 50 0.0005743825
275 88 0.0005743825
239 30 0.0005743825
263 82 0.0005743825
255 117 0.0005743825
50 45 0.0005743825
32 117 0.0005743825
280 93 0.0005743825
292 45 0.0005743825
234 97 0.0005743825
208 30 0.0005743825
280 65 0.0005743825
125 60 0.0005743825
21 13 0.0005743825
113 47 0.0005743825
140 63 0.0005743825
264 5 0.0005743825
205 37 0.0005743825
280 43 0.0005743825
291 83 0.0005743825
102 103 0.0005743825
229 34 0.0005743825
228 80 0.0005743825
310 22 0.0005743825
255 50 0.0005743825
324 50 0.0005743825
191 61 0.0005743825
140 6 0.0005743825
99 54 0.0005743825
262 83 0.0005743825
183 97 0.0005743825
225 97 0.0005743825
106 83 0.0005743825
200 71 0.0005743825
315 72 0.0005743825
57 15 0.0005743825
319 53 0.0005743825
157 81 0.0005743825
250 11 0.0005743825
294 63 0.0005743825
92 88 0.0005743825
29 88 0.0005743825
271 107 0.0005743825
17 88 0.0005743825
11 112 0.0005743825
144 11 0.0005743825
264 67 0.0005743825
278 56 0.0005743825
329 63 0.0005743825
206 47 0.0005743825
261 80 0.0005743825
244 61 0.0005743825
96 26 0.0005743825
104 14 0.0005743825
298 93 0.0005743825
298 71 0.0005743825
227 2 0.0005743825
84 81 0.0005743825
241 70 0.0005743825
50 60 0.0005743825
22 115 0.0005743825
180 56 0.0005743825
319 45 0.0005743825
120 24 0.0005743825
106 88 0.0005743825
116 70 0.0005743825
185 111 0.0005743825
277 71 0.0005743825
179 54 0.0005743825
184 34 0.0005743825
188 50 0.0005743825
12 60 0.0005743825
310 65 0.0005743825
8 43 0.0005743825
153 97 0.0005743825
102 24 0.0005743825
21 24 0.0005743825
275 53 0.0005743825
244 53 0.0005743825
277 65 0.0005743825
293 110 0.0005743825
46 107 0.0005743825
264 27 0.0005743825
30 55 0.0005743825
228 11 0.0005743825
120 13 0.0005743825
96 55 0.0005743825
129 37 0.0005743825
227 110 0.0005743825
267 82 0.0005743825
217 81 0.0005743825
261 77 0.0005743825
212 47 0.0005743825
290 100 0.0005743825
174 80 0.0005743825
8 91 0.0005743825
67 37 0.0005743825
176 61 0.0005743825
138 39 0.0005743825
59 105 0.0005743825
53 90 0.0005743825
17 83 0.0005743825
10 71 0.0005743825
307 97 0.0005743825
171 58 0.0005743825
209 22 0.0005743825
58 111 0.0005743825
114 72 0.0005743825
60 11 0.0005743825
245 112 0.0005743825
182 17 0.0005743825
40 26 0.0005743825
6 82 0.0005743825
63 90 0.0005743825
190 63 0.0005743825
148 39 0.0005743825
91 53 0.0005743825
82 6 0.0005743825
298 43 0.0005743825
147 112 0.0005743825
241 111 0.0005743825
313 6 0.0005743825
99 32 0.0005743825
47 109 0.0005743825
180 93 0.0005743825
225 107 0.0005743825
82 63 0.0005743825
58 97 0.0005743825
79 37 0.0005743825
103 67 0.0005743825
88 56 0.0005743825
73 53 0.0005743825
236 50 0.0005743825
145 97 0.0005743825
280 22 0.0005743825
10 22 0.0005743825
11 29 0.0005743825
90 75 0.0005743825
258 11 0.0005743825
6 60 0.0005743825
120 103 0.0005743825
241 94 0.0005743825
84 27 0.0005743825
103 72 0.0005743825
69 83 0.0005743825
73 6 0.0005743825
128 90 0.0005743825
203 110 0.0005743825
152 107 0.0005743825
5 77 0.0005743825
121 78 0.0005743825
134 105 0.0005743825
303 115 0.0005743825
59 109 0.0005743825
154 97 0.0005743825
313 70 0.0005743825
152 72 0.0005743825
222 83 0.0005743825
319 111 0.0005743825
92 45 0.0005743825
75 81 0.0005743825
292 61 0.0005743825
64 6 0.0005743825
203 107 0.0005743825
314 90 0.0005743825
146 61 0.0005743825
199 107 0.0005743825
2 13 0.0005743825
123 45 0.0005743825
88 2 0.0005743825
48 83 0.0005743825
176 53 0.0005743825
120 116 0.0005743825
67 54 0.0005743825
322 111 0.0005743825
81 26 0.0005743825
178 112 0.0005743825
286 90 0.0005743825
264 56 0.0005743825
297 54 0.0005743825
315 61 0.0005743825
191 6 0.0005743825
159 47 0.0005743825
323 0 0.0005743825
292 72 0.0005743825
205 117 0.0005743825
83 58 0.0005743825
221 45 0.0005743825
307 107 0.0005743825
263 101 0.0005743825
259 107 0.0005743825
136 11 0.0005743825
211 50 0.0005743825
7 104 0.0005743825
293 107 0.0005743825
174 17 0.0005743825
47 27 0.0005743825
297 0 0.0005743825
204 81 0.0005743825
185 70 0.0005743825
6 45 0.0005743825
277 22 0.0005743825
263 114 0.0005743825
91 44 0.0005743825
264 65 0.0005743825
1 70 0.0005743825
122 39 0.0005743825
248 83 0.0005743825
215 111 0.0005743825
1 111 0.0005743825
34 47 0.0005743825
275 14 0.0005743825
267 111 0.0005743825
157 27 0.0005743825
60 58 0.0005743825
269 70 0.0005743825
245 93 0.0005743825
250 58 0.0005743825
278 5 0.0005743825
60 112 0.0005743825
214 111 0.0005743825
144 79 0.0005743825
30 71 0.0005743825
290 70 0.0005743825
247 112 0.0005743825
270 66 0.0005743825
216 53 0.0005743825
81 11 0.0005743825
130 50 0.0005743825
233 107 0.0005743825
18 76 0.0005743825
142 76 0.0005743825
110 111 0.0005743825
29 83 0.0005743825
222 111 0.0005743825
200 22 0.0005743825
16 59 0.0005743825
31 63 0.0005743825
7 88 0.0005743825
66 48 0.0005743825
75 107 0.0005743825
291 88 0.0005743825
182 11 0.0005743825
194 30 0.0005743825
272 72 0.0005743825
234 107 0.0005743825
173 59 0.0005743825
142 43 0.0005743825
316 104 0.0005743825
198 77 0.0005743825
117 88 0.0005743825
287 59 0.0005743825
312 58 0.0005743825
4 90 0.0005743825
314 78 0.0005743825
0 103 0.0005743825
194 112 0.0005743825
184 43 0.0005743825
180 60 0.0005743825
98 53 0.0005743825
58 104 0.0005743825
1 94 0.0005743825
18 26 0.0005743825
43 100 0.0005743825
148 47 0.0005743825
104 88 0.0005743825
241 53 0.0005743825
45 70 0.0005743825
169 111 0.0005743825
279 97 0.0005743825
40 59 0.0005743825
65 0 0.0005743825
172 10 0.0005743825
168 10 0.0005743825
176 8 0.0005743825
106 63 0.0005743825
2 24 0.0005743825
110 94 0.0005743825
189 66 0.0005743825
51 13 0.0005743825
115 106 0.0005743825
158 54 0.0005743825
84 29 0.0005743825
80 10 0.0005743825
27 6 0.0005743825
64 63 0.0005743825
84 109 0.0005743825
92 53 0.0005743825
309 97 0.0005743825
236 15 0.0005743825
68 37 0.0005743825
300 114 0.0005743825
75 97 0.0005743825
298 56 0.0005743825
254 15 0.0005743825
241 45 0.0005743825
38 110 0.0005743825
239 13 0.0005743825
3 90 0.0005743825
222 70 0.0005743825
272 81 0.0005743825
134 107 0.0005743825
325 14 0.0005743825
80 77 0.0005743825
256 10 0.0005743825
248 3 0.0005743825
97 0 0.0005743825
83 26 0.0005743825
64 61 0.0005743825
27 83 0.0005743825
237 6 0.0005743825
203 49 0.0005743825
221 44 0.0005743825
124 72 0.0005743825
304 103 0.0005743825
304 10 0.0005743825
129 15 0.0005743825
51 24 0.0005743825
42 78 0.0005743825
218 30 0.0005743825
178 91 0.0005743825
125 61 0.0005743825
277 55 0.0005743825
237 63 0.0005743825
258 17 0.0005743825
161 47 0.0005743825
0 24 0.0005743825
32 15 0.0005743825
276 50 0.0005743825
104 63 0.0005743825
167 17 0.0005743825
66 54 0.0005743825
154 107 0.0005743825
71 0 0.0005743825
175 47 0.0005743825
18 55 0.0005743825
35 78 0.0005743825
32 37 0.0005743825
119 6 0.0005743825
30 22 0.0005743825
278 27 0.0005743825
147 22 0.0005743825
274 100 0.0005743825
150 107 0.0005743825
58 114 0.0005743825
115 13 0.0005743825
115 59 0.0005743825
258 103 0.0005743825
141 66 0.0005743825
254 50 0.0005743825
101 115 0.0005743825
123 61 0.0005743825
275 61 0.0005743825
319 94 0.0005743825
291 63 0.0005743825
299 107 0.0005743825
211 1 0.0005743825
135 39 0.0005743825
8 34 0.0005743825
212 39 0.0005743825
218 103 0.0005743825
95 111 0.0005743825
272 97 0.0005743825
208 59 0.0005743825
214 63 0.0005743825
216 111 0.0005743825
316 114 0.0005743825
55 15 0.0005743825
294 88 0.0005743825
196 63 0.0005743825
244 6 0.0005743825
95 72 0.0005743825
102 13 0.0005743825
322 70 0.0005743825
237 100 0.0005743825
227 107 0.0005743825
184 29 0.0005743825
241 114 0.0005743825
46 81 0.0005743825
182 10 0.0005743825
103 105 0.0005743825
228 17 0.0005743825
287 17 0.0005743825
153 82 0.0005743825
98 83 0.0005743825
258 10 0.0005743825
123 60 0.0005743825
134 109 0.0005743825
325 83 0.0005743825
89 49 0.0005743825
157 109 0.0005743825
157 105 0.0005743825
0 13 0.0005743825
117 3 0.0005743825
320 19 0.0005743825
40 58 0.0005743825
117 83 0.0005743825
98 8 0.0005743825
66 0 0.0005743825
210 53 0.0005743825
184 26 0.0005743825
291 14 0.0005743825
233 97 0.0005743825
216 6 0.0005743825
7 97 0.0005743825
325 53 0.0005743825
250 112 0.0005743825
309 72 0.0005743825
94 84 0.0005743825
73 83 0.0005743825
164 105 0.0005743825
145 107 0.0005743825
79 117 0.0005743825
319 70 0.0005743825
196 70 0.0005743825
222 82 0.0005743825
11 91 0.0005743825
175 19 0.0005743825
176 6 0.0005743825
55 84 0.0005743825
169 86 0.0005743825
183 107 0.0005743825
74 72 0.0005743825
329 83 0.0005743825
313 88 0.0005743825
68 54 0.0005743825
293 75 0.0005743825
90 110 0.0005743825
272 75 0.0005743825
91 6 0.0005743825
324 1 0.0005743825
150 97 0.0005743825
31 100 0.0005743825
262 61 0.0005743825
38 109 0.0005743825
146 72 0.0005743825
1 6 0.0005743825
97 37 0.0005743825
262 14 0.0005743825
11 93 0.0005743825
278 43 0.0005743825
4 78 0.0005743825
25 50 0.0005743825
310 93 0.0005743825
169 70 0.0005743825
245 71 0.0005743825
320 21 0.0005743825
322 94 0.0005743825
215 88 0.0005743825
309 67 0.0005743825
285 100 0.0005743825
210 45 0.0005743825
261 103 0.0005743825
244 8 0.0005743825
248 53 0.0005743825
185 83 0.0005743825
264 43 0.0005743825
50 61 0.0005743825
327 88 0.0005743825
294 61 0.0005743825
17 63 0.0005743825
12 61 0.0005743825
65 54 0.0005743825
322 45 0.0005743825
125 45 0.0005743825
153 60 0.0005743825
205 15 0.0005743825
81 58 0.0005743825
263 88 0.0005743825
12 111 0.0005743825
191 53 0.0005743825
136 17 0.0005743825
303 50 0.0005743825
272 67 0.0005743825
295 31 0.0005743825
195 17 0.0005743825
159 39 0.0005743825
11 34 0.0005743825
134 27 0.0005743825
235 37 0.0005743825
204 109 0.0005743825
132 70 0.0005743825
89 82 0.0005743825
43 88 0.0005743825
99 102 0.0005743825
30 65 0.0005743825
30 112 0.0005743825
177 24 0.0005743825
174 58 0.0005743825
194 13 0.0005743825
262 63 0.0005743825
147 11 0.0005743825
56 80 0.0005743825
90 60 0.0005743825
310 112 0.0005743825
103 97 0.0005743825
292 60 0.0005743825
180 75 0.0005743825
45 100 0.0005743825
130 1 0.0005743825
117 100 0.0005743825
96 76 0.0005743825
308 103 0.0005743825
323 54 0.0005743825
298 55 0.0005743825
279 107 0.0005743825
142 30 0.0005743825
224 39 0.0005743825
87 104 0.0005743825
182 103 0.0005743825
218 59 0.0005743825
69 100 0.0005743825
71 54 0.0005743825
103 56 0.0005743825
29 63 0.0005743825
64 8 0.0005743825
5 80 0.0005743825
195 80 0.0005743825
226 49 0.0005743825
124 56 0.0005743825
211 15 0.0005743825
25 100 0.0005743825
129 50 0.0005743825
318 72 0.0005743825
248 61 0.0005743825
214 94 0.0005743825
263 104 0.0005743825
287 13 0.0005743825
59 99 0.0005743825
216 94 0.0005743825
263 97 0.0005743825
103 93 0.0005743825
147 5 0.0005743825
73 8 0.0005743825
275 63 0.0005743825
239 59 0.0005743825
18 43 0.0005743825
221 94 0.0005743825
146 82 0.0005743825
16 26 0.0005743825
229 29 0.0005743825
32 32 0.0005743825
315 111 0.0005743825
6 75 0.0005743825
17 61 0.0005743825
178 34 0.0005743825
64 83 0.0005743825
146 60 0.0005743825
48 100 0.0005743825
38 27 0.0005743825
188 15 0.0005743825
247 5 0.0005743825
87 114 0.0005743825
298 38 0.0005743825
164 45 0.0005743825
203 72 0.0005743825
163 39 0.0005743825
303 98 0.0005743825
10 112 0.0005743825
2 103 0.0005743825
98 6 0.0005743825
278 71 0.0005743825
152 105 0.0005743825
190 6 0.0005743825
87 94 0.0005743825
299 75 0.0005743825
280 112 0.0005743825
280 56 0.0005743825
221 70 0.0005743825
91 83 0.0005743825
308 13 0.0005743825
200 112 0.0005743825
55 117 0.0005743825
264 81 0.0005743825
140 100 0.0005743825
47 29 0.0005743825
250 26 0.0005743825
129 32 0.0005743825
299 72 0.0005743825
94 117 0.0005743825
128 39 0.0005743825
136 10 0.0005743825
17 100 0.0005743825
8 26 0.0005743825
81 112 0.0005743825
264 109 0.0005743825
55 50 0.0005743825
229 71 0.0005743825
135 90 0.0005743825
132 94 0.0005743825
216 70 0.0005743825
33 32 0.0005743825
58 88 0.0005743825
245 91 0.0005743825
65 21 0.0005743825
204 29 0.0005743825
189 47 0.0005743825
115 68 0.0005743825
280 71 0.0005743825
137 66 0.0005743825
97 102 0.0005743825
147 58 0.0005743825
199 81 0.0005743825
97 20 0.0005743825
222 94 0.0005743825
214 70 0.0005743825
277 93 0.0005743825
18 30 0.0005743825
290 83 0.0005743825
17 53 0.0005743825
229 26 0.0005743825
259 81 0.0005743825
274 115 0.0005743825
67 102 0.0005743825
227 75 0.0005743825
203 60 0.0005743825
29 14 0.0005743825
115 30 0.0005743825
132 6 0.0005743825
185 45 0.0005743825
254 100 0.0005743825
98 3 0.0005743825
58 82 0.0005743825
325 61 0.0005743825
299 45 0.0005743825
64 53 0.0005743825
248 14 0.0005743825
158 117 0.0005743825
172 80 0.0005743825
185 94 0.0005743825
153 111 0.0005743825
27 63 0.0005743825
68 0 0.0005743825
88 110 0.0005743825
171 11 0.0005743825
101 98 0.0005743825
155 50 0.0005743825
71 48 0.0005743825
136 59 0.0005743825
213 84 0.0005743825
134 110 0.0005743825
287 30 0.0005743825
176 63 0.0005743825
260 80 0.0005743825
77 34 0.0005743825
226 60 0.0005743825
176 83 0.0005743825
160 80 0.0005743825
316 53 0.0005743825
226 111 0.0005743825
164 75 0.0005743825
59 27 0.0005743825
293 109 0.0005743825
114 107 0.0005743825
98 114 0.0005743825
8 76 0.0005743825
146 49 0.0005743825
153 104 0.0005743825
216 45 0.0005743825
266 72 0.0005743825
144 17 0.0005743825
234 81 0.0005743825
298 27 0.0005743825
83 59 0.0005743825
171 34 0.0005743825
162 77 0.0005743825
216 114 0.0005743825
7 114 0.0005743825
171 5 0.0005743825
132 111 0.0005743825
115 112 0.0005743825
114 105 0.0005743825
64 3 0.0005743825
53 39 0.0005743825
12 107 0.0005743825
73 111 0.0005743825
210 94 0.0005743825
287 106 0.0005743825
87 82 0.0005743825
22 98 0.0005743825
163 90 0.0005743825
216 8 0.0005743825
40 11 0.0005743825
57 1 0.0005743825
137 0 0.0005743825
267 86 0.0005743825
132 83 0.0005743825
47 105 0.0005743825
291 100 0.0005743825
286 35 0.0005743825
87 97 0.0005743825
199 105 0.0005743825
96 43 0.0005743825
312 26 0.0005743825
292 111 0.0005743825
268 45 0.0005743825
95 60 0.0005743825
138 47 0.0005743825
73 44 0.0005743825
179 37 0.0005743825
323 37 0.0005743825
210 70 0.0005743825
169 94 0.0005743825
325 3 0.0005743825
90 93 0.0005743825
316 101 0.0005743825
215 104 0.0005743825
91 8 0.0005743825
167 10 0.0005743825
117 32 0.0005743825
77 22 0.0005743825
226 75 0.0005743825
255 54 0.0005743825
60 13 0.0005743825
193 111 0.0005743825
293 60 0.0005743825
321 100 0.0005743825
56 17 0.0005743825
298 67 0.0005743825
211 32 0.0005743825
115 80 0.0005743825
18 29 0.0005743825
18 91 0.0005743825
153 72 0.0005743825
133 77 0.0005743825
6 61 0.0005743825
163 47 0.0005743825
271 81 0.0005743825
150 81 0.0005743825
267 88 0.0005743825
46 72 0.0005743825
234 72 0.0005743825
110 70 0.0005743825
262 53 0.0005743825
226 72 0.0005743825
215 82 0.0005743825
315 60 0.0005743825
247 34 0.0005743825
200 93 0.0005743825
213 100 0.0005743825
95 82 0.0005743825
11 26 0.0005743825
309 105 0.0005743825
77 11 0.0005743825
6 107 0.0005743825
291 8 0.0005743825
145 67 0.0005743825
243 54 0.0005743825
152 67 0.0005743825
318 61 0.0005743825
241 42 0.0005743825
300 104 0.0005743825
196 115 0.0005743825
30 91 0.0005743825
124 93 0.0005743825
114 45 0.0005743825
92 114 0.0005743825
287 10 0.0005743825
132 8 0.0005743825
229 76 0.0005743825
183 72 0.0005743825
10 67 0.0005743825
59 110 0.0005743825
67 117 0.0005743825
116 100 0.0005743825
122 90 0.0005743825
178 71 0.0005743825
278 67 0.0005743825
94 15 0.0005743825
38 107 0.0005743825
144 10 0.0005743825
173 58 0.0005743825
191 8 0.0005743825
240 78 0.0005743825
193 94 0.0005743825
241 8 0.0005743825
57 50 0.0005743825
316 97 0.0005743825
217 72 0.0005743825
73 62 0.0005743825
262 8 0.0005743825
318 81 0.0005743825
267 60 0.0005743825
299 61 0.0005743825
104 61 0.0005743825
240 69 0.0005743825
180 2 0.0005743825
88 72 0.0005743825
316 94 0.0005743825
130 115 0.0005743825
214 45 0.0005743825
247 22 0.0005743825
113 66 0.0005743825
124 75 0.0005743825
30 93 0.0005743825
218 80 0.0005743825
300 97 0.0005743825
206 66 0.0005743825
274 83 0.0005743825
161 66 0.0005743825
125 75 0.0005743825
147 34 0.0005743825
63 35 0.0005743825
193 6 0.0005743825
312 106 0.0005743825
147 59 0.0005743825
213 50 0.0005743825
244 94 0.0005743825
312 59 0.0005743825
276 115 0.0005743825
275 3 0.0005743825
209 34 0.0005743825
92 6 0.0005743825
34 57 0.0005743825
300 62 0.0005743825
29 61 0.0005743825
33 37 0.0005743825
56 59 0.0005743825
92 97 0.0005743825
325 63 0.0005743825
226 109 0.0005743825
241 82 0.0005743825
256 79 0.0005743825
57 117 0.0005743825
248 63 0.0005743825
40 76 0.0005743825
304 11 0.0005743825
217 105 0.0005743825
222 114 0.0005743825
63 39 0.0005743825
77 59 0.0005743825
208 17 0.0005743825
267 107 0.0005743825
60 59 0.0005743825
268 81 0.0005743825
124 110 0.0005743825
298 28 0.0005743825
90 2 0.0005743825
58 101 0.0005743825
291 61 0.0005743825
229 91 0.0005743825
269 114 0.0005743825
190 83 0.0005743825
17 3 0.0005743825
8 71 0.0005743825
113 39 0.0005743825
11 71 0.0005743825
95 114 0.0005743825
277 112 0.0005743825
271 72 0.0005743825
37 31 0.0005743825
269 94 0.0005743825
36 24 0.0005743825
28 57 0.0005743825
195 26 0.0005743825
10 91 0.0005743825
51 116 0.0005743825
280 91 0.0005743825
226 82 0.0005743825
203 75 0.0005743825
239 58 0.0005743825
106 3 0.0005743825
285 115 0.0005743825
227 109 0.0005743825
133 116 0.0005743825
134 99 0.0005743825
292 82 0.0005743825
200 91 0.0005743825
96 30 0.0005743825
325 94 0.0005743825
10 65 0.0005743825
308 77 0.0005743825
243 32 0.0005743825
298 22 0.0005743825
65 37 0.0005743825
239 80 0.0005743825
171 22 0.0005743825
310 91 0.0005743825
218 106 0.0005743825
110 45 0.0005743825
325 113 0.0005743825
96 91 0.0005743825
213 14 0.0005743825
280 67 0.0005743825
168 77 0.0005743825
158 102 0.0005743825
277 56 0.0005743825
17 14 0.0005743825
99 117 0.0005743825
91 111 0.0005743825
239 68 0.0005743825
110 8 0.0005743825
87 53 0.0005743825
222 6 0.0005743825
16 112 0.0005743825
8 29 0.0005743825
268 75 0.0005743825
191 83 0.0005743825
279 81 0.0005743825
321 83 0.0005743825
276 15 0.0005743825
205 54 0.0005743825
223 52 0.0005743825
74 105 0.0005743825
268 107 0.0005743825
300 53 0.0005743825
29 3 0.0005743825
75 72 0.0005743825
59 29 0.0005743825
124 2 0.0005743825
235 117 0.0005743825
316 82 0.0005743825
133 17 0.0005743825
214 8 0.0005743825
30 34 0.0005743825
89 72 0.0005743825
264 38 0.0005743825
154 72 0.0005743825
189 21 0.0005743825
188 37 0.0005743825
298 112 0.0005743825
243 15 0.0005743825
136 79 0.0005743825
280 38 0.0005743825
132 63 0.0005743825
264 71 0.0005743825
323 21 0.0005743825
245 65 0.0005743825
31 83 0.0005743825
229 30 0.0005743825
185 44 0.0005743825
277 91 0.0005743825
178 26 0.0005743825
263 60 0.0005743825
79 15 0.0005743825
117 8 0.0005743825
104 3 0.0005743825
222 104 0.0005743825
73 63 0.0005743825
159 66 0.0005743825
235 15 0.0005743825
47 107 0.0005743825
267 101 0.0005743825
164 107 0.0005743825
175 21 0.0005743825
110 6 0.0005743825
10 93 0.0005743825
256 103 0.0005743825
209 76 0.0005743825
171 59 0.0005743825
123 75 0.0005743825
200 67 0.0005743825
224 47 0.0005743825
292 75 0.0005743825
229 7 0.0005743825
190 100 0.0005743825
205 102 0.0005743825
233 72 0.0005743825
169 45 0.0005743825
236 1 0.0005743825
269 8 0.0005743825
179 117 0.0005743825
203 109 0.0005743825
89 111 0.0005743825
32 1 0.0005743825
77 40 0.0005743825
150 61 0.0005743825
250 59 0.0005743825
21 11 0.0005743825
209 5 0.0005743825
203 27 0.0005743825
89 104 0.0005743825
294 14 0.0005743825
194 106 0.0005743825
74 45 0.0005743825
327 115 0.0005743825
200 65 0.0005743825
184 30 0.0005743825
248 111 0.0005743825
218 17 0.0005743825
184 91 0.0005743825
6 111 0.0005743825
132 3 0.0005743825
264 55 0.0005743825
278 55 0.0005743825
64 44 0.0005743825
324 115 0.0005743825
324 98 0.0005743825
142 29 0.0005743825
200 56 0.0005743825
104 100 0.0005743825
233 81 0.0005743825
210 82 0.0005743825
310 34 0.0005743825
31 14 0.0005743825
84 22 0.0005743825
129 54 0.0005743825
209 11 0.0005743825
222 8 0.0005743825
226 8 0.0005743825
225 72 0.0005743825
318 105 0.0005743825
249 90 0.0005743825
307 81 0.0005743825
56 30 0.0005743825
247 76 0.0005743825
285 83 0.0005743825
147 55 0.0005743825
87 72 0.0005743825
191 3 0.0005743825
12 75 0.0005743825
169 6 0.0005743825
296 78 0.0005743825
193 8 0.0005743825
269 6 0.0005743825
298 2 0.0005743825
113 51 0.0005743825
226 88 0.0005743825
210 114 0.0005743825
133 24 0.0005743825
164 111 0.0005743825
188 100 0.0005743825
277 34 0.0005743825
178 93 0.0005743825
0 116 0.0005743825
221 8 0.0005743825
3 9 0.0005743825
79 102 0.0005743825
169 8 0.0005743825
56 106 0.0005743825
298 91 0.0005743825
38 75 0.0005743825
278 22 0.0005743825
254 98 0.0005743825
172 77 0.0005743825
309 93 0.0005743825
319 114 0.0005743825
142 91 0.0005743825
81 40 0.0005743825
27 70 0.0005743825
274 88 0.0005743825
43 83 0.0005743825
97 48 0.0005743825
83 76 0.0005743825
92 94 0.0005743825
167 30 0.0005743825
221 82 0.0005743825
271 105 0.0005743825
115 17 0.0005743825
307 67 0.0005743825
241 104 0.0005743825
106 61 0.0005743825
267 72 0.0005743825
157 60 0.0005743825
221 114 0.0005743825
268 110 0.0005743825
146 75 0.0005743825
312 80 0.0005743825
209 58 0.0005743825
269 45 0.0005743825
285 88 0.0005743825
91 63 0.0005743825
309 56 0.0005743825
140 70 0.0005743825
82 83 0.0005743825
204 65 0.0005743825
208 68 0.0005743825
89 60 0.0005743825
236 117 0.0005743825
48 88 0.0005743825
204 89 0.0005743825
21 116 0.0005743825
300 82 0.0005743825
43 115 0.0005743825
132 114 0.0005743825
22 50 0.0005743825
83 112 0.0005743825
221 6 0.0005743825
222 45 0.0005743825
60 76 0.0005743825
58 49 0.0005743825
237 115 0.0005743825
194 68 0.0005743825
303 100 0.0005743825
82 100 0.0005743825
28 47 0.0005743825
145 81 0.0005743825
272 56 0.0005743825
205 32 0.0005743825
60 22 0.0005743825
329 100 0.0005743825
147 80 0.0005743825
3 78 0.0005743825
134 29 0.0005743825
66 20 0.0005743825
319 8 0.0005743825
92 8 0.0005743825
132 44 0.0005743825
290 88 0.0005743825
6 67 0.0005743825
153 49 0.0005743825
155 1 0.0005743825
299 105 0.0005743825
84 110 0.0005743825
297 21 0.0005743825
312 5 0.0005743825
245 56 0.0005743825
21 77 0.0005743825
286 78 0.0005743825
291 53 0.0005743825
22 14 0.0005743825
225 45 0.0005743825
322 8 0.0005743825
154 81 0.0005743825
130 15 0.0005743825
59 107 0.0005743825
239 106 0.0005743825
7 94 0.0005743825
319 104 0.0005743825
274 98 0.0005743825
235 1 0.0005743825
194 80 0.0005743825
228 103 0.0005743825
329 115 0.0005743825
292 107 0.0005743825
0 77 0.0005743825
202 31 0.0005743825
227 49 0.0005743825
215 49 0.0005743825
155 37 0.0005743825
29 8 0.0005743825
304 17 0.0005743825
205 1 0.0005743825
176 45 0.0005743825
304 59 0.0005743825
39 78 0.0005743825
157 110 0.0005743825
182 30 0.0005743825
208 80 0.0005743825
244 100 0.0005743825
196 100 0.0005743825
95 104 0.0005743825
6 110 0.0005743825
69 88 0.0005743825
57 37 0.0005743825
106 14 0.0005743825
87 86 0.0005743825
155 117 0.0005743825
312 112 0.0005743825
310 56 0.0005743825
210 97 0.0005743825
12 110 0.0005743825
159 51 0.0005743825
211 117 0.0005743825
222 44 0.0005743825
98 63 0.0005743825
22 100 0.0005743825
84 5 0.0005743825
173 26 0.0005743825
157 75 0.0005743825
157 29 0.0005743825
168 118 0.0005743825
169 44 0.0005743825
244 111 0.0005743825
1 44 0.0005743825
221 42 0.0005743825
71 37 0.0005743825
58 75 0.0005743825
215 60 0.0005743825
188 115 0.0005743825
125 88 0.0005743825
141 47 0.0005743825
204 105 0.0005743825
84 99 0.0005743825
152 81 0.0005743825
152 45 0.0005743825
183 81 0.0005743825
69 61 0.0005743825
84 105 0.0005743825
191 94 0.0005743825
21 17 0.0005743825
268 82 0.0005743825
16 13 0.0005743825
46 67 0.0005743825
309 2 0.0005743825
237 83 0.0005743825
92 70 0.0005743825
91 45 0.0005743825
66 21 0.0005743825
218 112 0.0005743825
18 93 0.0005743825
176 111 0.0005743825
248 8 0.0005743825
200 34 0.0005743825
110 114 0.0005743825
31 6 0.0005743825
58 86 0.0005743825
66 37 0.0005743825
193 44 0.0005743825
88 104 0.0005743825
264 22 0.0005743825
229 89 0.0005743825
173 112 0.0005743825
315 75 0.0005743825
322 97 0.0005743825
58 72 0.0005743825
153 101 0.0005743825
168 80 0.0005743825
244 3 0.0005743825
245 76 0.0005743825
146 111 0.0005743825
325 111 0.0005743825
309 75 0.0005743825
50 49 0.0005743825
166 39 0.0005743825
300 42 0.0005743825
166 57 0.0005743825
212 66 0.0005743825
261 13 0.0005743825
323 48 0.0005743825
162 103 0.0005743825
261 118 0.0005743825
136 103 0.0005743825
195 103 0.0005743825
29 53 0.0005743825
64 14 0.0005743825
227 99 0.0005743825
193 45 0.0005743825
173 13 0.0005743825
3 39 0.0005743825
123 111 0.0005743825
88 29 0.0005743825
81 43 0.0005743825
236 32 0.0005743825
24 31 0.0005743825
228 10 0.0005743825
193 83 0.0005743825
243 102 0.0005743825
254 84 0.0005743825
121 90 0.0005743825
102 116 0.0005743825
224 57 0.0005743825
204 28 0.0005743825
244 83 0.0005743825
110 63 0.0005743825
198 80 0.0005743825
27 100 0.0005743825
16 68 0.0005743825
280 27 0.0005743825
327 61 0.0005743825
194 17 0.0005743825
307 45 0.0005743825
247 58 0.0005743825
248 45 0.0005743825
40 22 0.0005743825
123 107 0.0005743825
258 95 0.0005743825
231 36 0.0005743825
2 64 0.0005743825
162 13 0.0005743825
234 67 0.0005743825
92 82 0.0005743825
46 105 0.0005743825
266 45 0.0005743825
174 103 0.0005743825
1 3 0.0005743825
185 6 0.0005743825
256 59 0.0005743825
7 86 0.0005743825
80 80 0.0005743825
59 5 0.0005743825
119 100 0.0005743825
188 1 0.0005743825
202 74 0.0005743825
144 103 0.0005743825
161 39 0.0005743825
34 90 0.0005743825
293 49 0.0005743825
1 83 0.0005743825
82 70 0.0005743825
179 0 0.0005743825
73 3 0.0005743825
35 52 0.0005743825
176 3 0.0005743825
169 82 0.0005743825
81 22 0.0005743825
212 57 0.0005743825
15 52 0.0005743825
65 20 0.0005743825
264 91 0.0005743825
194 26 0.0005743825
33 54 0.0005743825
192 52 0.0005743825
228 59 0.0005743825
194 58 0.0005743825
307 56 0.0005743825
322 83 0.0005743825
7 101 0.0005743825
255 1 0.0005743825
322 6 0.0005743825
269 3 0.0005743825
215 101 0.0005743825
166 21 0.0005743825
308 116 0.0005743825
263 49 0.0005743825
110 83 0.0005743825
327 100 0.0005743825
55 37 0.0005743825
153 88 0.0005743825
214 6 0.0005743825
294 3 0.0005743825
204 99 0.0005743825
6 53 0.0005743825
158 32 0.0005743825
32 54 0.0005743825
267 75 0.0005743825
287 80 0.0005743825
48 115 0.0005743825
255 37 0.0005743825
57 54 0.0005743825
270 51 0.0005743825
267 104 0.0005743825
68 48 0.0005743825
171 13 0.0005743825
247 11 0.0005743825
5 13 0.0005743825
164 61 0.0005743825
211 115 0.0005743825
309 114 0.0005743825
315 107 0.0005743825
264 2 0.0005743825
94 100 0.0005743825
185 8 0.0005743825
244 63 0.0005743825
47 75 0.0005743825
212 16 0.0005743825
258 24 0.0005743825
249 47 0.0005743825
278 28 0.0005743825
287 58 0.0005743825
191 111 0.0005743825
292 110 0.0005743825
77 76 0.0005743825
319 83 0.0005743825
89 101 0.0005743825
281 36 0.0005743825
7 53 0.0005743825
12 105 0.0005743825
216 83 0.0005743825
101 113 0.0005743825
216 82 0.0005743825
185 114 0.0005743825
138 57 0.0005743825
179 15 0.0005743825
263 53 0.0005743825
215 72 0.0005743825
195 30 0.0005743825
315 82 0.0005743825
325 8 0.0005743825
89 88 0.0005743825
155 32 0.0005743825
146 88 0.0005743825
12 104 0.0005743825
267 114 0.0005743825
214 83 0.0005743825
216 44 0.0005743825
304 24 0.0005743825
91 94 0.0005743825
271 56 0.0005743825
188 84 0.0005743825
88 27 0.0005743825
166 66 0.0005743825
262 98 0.0005743825
272 105 0.0005743825
316 86 0.0005743825
227 60 0.0005743825
229 93 0.0005743825
191 45 0.0005743825
45 83 0.0005743825
209 43 0.0005743825
209 29 0.0005743825
315 49 0.0005743825
182 79 0.0005743825
236 115 0.0005743825
313 100 0.0005743825
189 51 0.0005743825
225 56 0.0005743825
179 102 0.0005743825
125 107 0.0005743825
30 7 0.0005743825
268 61 0.0005743825
225 81 0.0005743825
91 3 0.0005743825
63 78 0.0005743825
146 114 0.0005743825
315 53 0.0005743825
174 10 0.0005743825
155 54 0.0005743825
178 65 0.0005743825
77 58 0.0005743825
178 76 0.0005743825
176 94 0.0005743825
171 71 0.0005743825
68 102 0.0005743825
114 75 0.0005743825
321 88 0.0005743825
169 114 0.0005743825
256 106 0.0005743825
191 14 0.0005743825
97 25 0.0005743825
75 67 0.0005743825
190 70 0.0005743825
50 110 0.0005743825
67 15 0.0005743825
32 50 0.0005743825
222 3 0.0005743825
276 100 0.0005743825
132 45 0.0005743825
193 3 0.0005743825
12 82 0.0005743825
166 51 0.0005743825
157 107 0.0005743825
79 0 0.0005743825
123 82 0.0005743825
264 34 0.0005743825
145 72 0.0005743825
98 111 0.0005743825
104 53 0.0005743825
117 14 0.0005743825
2 116 0.0005743825
92 101 0.0005743825
153 114 0.0005743825
178 56 0.0005743825
103 2 0.0005743825
209 59 0.0005743825
178 27 0.0005743825
260 118 0.0005743825
55 1 0.0005743825
154 67 0.0005743825
235 115 0.0005743825
262 3 0.0005743825
114 61 0.0005743825
244 14 0.0005743825
120 64 0.0005743825
87 101 0.0005743825
214 114 0.0005743825
150 72 0.0005743825
267 110 0.0005743825
77 5 0.0005743825
119 70 0.0005743825
285 14 0.0005743825
0 17 0.0005743825
48 61 0.0005743825
96 71 0.0005743825
124 97 0.0005743825
226 104 0.0005743825
81 59 0.0005743825
8 7 0.0005743825
92 44 0.0005743825
142 7 0.0005743825
67 0 0.0005743825
30 56 0.0005743825
171 76 0.0005743825
210 42 0.0005743825
34 51 0.0005743825
162 64 0.0005743825
214 44 0.0005743825
314 39 0.0005743825
217 45 0.0005743825
243 1 0.0005743825
272 2 0.0005743825
273 36 0.0005743825
94 115 0.0005743825
137 54 0.0005743825
266 81 0.0005743825
47 110 0.0005743825
4 9 0.0005743825
216 97 0.0005743825
277 38 0.0005743825
106 53 0.0005743825
311 31 0.0005743825
195 59 0.0005743825
172 13 0.0005743825
53 78 0.0005743825
31 115 0.0005743825
95 75 0.0005743825
319 6 0.0005743825
275 8 0.0005743825
291 3 0.0005743825
259 72 0.0005743825
218 79 0.0005743825
16 58 0.0005743825
98 94 0.0005743825
227 29 0.0005743825
278 2 0.0005743825
319 3 0.0005743825
52 24 0.0005743825
161 51 0.0005743825
324 117 0.0005743825
185 46 0.0005743825
32 102 0.0005743825
47 99 0.0005743825
81 5 0.0005743825
61 36 0.0005743825
114 82 0.0005743825
47 5 0.0005743825
312 92 0.0005743825
171 17 0.0005743825
323 102 0.0005743825
146 104 0.0005743825
140 14 0.0005743825
325 45 0.0005743825
21 64 0.0005743825
322 3 0.0005743825
180 49 0.0005743825
92 104 0.0005743825
292 49 0.0005743825
58 60 0.0005743825
275 111 0.0005743825
60 5 0.0005743825
50 111 0.0005743825
202 36 0.0005743825
256 30 0.0005743825
266 61 0.0005743825
10 27 0.0005743825
87 49 0.0005743825
248 94 0.0005743825
315 88 0.0005743825
28 90 0.0005743825
323 66 0.0005743825
269 42 0.0005743825
161 21 0.0005743825
320 47 0.0005743825
193 63 0.0005743825
183 56 0.0005743825
299 81 0.0005743825
65 102 0.0005743825
206 51 0.0005743825
226 114 0.0005743825
10 38 0.0005743825
10 34 0.0005743825
144 30 0.0005743825
8 99 0.0005743825
329 14 0.0005743825
267 49 0.0005743825
198 17 0.0005743825
163 16 0.0005743825
257 52 0.0005743825
198 103 0.0005743825
194 10 0.0005743825
26 78 0.0005743825
28 69 0.0005743825
40 40 0.0005743825
51 118 0.0005743825
222 42 0.0005743825
65 66 0.0005743825
142 20 0.0005743825
227 86 0.0005743825
6 105 0.0005743825
239 79 0.0005743825
188 117 0.0005743825
74 2 0.0005743825
17 8 0.0005743825
167 103 0.0005743825
95 88 0.0005743825
298 99 0.0005743825
307 72 0.0005743825
224 90 0.0005743825
278 81 0.0005743825
87 60 0.0005743825
83 71 0.0005743825
291 97 0.0005743825
290 115 0.0005743825
116 14 0.0005743825
244 44 0.0005743825
241 44 0.0005743825
303 15 0.0005743825
94 98 0.0005743825
89 53 0.0005743825
189 54 0.0005743825
2 77 0.0005743825
64 111 0.0005743825
116 88 0.0005743825
263 70 0.0005743825
50 82 0.0005743825
138 90 0.0005743825
83 106 0.0005743825
10 56 0.0005743825
1 63 0.0005743825
191 63 0.0005743825
48 53 0.0005743825
171 85 0.0005743825
114 110 0.0005743825
88 49 0.0005743825
180 45 0.0005743825
277 27 0.0005743825
299 67 0.0005743825
7 72 0.0005743825
91 114 0.0005743825
203 29 0.0005743825
264 28 0.0005743825
29 98 0.0005743825
233 56 0.0005743825
81 55 0.0005743825
173 68 0.0005743825
90 101 0.0005743825
221 104 0.0005743825
102 11 0.0005743825
110 101 0.0005743825
292 86 0.0005743825
128 35 0.0005743825
84 86 0.0005743825
167 24 0.0005743825
276 98 0.0005743825
299 110 0.0005743825
164 110 0.0005743825
262 12 0.0005743825
123 110 0.0005743825
180 110 0.0005743825
241 6 0.0005743825
50 107 0.0005743825
114 81 0.0005743825
4 39 0.0005743825
110 44 0.0005743825
293 27 0.0005743825
310 7 0.0005743825
184 71 0.0005743825
300 86 0.0005743825
276 117 0.0005743825
85 78 0.0005743825
206 39 0.0005743825
147 40 0.0005743825
18 73 0.0005743825
285 61 0.0005743825
222 97 0.0005743825
136 18 0.0005743825
1 14 0.0005743825
20 52 0.0005743825
0 64 0.0005743825
300 3 0.0005743825
221 83 0.0005743825
278 112 0.0005743825
269 44 0.0005743825
129 102 0.0005743825
99 0 0.0005743825
90 49 0.0005743825
25 15 0.0005743825
317 24 0.0005743825
60 40 0.0005743825
245 67 0.0005743825
64 94 0.0005743825
68 21 0.0005743825
130 84 0.0005743825
210 6 0.0005743825
327 50 0.0005743825
38 29 0.0005743825
258 79 0.0005743825
73 94 0.0005743825
84 49 0.0005743825
239 26 0.0005743825
274 53 0.0005743825
32 115 0.0005743825
38 99 0.0005743825
269 82 0.0005743825
153 42 0.0005743825
214 97 0.0005743825
95 49 0.0005743825
275 94 0.0005743825
132 14 0.0005743825
48 3 0.0005743825
300 101 0.0005743825
249 57 0.0005743825
58 94 0.0005743825
262 44 0.0005743825
121 52 0.0005743825
310 2 0.0005743825
199 45 0.0005743825
143 36 0.0005743825
241 101 0.0005743825
88 45 0.0005743825
16 17 0.0005743825
292 53 0.0005743825
59 75 0.0005743825
97 117 0.0005743825
221 14 0.0005743825
148 51 0.0005743825
5 34 0.0005743825
74 75 0.0005743825
120 77 0.0005743825
96 59 0.0005743825
92 42 0.0005743825
329 88 0.0005743825
199 61 0.0005743825
6 49 0.0005743825
0 11 0.0005743825
215 114 0.0005743825
297 20 0.0005743825
229 27 0.0005743825
324 84 0.0005743825
258 18 0.0005743825
174 79 0.0005743825
218 10 0.0005743825
129 0 0.0005743825
141 96 0.0005743825
162 116 0.0005743825
263 72 0.0005743825
208 10 0.0005743825
212 51 0.0005743825
84 28 0.0005743825
237 50 0.0005743825
160 118 0.0005743825
193 100 0.0005743825
31 70 0.0005743825
30 38 0.0005743825
94 1 0.0005743825
166 16 0.0005743825
1 82 0.0005743825
173 17 0.0005743825
268 105 0.0005743825
279 67 0.0005743825
90 82 0.0005743825
245 34 0.0005743825
287 112 0.0005743825
258 59 0.0005743825
165 118 0.0005743825
74 61 0.0005743825
226 99 0.0005743825
227 27 0.0005743825
257 35 0.0005743825
83 13 0.0005743825
59 101 0.0005743825
204 5 0.0005743825
104 8 0.0005743825
60 34 0.0005743825
319 42 0.0005743825
14 78 0.0005743825
11 76 0.0005743825
247 59 0.0005743825
33 50 0.0005743825
167 95 0.0005743825
141 19 0.0005743825
277 67 0.0005743825
142 71 0.0005743825
221 3 0.0005743825
129 1 0.0005743825
99 48 0.0005743825
312 76 0.0005743825
167 106 0.0005743825
250 5 0.0005743825
90 97 0.0005743825
316 8 0.0005743825
266 105 0.0005743825
92 83 0.0005743825
108 36 0.0005743825
278 91 0.0005743825
272 82 0.0005743825
40 73 0.0005743825
159 57 0.0005743825
50 109 0.0005743825
222 101 0.0005743825
200 2 0.0005743825
87 42 0.0005743825
200 27 0.0005743825
301 31 0.0005743825
96 29 0.0005743825
274 15 0.0005743825
38 86 0.0005743825
25 14 0.0005743825
278 34 0.0005743825
303 12 0.0005743825
2 17 0.0005743825
42 9 0.0005743825
191 44 0.0005743825
319 82 0.0005743825
236 84 0.0005743825
17 94 0.0005743825
47 28 0.0005743825
105 31 0.0005743825
134 43 0.0005743825
122 47 0.0005743825
218 68 0.0005743825
215 94 0.0005743825
193 62 0.0005743825
88 109 0.0005743825
294 8 0.0005743825
247 80 0.0005743825
138 78 0.0005743825
188 98 0.0005743825
136 24 0.0005743825
116 115 0.0005743825
10 76 0.0005743825
125 49 0.0005743825
218 34 0.0005743825
42 90 0.0005743825
94 14 0.0005743825
29 100 0.0005743825
101 1 0.0005743825
263 86 0.0005743825
155 87 0.0005743825
117 61 0.0005743825
81 34 0.0005743825
144 95 0.0005743825
168 11 0.0005743825
189 39 0.0005743825
115 79 0.0005743825
163 66 0.0005743825
272 45 0.0005743825
12 109 0.0005743825
11 27 0.0005743825
259 93 0.0005743825
88 43 0.0005743825
214 82 0.0005743825
244 101 0.0005743825
67 98 0.0005743825
274 84 0.0005743825
30 67 0.0005743825
137 96 0.0005743825
31 3 0.0005743825
171 55 0.0005743825
83 68 0.0005743825
16 80 0.0005743825
116 98 0.0005743825
216 3 0.0005743825
225 105 0.0005743825
267 99 0.0005743825
307 49 0.0005743825
102 77 0.0005743825
173 106 0.0005743825
232 78 0.0005743825
294 53 0.0005743825
278 4 0.0005743825
158 15 0.0005743825
154 75 0.0005743825
155 98 0.0005743825
145 45 0.0005743825
250 34 0.0005743825
40 5 0.0005743825
40 17 0.0005743825
227 72 0.0005743825
253 31 0.0005743825
209 55 0.0005743825
169 49 0.0005743825
271 75 0.0005743825
119 83 0.0005743825
77 29 0.0005743825
294 111 0.0005743825
269 63 0.0005743825
38 5 0.0005743825
206 21 0.0005743825
179 32 0.0005743825
65 47 0.0005743825
297 66 0.0005743825
110 82 0.0005743825
71 21 0.0005743825
154 2 0.0005743825
152 75 0.0005743825
287 26 0.0005743825
134 75 0.0005743825
300 94 0.0005743825
99 50 0.0005743825
263 42 0.0005743825
259 75 0.0005743825
325 98 0.0005743825
133 11 0.0005743825
251 52 0.0005743825
257 36 0.0005743825
256 112 0.0005743825
120 17 0.0005743825
163 51 0.0005743825
89 86 0.0005743825
179 48 0.0005743825
174 59 0.0005743825
217 75 0.0005743825
181 36 0.0005743825
95 109 0.0005743825
271 45 0.0005743825
300 60 0.0005743825
229 65 0.0005743825
315 86 0.0005743825
233 93 0.0005743825
1 45 0.0005743825
50 105 0.0005743825
224 66 0.0005743825
200 76 0.0005743825
214 62 0.0005743825
195 10 0.0005743825
176 114 0.0005743825
214 3 0.0005743825
98 101 0.0005743825
245 7 0.0005743825
297 37 0.0005743825
315 109 0.0005743825
99 15 0.0005743825
213 83 0.0005743825
38 60 0.0005743825
277 76 0.0005743825
248 44 0.0005743825
83 5 0.0005743825
75 61 0.0005743825
324 100 0.0005743825
268 56 0.0005743825
64 98 0.0005743825
294 100 0.0005743825
57 32 0.0005743825
320 37 0.0005743825
234 105 0.0005743825
182 77 0.0005743825
43 14 0.0005743825
213 15 0.0005743825
8 93 0.0005743825
46 45 0.0005743825
272 61 0.0005743825
7 42 0.0005743825
147 76 0.0005743825
234 2 0.0005743825
30 27 0.0005743825
169 42 0.0005743825
135 47 0.0005743825
255 32 0.0005743825
298 75 0.0005743825
316 70 0.0005743825
327 53 0.0005743825
210 62 0.0005743825
11 65 0.0005743825
217 61 0.0005743825
239 22 0.0005743825
228 24 0.0005743825
210 87 0.0005743825
275 45 0.0005743825
318 45 0.0005743825
8 65 0.0005743825
167 79 0.0005743825
324 113 0.0005743825
80 118 0.0005743825
280 34 0.0005743825
210 101 0.0005743825
90 29 0.0005743825
22 63 0.0005743825
130 98 0.0005743825
33 102 0.0005743825
164 81 0.0005743825
16 106 0.0005743825
215 110 0.0005743825
162 11 0.0005743825
2 11 0.0005743825
59 60 0.0005743825
86 69 0.0005743825
160 103 0.0005743825
291 94 0.0005743825
155 84 0.0005743825
322 114 0.0005743825
193 82 0.0005743825
183 67 0.0005743825
234 45 0.0005743825
89 110 0.0005743825
309 104 0.0005743825
27 115 0.0005743825
327 104 0.0005743825
320 96 0.0005743825
3 35 0.0005743825
199 75 0.0005743825
120 95 0.0005743825
248 100 0.0005743825
270 39 0.0005743825
35 90 0.0005743825
233 67 0.0005743825
126 24 0.0005743825
228 30 0.0005743825
245 27 0.0005743825
187 118 0.0005743825
96 58 0.0005743825
151 24 0.0005743825
43 61 0.0005743825
169 83 0.0005743825
292 65 0.0005743825
258 106 0.0005743825
312 40 0.0005743825
174 24 0.0005743825
243 50 0.0005743825
169 97 0.0005743825
204 60 0.0005743825
97 15 0.0005743825
46 75 0.0005743825
310 46 0.0005743825
12 49 0.0005743825
102 17 0.0005743825
6 99 0.0005743825
211 84 0.0005743825
58 8 0.0005743825
116 83 0.0005743825
133 64 0.0005743825
180 104 0.0005743825
57 84 0.0005743825
46 56 0.0005743825
50 88 0.0005743825
48 14 0.0005743825
103 101 0.0005743825
12 101 0.0005743825
123 109 0.0005743825
11 38 0.0005743825
159 21 0.0005743825
258 77 0.0005743825
101 15 0.0005743825
103 110 0.0005743825
5 95 0.0005743825
290 53 0.0005743825
324 15 0.0005743825
147 43 0.0005743825
130 113 0.0005743825
38 49 0.0005743825
322 44 0.0005743825
64 97 0.0005743825
266 49 0.0005743825
219 31 0.0005743825
159 16 0.0005743825
304 95 0.0005743825
90 104 0.0005743825
125 111 0.0005743825
95 101 0.0005743825
178 30 0.0005743825
269 83 0.0005743825
213 98 0.0005743825
279 75 0.0005743825
6 104 0.0005743825
214 101 0.0005743825
60 43 0.0005743825
47 65 0.0005743825
96 93 0.0005743825
263 94 0.0005743825
323 117 0.0005743825
319 44 0.0005743825
260 103 0.0005743825
325 100 0.0005743825
93 78 0.0005743825
42 52 0.0005743825
312 13 0.0005743825
309 110 0.0005743825
65 48 0.0005743825
152 82 0.0005743825
313 115 0.0005743825
180 109 0.0005743825
214 104 0.0005743825
125 109 0.0005743825
280 2 0.0005743825
152 61 0.0005743825
68 66 0.0005743825
102 64 0.0005743825
6 81 0.0005743825
240 90 0.0005743825
318 67 0.0005743825
8 30 0.0005743825
118 52 0.0005743825
154 61 0.0005743825
266 75 0.0005743825
248 113 0.0005743825
293 72 0.0005743825
73 114 0.0005743825
215 53 0.0005743825
13 69 0.0005743825
136 30 0.0005743825
176 44 0.0005743825
250 76 0.0005743825
280 46 0.0005743825
241 97 0.0005743825
152 111 0.0005743825
3 69 0.0005743825
157 99 0.0005743825
316 42 0.0005743825
77 55 0.0005743825
5 118 0.0005743825
55 32 0.0005743825
315 114 0.0005743825
155 83 0.0005743825
278 46 0.0005743825
125 110 0.0005743825
176 97 0.0005743825
210 104 0.0005743825
84 65 0.0005743825
256 95 0.0005743825
158 84 0.0005743825
264 112 0.0005743825
174 106 0.0005743825
98 44 0.0005743825
241 83 0.0005743825
271 61 0.0005743825
272 49 0.0005743825
208 58 0.0005743825
11 30 0.0005743825
158 25 0.0005743825
142 11 0.0005743825
273 52 0.0005743825
221 97 0.0005743825
191 114 0.0005743825
208 112 0.0005743825
241 62 0.0005743825
89 107 0.0005743825
197 118 0.0005743825
298 34 0.0005743825
208 7 0.0005743825
175 96 0.0005743825
17 113 0.0005743825
222 14 0.0005743825
315 110 0.0005743825
217 56 0.0005743825
262 100 0.0005743825
307 61 0.0005743825
59 43 0.0005743825
40 34 0.0005743825
256 24 0.0005743825
229 41 0.0005743825
282 118 0.0005743825
125 82 0.0005743825
241 63 0.0005743825
38 72 0.0005743825
150 45 0.0005743825
86 52 0.0005743825
130 100 0.0005743825
231 69 0.0005743825
205 25 0.0005743825
178 7 0.0005743825
51 64 0.0005743825
29 94 0.0005743825
84 89 0.0005743825
123 49 0.0005743825
96 11 0.0005743825
310 38 0.0005743825
33 115 0.0005743825
45 88 0.0005743825
209 68 0.0005743825
315 105 0.0005743825
216 63 0.0005743825
209 73 0.0005743825
135 57 0.0005743825
162 17 0.0005743825
243 48 0.0005743825
133 95 0.0005743825
278 38 0.0005743825
180 27 0.0005743825
71 117 0.0005743825
193 114 0.0005743825
301 52 0.0005743825
111 78 0.0005743825
60 85 0.0005743825
240 47 0.0005743825
30 26 0.0005743825
226 94 0.0005743825
21 95 0.0005743825
247 71 0.0005743825
281 52 0.0005743825
233 45 0.0005743825
97 21 0.0005743825
319 101 0.0005743825
79 50 0.0005743825
148 57 0.0005743825
285 3 0.0005743825
74 81 0.0005743825
280 76 0.0005743825
179 25 0.0005743825
50 104 0.0005743825
19 118 0.0005743825
274 61 0.0005743825
153 110 0.0005743825
249 35 0.0005743825
6 114 0.0005743825
130 37 0.0005743825
147 29 0.0005743825
33 1 0.0005743825
325 44 0.0005743825
103 45 0.0005743825
51 77 0.0005743825
199 56 0.0005743825
228 51 0.0005743825
82 88 0.0005743825
230 31 0.0005743825
236 98 0.0005743825
137 25 0.0005743825
10 7 0.0005743825
247 55 0.0005743825
208 103 0.0005743825
180 97 0.0005743825
43 53 0.0005743825
300 8 0.0005743825
172 103 0.0005743825
190 115 0.0005743825
13 36 0.0005743825
225 67 0.0005743825
218 33 0.0005743825
91 42 0.0005743825
136 106 0.0005743825
272 114 0.0005743825
12 86 0.0005743825
209 13 0.0005743825
255 115 0.0005743825
294 45 0.0005743825
164 82 0.0005743825
257 69 0.0005743825
178 81 0.0005743825
211 37 0.0005743825
259 67 0.0005743825
211 98 0.0005743825
271 67 0.0005743825
5 103 0.0005743825
275 114 0.0005743825
175 16 0.0005743825
264 110 0.0005743825
140 115 0.0005743825
42 36 0.0005743825
184 73 0.0005743825
299 82 0.0005743825
294 94 0.0005743825
205 0 0.0005743825
236 37 0.0005743825
228 77 0.0005743825
175 51 0.0005743825
130 117 0.0005743825
260 116 0.0005743825
7 70 0.0005743825
244 82 0.0005743825
175 0 0.0005743825
285 53 0.0005743825
182 59 0.0005743825
247 10 0.0005743825
269 100 0.0005743825
30 2 0.0005743825
117 98 0.0005743825
229 56 0.0005743825
66 25 0.0005743825
203 99 0.0005743825
254 113 0.0005743825
266 53 0.0005743825
104 44 0.0005743825
57 115 0.0005743825
128 57 0.0005743825
115 26 0.0005743825
67 32 0.0005743825
182 24 0.0005743825
268 111 0.0005743825
288 118 0.0005743825
8 27 0.0005743825
98 14 0.0005743825
322 104 0.0005743825
32 12 0.0005743825
134 86 0.0005743825
125 101 0.0005743825
241 75 0.0005743825
81 73 0.0005743825
300 70 0.0005743825
183 45 0.0005743825
46 93 0.0005743825
153 86 0.0005743825
218 26 0.0005743825
160 13 0.0005743825
101 100 0.0005743825
287 103 0.0005743825
59 65 0.0005743825
293 42 0.0005743825
143 52 0.0005743825
132 42 0.0005743825
280 28 0.0005743825
307 105 0.0005743825
290 3 0.0005743825
75 105 0.0005743825
148 66 0.0005743825
291 111 0.0005743825
91 14 0.0005743825
25 63 0.0005743825
239 5 0.0005743825
106 100 0.0005743825
125 105 0.0005743825
204 110 0.0005743825
240 36 0.0005743825
68 117 0.0005743825
5 31 0.0005743825
67 25 0.0005743825
218 95 0.0005743825
173 22 0.0005743825
218 58 0.0005743825
83 22 0.0005743825
127 10 0.0005743825
135 78 0.0005743825
81 13 0.0005743825
187 24 0.0005743825
291 115 0.0005743825
291 82 0.0005743825
318 75 0.0005743825
234 88 0.0005743825
102 95 0.0005743825
292 104 0.0005743825
185 101 0.0005743825
195 79 0.0005743825
180 101 0.0005743825
39 52 0.0005743825
82 115 0.0005743825
121 9 0.0005743825
299 2 0.0005743825
255 113 0.0005743825
228 79 0.0005743825
255 102 0.0005743825
182 23 0.0005743825
168 116 0.0005743825
134 49 0.0005743825
233 105 0.0005743825
270 21 0.0005743825
266 56 0.0005743825
171 40 0.0005743825
90 43 0.0005743825
303 14 0.0005743825
198 118 0.0005743825
293 97 0.0005743825
250 43 0.0005743825
188 0 0.0005743825
184 40 0.0005743825
168 69 0.0005743825
305 118 0.0005743825
214 42 0.0005743825
262 94 0.0005743825
71 66 0.0005743825
110 42 0.0005743825
161 16 0.0005743825
247 13 0.0005743825
55 21 0.0005743825
327 3 0.0005743825
285 94 0.0005743825
254 14 0.0005743825
310 76 0.0005743825
146 101 0.0005743825
58 53 0.0005743825
278 109 0.0005743825
315 104 0.0005743825
310 27 0.0005743825
128 78 0.0005743825
277 26 0.0005743825
213 1 0.0005743825
209 2 0.0005743825
279 72 0.0005743825
263 44 0.0005743825
181 31 0.0005743825
321 115 0.0005743825
115 58 0.0005743825
12 81 0.0005743825
213 44 0.0005743825
202 118 0.0005743825
319 97 0.0005743825
196 88 0.0005743825
153 75 0.0005743825
84 107 0.0005743825
11 56 0.0005743825
292 88 0.0005743825
56 112 0.0005743825
247 43 0.0005743825
56 26 0.0005743825
89 75 0.0005743825
81 71 0.0005743825
170 36 0.0005743825
137 47 0.0005743825
308 95 0.0005743825
80 116 0.0005743825
16 33 0.0005743825
250 13 0.0005743825
90 114 0.0005743825
324 32 0.0005743825
315 101 0.0005743825
172 116 0.0005743825
290 14 0.0005743825
60 55 0.0005743825
196 83 0.0005743825
95 53 0.0005743825
83 108 0.0005743825
102 23 0.0005743825
140 83 0.0005743825
321 61 0.0005743825
328 118 0.0005743825
275 44 0.0005743825
182 95 0.0005743825
33 0 0.0005743825
29 111 0.0005743825
58 6 0.0005743825
220 52 0.0005743825
178 58 0.0005743825
258 112 0.0005743825
10 110 0.0005743825
277 28 0.0005743825
176 14 0.0005743825
225 61 0.0005743825
64 82 0.0005743825
298 46 0.0005743825
45 115 0.0005743825
240 52 0.0005743825
145 105 0.0005743825
228 106 0.0005743825
222 63 0.0005743825
306 31 0.0005743825
265 9 0.0005743825
136 26 0.0005743825
152 2 0.0005743825
62 24 0.0005743825
145 56 0.0005743825
327 14 0.0005743825
205 48 0.0005743825
158 48 0.0005743825
269 72 0.0005743825
51 17 0.0005743825
244 45 0.0005743825
110 3 0.0005743825
66 102 0.0005743825
168 13 0.0005743825
188 113 0.0005743825
88 101 0.0005743825
25 98 0.0005743825
294 82 0.0005743825
20 36 0.0005743825
10 30 0.0005743825
226 101 0.0005743825
243 0 0.0005743825
95 110 0.0005743825
295 36 0.0005743825
265 52 0.0005743825
142 93 0.0005743825
51 11 0.0005743825
95 105 0.0005743825
56 58 0.0005743825
204 43 0.0005743825
276 62 0.0005743825
193 97 0.0005743825
163 21 0.0005743825
327 8 0.0005743825
106 45 0.0005743825
185 98 0.0005743825
138 66 0.0005743825
146 110 0.0005743825
53 9 0.0005743825
283 77 0.0005743825
211 54 0.0005743825
169 72 0.0005743825
103 82 0.0005743825
7 60 0.0005743825
312 22 0.0005743825
278 89 0.0005743825
58 42 0.0005743825
199 2 0.0005743825
146 2 0.0005743825
169 63 0.0005743825
48 113 0.0005743825
141 0 0.0005743825
316 60 0.0005743825
106 115 0.0005743825
83 55 0.0005743825
124 49 0.0005743825
157 28 0.0005743825
158 0 0.0005743825
203 86 0.0005743825
117 111 0.0005743825
311 118 0.0005743825
106 111 0.0005743825
179 12 0.0005743825
110 97 0.0005743825
279 105 0.0005743825
167 116 0.0005743825
149 118 0.0005743825
245 26 0.0005743825
96 73 0.0005743825
314 9 0.0005743825
147 85 0.0005743825
264 89 0.0005743825
185 104 0.0005743825
300 6 0.0005743825
313 83 0.0005743825
82 94 0.0005743825
63 9 0.0005743825
170 69 0.0005743825
73 45 0.0005743825
201 31 0.0005743825
255 100 0.0005743825
9 35 0.0005743825
183 65 0.0005743825
174 30 0.0005743825
320 0 0.0005743825
322 86 0.0005743825
58 70 0.0005743825
308 17 0.0005743825
114 104 0.0005743825
223 69 0.0005743825
6 88 0.0005743825
268 88 0.0005743825
12 89 0.0005743825
157 49 0.0005743825
147 13 0.0005743825
322 63 0.0005743825
234 75 0.0005743825
53 35 0.0005743825
277 89 0.0005743825
293 29 0.0005743825
272 93 0.0005743825
189 33 0.0005743825
312 34 0.0005743825
169 3 0.0005743825
46 2 0.0005743825
276 14 0.0005743825
156 64 0.0005743825
66 117 0.0005743825
91 104 0.0005743825
71 102 0.0005743825
12 65 0.0005743825
157 5 0.0005743825
40 13 0.0005743825
310 26 0.0005743825
119 115 0.0005743825
310 110 0.0005743825
173 85 0.0005743825
308 74 0.0005743825
292 99 0.0005743825
46 110 0.0005743825
154 56 0.0005743825
7 49 0.0005743825
106 8 0.0005743825
132 82 0.0005743825
185 42 0.0005743825
59 28 0.0005743825
156 52 0.0005743825
223 36 0.0005743825
291 98 0.0005743825
26 52 0.0005743825
184 7 0.0005743825
163 35 0.0005743825
215 70 0.0005743825
94 87 0.0005743825
67 48 0.0005743825
222 86 0.0005743825
173 34 0.0005743825
235 84 0.0005743825
237 70 0.0005743825
148 19 0.0005743825
46 109 0.0005743825
316 3 0.0005743825
173 80 0.0005743825
217 2 0.0005743825
118 36 0.0005743825
6 109 0.0005743825
13 52 0.0005743825
32 100 0.0005743825
95 107 0.0005743825
324 14 0.0005743825
92 72 0.0005743825
235 14 0.0005743825
188 32 0.0005743825
17 115 0.0005743825
27 88 0.0005743825
193 104 0.0005743825
9 69 0.0005743825
225 93 0.0005743825
232 36 0.0005743825
68 15 0.0005743825
252 31 0.0005743825
117 53 0.0005743825
304 116 0.0005743825
1 62 0.0005743825
307 2 0.0005743825
182 116 0.0005743825
274 14 0.0005743825
25 1 0.0005743825
11 25 0.0005743825
211 46 0.0005743825
81 68 0.0005743825
77 91 0.0005743825
132 101 0.0005743825
58 107 0.0005743825
114 2 0.0005743825
250 22 0.0005743825
235 98 0.0005743825
144 59 0.0005743825
99 25 0.0005743825
224 35 0.0005743825
18 58 0.0005743825
229 67 0.0005743825
244 72 0.0005743825
28 66 0.0005743825
169 62 0.0005743825
90 109 0.0005743825
69 115 0.0005743825
308 118 0.0005743825
83 80 0.0005743825
318 82 0.0005743825
31 94 0.0005743825
169 113 0.0005743825
101 54 0.0005743825
318 56 0.0005743825
322 82 0.0005743825
233 75 0.0005743825
231 9 0.0005743825
169 115 0.0005743825
135 16 0.0005743825
129 12 0.0005743825
276 113 0.0005743825
43 3 0.0005743825
113 16 0.0005743825
172 74 0.0005743825
214 99 0.0005743825
79 32 0.0005743825
193 42 0.0005743825
89 42 0.0005743825
121 39 0.0005743825
204 107 0.0005743825
109 24 0.0005743825
145 61 0.0005743825
22 15 0.0005743825
88 97 0.0005743825
22 113 0.0005743825
16 5 0.0005743825
210 44 0.0005743825
271 27 0.0005743825
321 53 0.0005743825
171 73 0.0005743825
38 28 0.0005743825
3 74 0.0005743825
91 113 0.0005743825
155 115 0.0005743825
41 118 0.0005743825
2 95 0.0005743825
28 35 0.0005743825
69 53 0.0005743825
188 87 0.0005743825
155 102 0.0005743825
200 7 0.0005743825
213 63 0.0005743825
18 11 0.0005743825
147 91 0.0005743825
94 113 0.0005743825
95 70 0.0005743825
183 61 0.0005743825
97 66 0.0005743825
42 69 0.0005743825
314 35 0.0005743825
271 2 0.0005743825
38 101 0.0005743825
255 84 0.0005743825
222 62 0.0005743825
8 2 0.0005743825
103 109 0.0005743825
84 72 0.0005743825
97 32 0.0005743825
171 29 0.0005743825
80 13 0.0005743825
122 35 0.0005743825
128 47 0.0005743825
34 18 0.0005743825
298 89 0.0005743825
35 9 0.0005743825
101 83 0.0005743825
236 102 0.0005743825
115 10 0.0005743825
161 33 0.0005743825
280 81 0.0005743825
300 72 0.0005743825
226 107 0.0005743825
123 27 0.0005743825
176 82 0.0005743825
190 3 0.0005743825
25 3 0.0005743825
134 60 0.0005743825
154 105 0.0005743825
308 64 0.0005743825
219 116 0.0005743825
90 55 0.0005743825
298 105 0.0005743825
212 90 0.0005743825
257 74 0.0005743825
101 14 0.0005743825
91 60 0.0005743825
221 115 0.0005743825
268 109 0.0005743825
4 64 0.0005743825
259 110 0.0005743825
180 82 0.0005743825
131 77 0.0005743825
323 20 0.0005743825
11 41 0.0005743825
183 110 0.0005743825
276 54 0.0005743825
38 62 0.0005743825
291 44 0.0005743825
207 31 0.0005743825
56 79 0.0005743825
267 70 0.0005743825
87 6 0.0005743825
263 6 0.0005743825
21 59 0.0005743825
180 114 0.0005743825
55 87 0.0005743825
247 73 0.0005743825
7 107 0.0005743825
144 106 0.0005743825
309 45 0.0005743825
227 28 0.0005743825
299 49 0.0005743825
220 9 0.0005743825
323 32 0.0005743825
87 8 0.0005743825
275 100 0.0005743825
87 70 0.0005743825
247 68 0.0005743825
225 75 0.0005743825
29 114 0.0005743825
72 24 0.0005743825
77 10 0.0005743825
64 45 0.0005743825
310 81 0.0005743825
318 2 0.0005743825
236 100 0.0005743825
75 56 0.0005743825
102 36 0.0005743825
164 49 0.0005743825
154 45 0.0005743825
23 24 0.0005743825
89 70 0.0005743825
285 98 0.0005743825
12 99 0.0005743825
269 97 0.0005743825
8 80 0.0005743825
243 12 0.0005743825
247 40 0.0005743825
224 51 0.0005743825
179 46 0.0005743825
188 14 0.0005743825
147 73 0.0005743825
200 38 0.0005743825
235 113 0.0005743825
193 86 0.0005743825
34 35 0.0005743825
123 81 0.0005743825
132 104 0.0005743825
312 68 0.0005743825
59 89 0.0005743825
73 82 0.0005743825
221 101 0.0005743825
61 31 0.0005743825
43 111 0.0005743825
248 82 0.0005743825
47 60 0.0005743825
176 113 0.0005743825
153 53 0.0005743825
250 40 0.0005743825
197 31 0.0005743825
31 53 0.0005743825
133 30 0.0005743825
268 27 0.0005743825
239 103 0.0005743825
160 116 0.0005743825
323 41 0.0005743825
88 86 0.0005743825
28 78 0.0005743825
263 107 0.0005743825
136 95 0.0005743825
182 31 0.0005743825
38 65 0.0005743825
199 110 0.0005743825
206 16 0.0005743825
303 117 0.0005743825
160 95 0.0005743825
9 52 0.0005743825
172 36 0.0005743825
18 108 0.0005743825
122 78 0.0005743825
185 97 0.0005743825
35 39 0.0005743825
146 107 0.0005743825
215 86 0.0005743825
22 83 0.0005743825
320 39 0.0005743825
259 45 0.0005743825
292 101 0.0005743825
276 3 0.0005743825
50 70 0.0005743825
245 59 0.0005743825
146 105 0.0005743825
51 95 0.0005743825
295 52 0.0005743825
228 95 0.0005743825
55 54 0.0005743825
186 31 0.0005743825
173 40 0.0005743825
22 8 0.0005743825
195 24 0.0005743825
318 110 0.0005743825
247 85 0.0005743825
162 118 0.0005743825
101 62 0.0005743825
173 76 0.0005743825
56 103 0.0005743825
134 65 0.0005743825
75 29 0.0005743825
135 35 0.0005743825
167 59 0.0005743825
125 104 0.0005743825
79 21 0.0005743825
1 86 0.0005743825
59 49 0.0005743825
228 18 0.0005743825
123 88 0.0005743825
304 79 0.0005743825
132 97 0.0005743825
64 100 0.0005743825
154 93 0.0005743825
277 2 0.0005743825
150 56 0.0005743825
70 24 0.0005743825
278 107 0.0005743825
303 46 0.0005743825
210 63 0.0005743825
81 17 0.0005743825
209 40 0.0005743825
94 37 0.0005743825
67 20 0.0005743825
262 1 0.0005743825
147 79 0.0005743825
49 78 0.0005743825
293 86 0.0005743825
33 25 0.0005743825
18 71 0.0005743825
322 42 0.0005743825
112 78 0.0005743825
78 9 0.0005743825
101 117 0.0005743825
58 110 0.0005743825
304 77 0.0005743825
73 72 0.0005743825
329 50 0.0005743825
231 31 0.0005743825
198 31 0.0005743825
57 100 0.0005743825
71 96 0.0005743825
259 2 0.0005743825
227 101 0.0005743825
101 63 0.0005743825
204 71 0.0005743825
288 64 0.0005743825
68 47 0.0005743825
1 97 0.0005743825
60 106 0.0005743825
264 99 0.0005743825
226 110 0.0005743825
227 43 0.0005743825
124 104 0.0005743825
298 76 0.0005743825
277 7 0.0005743825
8 81 0.0005743825
224 21 0.0005743825
61 74 0.0005743825
75 93 0.0005743825
77 73 0.0005743825
115 22 0.0005743825
218 119 0.0005743825
254 1 0.0005743825
28 51 0.0005743825
284 9 0.0005743825
88 94 0.0005743825
235 100 0.0005743825
242 78 0.0005743825
183 105 0.0005743825
297 48 0.0005743825
284 78 0.0005743825
44 116 0.0005743825
314 57 0.0005743825
269 104 0.0005743825
60 73 0.0005743825
259 105 0.0005743825
186 77 0.0005743825
17 42 0.0005743825
262 111 0.0005743825
92 98 0.0005743825
38 42 0.0005743825
8 59 0.0005743825
1 101 0.0005743825
179 21 0.0005743825
315 2 0.0005743825
34 66 0.0005743825
208 26 0.0005743825
321 14 0.0005743825
134 28 0.0005743825
224 16 0.0005743825
215 75 0.0005743825
216 104 0.0005743825
196 14 0.0005743825
60 17 0.0005743825
89 114 0.0005743825
319 98 0.0005743825
304 26 0.0005743825
110 62 0.0005743825
297 96 0.0005743825
226 42 0.0005743825
209 108 0.0005743825
150 105 0.0005743825
92 3 0.0005743825
142 65 0.0005743825
30 76 0.0005743825
150 67 0.0005743825
146 86 0.0005743825
216 42 0.0005743825
90 27 0.0005743825
210 86 0.0005743825
297 102 0.0005743825
15 78 0.0005743825
278 7 0.0005743825
298 26 0.0005743825
92 75 0.0005743825
285 8 0.0005743825
164 2 0.0005743825
152 110 0.0005743825
116 53 0.0005743825
120 11 0.0005743825
30 105 0.0005743825
22 44 0.0005743825
133 79 0.0005743825
167 18 0.0005743825
40 91 0.0005743825
131 24 0.0005743825
71 19 0.0005743825
222 100 0.0005743825
17 111 0.0005743825
234 61 0.0005743825
264 46 0.0005743825
241 84 0.0005743825
284 35 0.0005743825
143 78 0.0005743825
32 84 0.0005743825
204 112 0.0005743825
97 50 0.0005743825
322 101 0.0005743825
185 82 0.0005743825
79 66 0.0005743825
75 45 0.0005743825
99 21 0.0005743825
276 1 0.0005743825
178 38 0.0005743825
217 67 0.0005743825
59 91 0.0005743825
292 105 0.0005743825
22 94 0.0005743825
195 106 0.0005743825
172 31 0.0005743825
156 36 0.0005743825
79 48 0.0005743825
161 90 0.0005743825
160 31 0.0005743825
144 24 0.0005743825
81 76 0.0005743825
107 78 0.0005743825
129 21 0.0005743825
73 113 0.0005743825
165 31 0.0005743825
61 69 0.0005743825
71 20 0.0005743825
267 94 0.0005743825
254 87 0.0005743825
138 51 0.0005743825
86 36 0.0005743825
12 88 0.0005743825
96 7 0.0005743825
40 68 0.0005743825
150 75 0.0005743825
256 118 0.0005743825
122 57 0.0005743825
188 54 0.0005743825
250 68 0.0005743825
315 28 0.0005743825
167 16 0.0005743825
266 2 0.0005743825
208 79 0.0005743825
295 69 0.0005743825
244 114 0.0005743825
74 94 0.0005743825
198 13 0.0005743825
5 64 0.0005743825
263 8 0.0005743825
276 63 0.0005743825
153 8 0.0005743825
206 33 0.0005743825
84 43 0.0005743825
301 74 0.0005743825
208 22 0.0005743825
16 22 0.0005743825
316 6 0.0005743825
92 60 0.0005743825
145 2 0.0005743825
298 81 0.0005743825
303 84 0.0005743825
47 22 0.0005743825
71 50 0.0005743825
199 67 0.0005743825
274 3 0.0005743825
240 74 0.0005743825
79 20 0.0005743825
83 34 0.0005743825
305 31 0.0005743825
306 77 0.0005743825
2 23 0.0005743825
8 56 0.0005743825
263 75 0.0005743825
185 14 0.0005743825
314 52 0.0005743825
10 26 0.0005743825
104 111 0.0005743825
55 115 0.0005743825
87 44 0.0005743825
281 74 0.0005743825
191 82 0.0005743825
246 77 0.0005743825
16 40 0.0005743825
169 104 0.0005743825
221 62 0.0005743825
228 64 0.0005743825
8 58 0.0005743825
87 83 0.0005743825
50 2 0.0005743825
167 112 0.0005743825
330
0.0000000000 230.0000000000
84.0000000000 0.0000000000
0.0000000000 231.0000000000
147.0000000000 238.0000000000
147.0000000000 240.0000000000
0.0000000000 256.0000000000
32.0000000000 0.0000000000
58.0000000000 0.0000000000
0.0000000000 121.0000000000
90.0000000000 313.0000000000
0.0000000000 107.0000000000
0.0000000000 119.0000000000
31.0000000000 0.0000000000
83.0000000000 313.0000000000
114.0000000000 313.0000000000
110.0000000000 313.0000000000
0.0000000000 176.0000000000
106.0000000000 0.0000000000
0.0000000000 133.0000000000
33.0000000000 313.0000000000
84.0000000000 313.0000000000
0.0000000000 229.0000000000
147.0000000000 50.0000000000
28.0000000000 313.0000000000
57.0000000000 313.0000000000
147.0000000000 52.0000000000
113.0000000000 313.0000000000
147.0000000000 8.0000000000
147.0000000000 206.0000000000
104.0000000000 0.0000000000
0.0000000000 106.0000000000
147.0000000000 25.0000000000
147.0000000000 91.0000000000
147.0000000000 93.0000000000
147.0000000000 205.0000000000
147.0000000000 255.0000000000
16.0000000000 313.0000000000
62.0000000000 313.0000000000
0.0000000000 57.0000000000
107.0000000000 313.0000000000
0.0000000000 161.0000000000
19.0000000000 313.0000000000
147.0000000000 253.0000000000
121.0000000000 0.0000000000
45.0000000000 313.0000000000
129.0000000000 0.0000000000
0.0000000000 10.0000000000
0.0000000000 62.0000000000
119.0000000000 0.0000000000
122.0000000000 313.0000000000
32.0000000000 0.0000000000
0.0000000000 231.0000000000
5.0000000000 313.0000000000
147.0000000000 234.0000000000
12.0000000000 313.0000000000
147.0000000000 82.0000000000
0.0000000000 190.0000000000
147.0000000000 84.0000000000
52.0000000000 0.0000000000
0.0000000000 61.0000000000
0.0000000000 162.0000000000
76.0000000000 313.0000000000
24.0000000000 313.0000000000
147.0000000000 225.0000000000
96.0000000000 0.0000000000
147.0000000000 134.0000000000
147.0000000000 127.0000000000
147.0000000000 110.0000000000
147.0000000000 124.0000000000
126.0000000000 0.0000000000
4.0000000000 313.0000000000
147.0000000000 125.0000000000
6.0000000000 313.0000000000
87.0000000000 0.0000000000
15.0000000000 0.0000000000
0.0000000000 2.0000000000
1.0000000000 313.0000000000
0.0000000000 156.0000000000
91.0000000000 313.0000000000
147.0000000000 109.0000000000
0.0000000000 264.0000000000
0.0000000000 163.0000000000
147.0000000000 13.0000000000
0.0000000000 170.0000000000
0.0000000000 69.0000000000
104.0000000000 313.0000000000
89.0000000000 313.0000000000
61.0000000000 0.0000000000
0.0000000000 39.0000000000
46.0000000000 0.0000000000
0.0000000000 35.0000000000
86.0000000000 0.0000000000
68.0000000000 0.0000000000
122.0000000000 313.0000000000
147.0000000000 68.0000000000
43.0000000000 0.0000000000
0.0000000000 133.0000000000
147.0000000000 119.0000000000
92.0000000000 0.0000000000
147.0000000000 108.0000000000
17.0000000000 313.0000000000
147.0000000000 62.0000000000
0.0000000000 229.0000000000
0.0000000000 27.0000000000
104.0000000000 0.0000000000
59.0000000000 313.0000000000
105.0000000000 0.0000000000
113.0000000000 313.0000000000
96.0000000000 313.0000000000
10.0000000000 313.0000000000
79.0000000000 0.0000000000
116.0000000000 313.0000000000
106.0000000000 313.0000000000
147.0000000000 190.0000000000
21.0000000000 0.0000000000
0.0000000000 187.0000000000
128.0000000000 0.0000000000
109.0000000000 0.0000000000
99.0000000000 313.0000000000
147.0000000000 18.0000000000
0.0000000000 231.0000000000
147.0000000000 252.0000000000
147.0000000000 216.0000000000
33.0000000000 0.0000000000
0.0000000000 27.0000000000
31.0000000000 0.0000000000
8.0000000000 313.0000000000
25.0000000000 313.0000000000
147.0000000000 224.0000000000
147.0000000000 98.0000000000
147.0000000000 64.0000000000
21.0000000000 313.0000000000
83.0000000000 0.0000000000
0.0000000000 226.0000000000
0.0000000000 57.0000000000
147.0000000000 213.0000000000
0.0000000000 206.0000000000
147.0000000000 150.0000000000
147.0000000000 203.0000000000
34.0000000000 313.0000000000
147.0000000000 17.0000000000
147.0000000000 158.0000000000
0.0000000000 131.0000000000
88.0000000000 313.0000000000
0.0000000000 208.0000000000
0.0000000000 4.0000000000
42.0000000000 0.0000000000
0.0000000000 157.0000000000
147.0000000000 196.0000000000
45.0000000000 313.0000000000
0.0000000000 2.0000000000
24.0000000000 313.0000000000
14.0000000000 0.0000000000
49.0000000000 0.0000000000
0.0000000000 4.0000000000
147.0000000000 82.0000000000
91.0000000000 313.0000000000
0.0000000000 61.0000000000
147.0000000000 108.0000000000
147.0000000000 190.0000000000
0.0000000000 252.0000000000
147.0000000000 185.0000000000
0.0000000000 240.0000000000
147.0000000000 196.0000000000
23.0000000000 0.0000000000
52.0000000000 313.0000000000
147.0000000000 189.0000000000
0.0000000000 207.0000000000
0.0000000000 260.0000000000
78.0000000000 0.0000000000
79.0000000000 313.0000000000
0.0000000000 156.0000000000
0.0000000000 263.0000000000
0.0000000000 175.0000000000
0.0000000000 204.0000000000
147.0000000000 167.0000000000
89.0000000000 0.0000000000
13.0000000000 313.0000000000
0.0000000000 116.0000000000
147.0000000000 115.0000000000
0.0000000000 32.0000000000
62.0000000000 313.0000000000
0.0000000000 210.0000000000
3.0000000000 0.0000000000
0.0000000000 128.0000000000
79.0000000000 0.0000000000
38.0000000000 313.0000000000
41.0000000000 313.0000000000
147.0000000000 75.0000000000
147.0000000000 179.0000000000
147.0000000000 20.0000000000
90.0000000000 0.0000000000
95.0000000000 313.0000000000
83.0000000000 0.0000000000
0.0000000000 184.0000000000
0.0000000000 198.0000000000
147.0000000000 10.0000000000
50.0000000000 313.0000000000
0.0000000000 261.0000000000
13.0000000000 0.0000000000
0.0000000000 106.0000000000
55.0000000000 313.0000000000
58.0000000000 313.0000000000
0.0000000000 49.0000000000
0.0000000000 69.0000000000
147.0000000000 103.0000000000
147.0000000000 183.0000000000
53.0000000000 313.0000000000
0.0000000000 187.0000000000
0.0000000000 155.0000000000
70.0000000000 0.0000000000
147.0000000000 76.0000000000
147.0000000000 194.0000000000
147.0000000000 52.0000000000
78.0000000000 0.0000000000
51.0000000000 0.0000000000
79.0000000000 0.0000000000
11.0000000000 0.0000000000
0.0000000000 191.0000000000
64.0000000000 313.0000000000
89.0000000000 313.0000000000
76.0000000000 0.0000000000
78.0000000000 0.0000000000
86.0000000000 313.0000000000
147.0000000000 203.0000000000
0.0000000000 3.0000000000
45.0000000000 0.0000000000
0.0000000000 50.0000000000
0.0000000000 206.0000000000
0.0000000000 124.0000000000
64.0000000000 313.0000000000
80.0000000000 313.0000000000
123.0000000000 313.0000000000
3.0000000000 0.0000000000
0.0000000000 6.0000000000
147.0000000000 71.0000000000
147.0000000000 72.0000000000
147.0000000000 24.0000000000
38.0000000000 313.0000000000
0.0000000000 186.0000000000
147.0000000000 260.0000000000
74.0000000000 0.0000000000
120.0000000000 313.0000000000
147.0000000000 102.0000000000
88.0000000000 0.0000000000
0.0000000000 109.0000000000
34.0000000000 313.0000000000
0.0000000000 157.0000000000
96.0000000000 0.0000000000
147.0000000000 210.0000000000
0.0000000000 165.0000000000
98.0000000000 313.0000000000
57.0000000000 313.0000000000
55.0000000000 313.0000000000
147.0000000000 60.0000000000
147.0000000000 87.0000000000
0.0000000000 205.0000000000
76.0000000000 313.0000000000
0.0000000000 213.0000000000
0.0000000000 5.0000000000
0.0000000000 257.0000000000
0.0000000000 251.0000000000
104.0000000000 0.0000000000
58.0000000000 0.0000000000
0.0000000000 89.0000000000
95.0000000000 313.0000000000
11.0000000000 0.0000000000
49.0000000000 0.0000000000
26.0000000000 0.0000000000
80.0000000000 0.0000000000
147.0000000000 183.0000000000
10.0000000000 0.0000000000
0.0000000000 15.0000000000
90.0000000000 313.0000000000
119.0000000000 0.0000000000
99.0000000000 0.0000000000
147.0000000000 63.0000000000
0.0000000000 103.0000000000
0.0000000000 89.0000000000
0.0000000000 1.0000000000
0.0000000000 97.0000000000
83.0000000000 313.0000000000
43.0000000000 313.0000000000
31.0000000000 313.0000000000
102.0000000000 313.0000000000
118.0000000000 0.0000000000
147.0000000000 232.0000000000
0.0000000000 185.0000000000
50.0000000000 313.0000000000
104.0000000000 313.0000000000
123.0000000000 0.0000000000
104.0000000000 0.0000000000
38.0000000000 0.0000000000
0.0000000000 47.0000000000
106.0000000000 0.0000000000
74.0000000000 313.0000000000
114.0000000000 313.0000000000
147.0000000000 134.0000000000
0.0000000000 97.0000000000
17.0000000000 0.0000000000
64.0000000000 0.0000000000
65.0000000000 313.0000000000
40.0000000000 313.0000000000
147.0000000000 59.0000000000
0.0000000000 216.0000000000
53.0000000000 313.0000000000
31.0000000000 313.0000000000
5.0000000000 0.0000000000
0.0000000000 235.0000000000
0.0000000000 19.0000000000
0.0000000000 107.0000000000
27.0000000000 313.0000000000
0.0000000000 169.0000000000
147.0000000000 12.0000000000
147.0000000000 241.0000000000
40.0000000000 0.0000000000
64.0000000000 0.0000000000
13.0000000000 313.0000000000
10.0000000000 0.0000000000
74.0000000000 0.0000000000
147.0000000000 165.0000000000
125.0000000000 0.0000000000
78.0000000000 0.0000000000
147.0000000000 128.0000000000
147.0000000000 64.0000000000
97.0000000000 0.0000000000
126.0000000000 313.0000000000
113.0000000000 0.0000000000
43.0000000000 313.0000000000
130.0000000000 0.0000000000
0 0 0 1 0
0 0 0 0 0
0 0 1 0 0
0 0 0 0 0
0 0 0 0 0
0 0 0 0 1
0 0 0 0 10
0 0 0 0 0
1 0 0 0 0
0 0 0 0 0
0 0 1 0 1
0 0 0 0 1
0 0 0 1 0
0 0 0 0 1
1 0 0 3 0
0 0 1 0 0
0 0 0 2 0
0 0 0 0 0
0 0 0 2 0
0 0 0 2 0
0 0 0 0 0
0 0 0 0 2
0 1 0 0 0
0 0 0 2 0
0 1 0 0 5
0 0 0 0 0
0 0 0 0 0
0 0 0 0 0
0 0 0 0 0
0 0 0 0 1
1 0 0 0 1
0 0 0 0 4
1 0 0 1 0
0 0 0 2 0
0 0 0 0 0
0 0 0 0 0
0 0 0 0 4
0 0 0 0 2
0 0 0 0 0
0 0 0 2 2
0 0 0 1 0
0 0 0 1 0
0 0 0 3 0
0 0 0 0 0
0 0 0 3 0
0 0 0 0 8
0 0 0 0 0
0 0 0 2 2
0 0 0 1 0
0 0 0 0 0
0 0 0 0 2
0 0 0 2 0
0 0 0 0 4
0 1 0 0 0
1 0 0 0 2
0 0 0 0 0
0 0 0 0 1
0 0 0 2 0
0 0 0 1 0
0 0 0 0 0
0 0 0 0 9
0 0 0 3 8
0 0 0 0 0
0 0 0 3 0
0 0 0 0 0
0 0 1 0 0
0 0 1 0 2
0 0 0 0 1
0 0 0 0 0
0 0 0 0 0
0 0 0 3 8
0 0 0 0 0
0 0 0 0 0
0 1 0 1 0
1 0 0 0 0
0 0 0 0 0
0 0 0 0 0
0 0 0 0 4
0 1 0 0 6
0 0 0 0 0
0 0 1 0 1
0 0 0 0 1
0 0 0 0 0
0 0 0 3 0
0 0 0 0 0
0 0 0 0 0
0 0 0 0 0
0 0 0 0 0
0 0 0 3 8
0 0 0 0 0
0 0 0 0 2
0 0 0 0 0
0 0 0 0 0
0 0 0 0 1
0 0 0 0 0
0 0 0 0 0
0 0 0 0 0
0 0 1 0 8
0 0 0 0 0
0 0 0 0 0
1 0 0 3 0
0 0 0 0 0
0 0 0 1 0
1 0 0 0 0
0 0 0 0 0
0 0 0 0 0
0 0 0 0 0
0 0 0 0 1
0 0 0 0 0
0 0 0 0 0
0 0 0 0 0
0 0 0 0 0
1 0 0 0 1
0 0 0 0 0
1 0 0 0 0
0 0 0 0 2
0 1 0 0 0
0 0 0 0 0
0 0 0 0 4
0 0 0 2 0
-1.0000000000 -1.0000000000 -1.0000000000 -1.0000000000
-1.0000000000 -1.0000000000 -1.0000000000 -1.0000000000
-1.0000000000 -1.0000000000 -1.0000000000 -1.0000000000
-1.0000000000 -1.0000000000 -1.0000000000 -1.0000000000
-1.0000000000 -1.0000000000 -1.0000000000 -1.0000000000
-1.0000000000 -1.0000000000 -1.0000000000 -1.0000000000
-1.0000000000 -1.0000000000 -1.0000000000 -1.0000000000
-1.0000000000 -1.0000000000 -1.0000000000 -1.0000000000
-1.0000000000 -1.0000000000 11.0000000000 9.0000000000
-1.0000000000 -1.0000000000 -1.0000000000 -1.0000000000
-1.0000000000 -1.0000000000 -1.0000000000 -1.0000000000
-1.0000000000 -1.0000000000 -1.0000000000 -1.0000000000
-1.0000000000 -1.0000000000 -1.0000000000 -1.0000000000
-1.0000000000 -1.0000000000 -1.0000000000 -1.0000000000
-1.0000000000 -1.0000000000 13.0000000000 18.0000000000
-1.0000000000 -1.0000000000 -1.0000000000 -1.0000000000
-1.0000000000 -1.0000000000 -1.0000000000 -1.0000000000
-1.0000000000 -1.0000000000 -1.0000000000 -1.0000000000
-1.0000000000 -1.0000000000 -1.0000000000 -1.0000000000
-1.0000000000 -1.0000000000 -1.0000000000 -1.0000000000
-1.0000000000 -1.0000000000 -1.0000000000 -1.0000000000
-1.0000000000 -1.0000000000 -1.0000000000 -1.0000000000
8.0000000000 122.0000000000 10.0000000000 5.0000000000
-1.0000000000 -1.0000000000 -1.0000000000 -1.0000000000
0.0000000000 246.0000000000 20.0000000000 19.0000000000
-1.0000000000 -1.0000000000 -1.0000000000 -1.0000000000
-1.0000000000 -1.0000000000 -1.0000000000 -1.0000000000
-1.0000000000 -1.0000000000 -1.0000000000 -1.0000000000
-1.0000000000 -1.0000000000 -1.0000000000 -1.0000000000
-1.0000000000 -1.0000000000 -1.0000000000 -1.0000000000
-1.0000000000 -1.0000000000 23.0000000000 21.0000000000
-1.0000000000 -1.0000000000 -1.0000000000 -1.0000000000
-1.0000000000 -1.0000000000 11.0000000000 9.0000000000
-1.0000000000 -1.0000000000 -1.0000000000 -1.0000000000
-1.0000000000 -1.0000000000 -1.0000000000 -1.0000000000
-1.0000000000 -1.0000000000 -1.0000000000 -1.0000000000
-1.0000000000 -1.0000000000 -1.0000000000 -1.0000000000
-1.0000000000 -1.0000000000 -1.0000000000 -1.0000000000
-1.0000000000 -1.0000000000 -1.0000000000 -1.0000000000
-1.0000000000 -1.0000000000 -1.0000000000 -1.0000000000
-1.0000000000 -1.0000000000 -1.0000000000 -1.0000000000
-1.0000000000 -1.0000000000 -1.0000000000 -1.0000000000
-1.0000000000 -1.0000000000 -1.0000000000 -1.0000000000
-1.0000000000 -1.0000000000 -1.0000000000 -1.0000000000
-1.0000000000 -1.0000000000 -1.0000000000 -1.0000000000
-1.0000000000 -1.0000000000 -1.0000000000 -1.0000000000
-1.0000000000 -1.0000000000 -1.0000000000 -1.0000000000
-1.0000000000 -1.0000000000 -1.0000000000 -1.0000000000
-1.0000000000 -1.0000000000 -1.0000000000 -1.0000000000
-1.0000000000 -1.0000000000 -1.0000000000 -1.0000000000
-1.0000000000 -1.0000000000 -1.0000000000 -1.0000000000
-1.0000000000 -1.0000000000 -1.0000000000 -1.0000000000
-1.0000000000 -1.0000000000 -1.0000000000 -1.0000000000
71.0000000000 20.0000000000 22.0000000000 11.0000000000
-1.0000000000 -1.0000000000 17.0000000000 10.0000000000
-1.0000000000 -1.0000000000 -1.0000000000 -1.0000000000
-1.0000000000 -1.0000000000 -1.0000000000 -1.0000000000
-1.0000000000 -1.0000000000 -1.0000000000 -1.0000000000
-1.0000000000 -1.0000000000 -1.0000000000 -1.0000000000
-1.0000000000 -1.0000000000 -1.0000000000 -1.0000000000
-1.0000000000 -1.0000000000 -1.0000000000 -1.0000000000
-1.0000000000 -1.0000000000 -1.0000000000 -1.0000000000
-1.0000000000 -1.0000000000 -1.0000000000 -1.0000000000
-1.0000000000 -1.0000000000 -1.0000000000 -1.0000000000
-1.0000000000 -1.0000000000 -1.0000000000 -1.0000000000
-1.0000000000 -1.0000000000 -1.0000000000 -1.0000000000
-1.0000000000 -1.0000000000 -1.0000000000 -1.0000000000
-1.0000000000 -1.0000000000 -1.0000000000 -1.0000000000
-1.0000000000 -1.0000000000 -1.0000000000 -1.0000000000
-1.0000000000 -1.0000000000 -1.0000000000 -1.0000000000
-1.0000000000 -1.0000000000 -1.0000000000 -1.0000000000
-1.0000000000 -1.0000000000 -1.0000000000 -1.0000000000
-1.0000000000 -1.0000000000 -1.0000000000 -1.0000000000
37.0000000000 129.0000000000 24.0000000000 25.0000000000
-1.0000000000 -1.0000000000 24.0000000000 8.0000000000
-1.0000000000 -1.0000000000 -1.0000000000 -1.0000000000
-1.0000000000 -1.0000000000 -1.0000000000 -1.0000000000
-1.0000000000 -1.0000000000 -1.0000000000 -1.0000000000
102.0000000000 240.0000000000 27.0000000000 25.0000000000
-1.0000000000 -1.0000000000 -1.0000000000 -1.0000000000
-1.0000000000 -1.0000000000 -1.0000000000 -1.0000000000
-1.0000000000 -1.0000000000 -1.0000000000 -1.0000000000
-1.0000000000 -1.0000000000 -1.0000000000 -1.0000000000
-1.0000000000 -1.0000000000 -1.0000000000 -1.0000000000
-1.0000000000 -1.0000000000 -1.0000000000 -1.0000000000
-1.0000000000 -1.0000000000 -1.0000000000 -1.0000000000
-1.0000000000 -1.0000000000 -1.0000000000 -1.0000000000
-1.0000000000 -1.0000000000 -1.0000000000 -1.0000000000
-1.0000000000 -1.0000000000 -1.0000000000 -1.0000000000
-1.0000000000 -1.0000000000 -1.0000000000 -1.0000000000
-1.0000000000 -1.0000000000 -1.0000000000 -1.0000000000
-1.0000000000 -1.0000000000 -1.0000000000 -1.0000000000
-1.0000000000 -1.0000000000 -1.0000000000 -1.0000000000
-1.0000000000 -1.0000000000 -1.0000000000 -1.0000000000
-1.0000000000 -1.0000000000 -1.0000000000 -1.0000000000
-1.0000000000 -1.0000000000 -1.0000000000 -1.0000000000
-1.0000000000 -1.0000000000 -1.0000000000 -1.0000000000
-1.0000000000 -1.0000000000 -1.0000000000 -1.0000000000
-1.0000000000 -1.0000000000 -1.0000000000 -1.0000000000
-1.0000000000 -1.0000000000 -1.0000000000 -1.0000000000
-1.0000000000 -1.0000000000 18.0000000000 11.0000000000
-1.0000000000 -1.0000000000 -1.0000000000 -1.0000000000
-1.0000000000 -1.0000000000 -1.0000000000 -1.0000000000
-1.0000000000 -1.0000000000 18.0000000000 19.0000000000
-1.0000000000 -1.0000000000 -1.0000000000 -1.0000000000
-1.0000000000 -1.0000000000 -1.0000000000 -1.0000000000
-1.0000000000 -1.0000000000 -1.0000000000 -1.0000000000
-1.0000000000 -1.0000000000 -1.0000000000 -1.0000000000
-1.0000000000 -1.0000000000 -1.0000000000 -1.0000000000
-1.0000000000 -1.0000000000 -1.0000000000 -1.0000000000
-1.0000000000 -1.0000000000 -1.0000000000 -1.0000000000
-1.0000000000 -1.0000000000 -1.0000000000 -1.0000000000
-1.0000000000 -1.0000000000 17.0000000000 17.0000000000
-1.0000000000 -1.0000000000 -1.0000000000 -1.0000000000
-1.0000000000 -1.0000000000 9.0000000000 12.0000000000
-1.0000000000 -1.0000000000 -1.0000000000 -1.0000000000
36.0000000000 227.0000000000 19.0000000000 8.0000000000
-1.0000000000 -1.0000000000 -1.0000000000 -1.0000000000
-1.0000000000 -1.0000000000 -1.0000000000 -1.0000000000
-1.0000000000 -1.0000000000 -1.0000000000 -1.0000000000
0
